1.10535	0.70159	0.13409	-1.04355	-0.87047	-0.09623	-1.26436	-0.10745	0.34717	-0.15148	0.20199	0.08497	1.02150	-0.53392	-0.61708	0.31846	0.63317	0.10131	0.92280	-1.66181	0.62096	0.31429	0.57076	0.16550	0.28001	-0.42602	0.18772	0.10350	0.83360	-0.34513	1.29376	0.05609	0.89014	-1.12508	0.40684	-1.41846	-0.36509	1.34043	0.12847	-0.13986	-1.77981	0.48575	-0.26763	-0.82658	0.05434	-0.55037	-0.80699	1.68426	-0.70293	0.69928	-0.71750	-0.40509	-0.11942	0.12237	0.03463	1.75341	1.38521	-0.02849	-0.94920	0.02662	-1.82092	0.18836	-0.99501	0.06527
0.09589	-0.66214	1.74158	0.95555	-1.19422	0.27620	1.79868	0.06247	-1.35697	-0.87916	-1.23412	-0.19522	-0.32357	0.15053	-0.72778	0.24271	-0.22353	1.18162	-0.60813	1.98901	0.58946	-0.55510	0.64361	-0.27811	0.35722	1.19289	0.58238	-0.10209	-1.90519	-0.66029	0.83958	-0.86389	-1.03377	0.26022	-0.94806	-0.73928	0.27605	0.41846	-0.08365	-1.50148	-0.27343	-0.72011	1.28971	-0.14095	1.21198	-0.87902	0.34030	-0.86508	-0.24732	-0.37217	-0.52125	1.02680	1.00460	-0.08401	0.08845	1.77897	-2.52621	-0.00532	-0.54155	-1.31416	-0.18993	0.78620	0.08822	1.72908
0.38779	-0.90113	0.00158	-1.55426	-1.22955	-0.36353	1.32913	1.30259	0.12497	1.47902	-0.25892	1.55664	2.05992	0.22726	-1.73965	1.55319	0.37478	0.94637	1.05628	0.40115	-0.54759	-0.27203	-1.10463	1.35050	0.88662	0.12545	0.88978	-0.69343	-0.58543	0.98723	0.77116	0.80921	-0.39107	-0.69333	-0.17069	-0.70937	-0.19171	-1.32951	1.09249	-0.38122	-0.01403	-0.96635	-0.55206	-0.76429	0.52699	-1.01581	-1.15641	-1.04461	0.05573	0.45120	-0.10890	-1.03241	-0.60210	0.77238	-0.65024	-0.39491	-0.28363	-1.21879	-0.29025	1.74230	1.35637	0.09233	-2.60248	-1.70809
-0.06338	-0.22106	-0.10090	-0.37270	0.91561	-1.06525	-0.34905	-0.27726	-1.33908	-0.71036	0.56977	-0.27365	-0.62714	0.50943	-0.32822	-1.65369	0.99837	2.21265	1.66936	-0.86798	-0.32778	-0.54954	-1.98512	-1.02205	0.28415	1.52524	0.49079	-0.71221	0.81574	1.10057	1.44294	-1.14004	-0.90198	1.79280	-0.17101	-0.36367	0.52222	-0.47781	0.69425	0.19120	-0.14326	0.88000	0.49140	-0.58106	-0.20508	0.41459	0.97470	0.15738	0.26946	0.77189	-0.32189	1.21553	0.45291	-0.70946	-1.35691	-1.20271	0.66934	-0.36827	-0.45971	0.65808	-2.12494	0.06264	-0.17591	2.65517
-2.14752	0.61077	-1.60467	-0.02789	-0.41733	1.75072	-0.96252	0.15989	0.11284	0.92683	-1.42184	-1.24481	-0.19500	-0.26332	0.43541	0.65478	0.61017	2.68249	-0.73664	0.16193	-0.12407	0.83464	-1.07123	0.02042	1.90847	0.12200	0.02689	1.03835	-0.46384	1.28197	0.87403	1.14130	-0.23612	0.96411	-1.53473	0.65034	-0.39191	-1.61304	-1.01002	1.65298	0.23063	0.55236	-0.01779	0.16719	0.10255	-1.55115	-0.07816	0.78289	-0.60200	-1.12525	-0.68328	-2.09928	-0.18486	-0.00309	0.36698	0.09553	1.13391	1.28527	-1.18197	-1.41974	-0.08187	1.87812	-0.39610	-1.89883
-0.82074	-0.20123	0.31960	-0.48875	0.21133	0.84420	0.54856	0.83705	0.68801	-0.54230	-1.86476	0.68221	0.92463	-1.18449	1.08314	-0.42950	0.73475	1.10589	0.67122	-0.11915	-0.58661	0.47065	0.14994	-2.52685	0.10006	0.59296	1.23572	-0.47081	1.20461	-0.87451	-1.55566	0.32018	0.07152	1.05586	-1.78232	-1.14271	-0.85689	0.76121	0.26069	1.14614	-0.35683	1.01588	0.47232	0.33337	0.44881	-1.61273	1.32350	0.20403	0.69277	0.84433	0.44581	0.18780	1.76303	0.93744	2.15309	0.64562	-1.13918	0.36106	0.28223	0.22554	-1.11977	-0.61820	-0.23367	-1.94378
1.64264	0.74339	1.30618	0.01395	0.24031	0.81151	0.68384	-1.27901	-1.12661	-2.64724	0.65155	0.40787	-1.43008	-0.11462	-2.05275	-0.60088	1.04822	0.42421	0.81979	-0.86589	1.14349	0.89282	2.78269	-0.29176	-1.09061	-0.97269	-1.61968	0.94553	-0.96271	-0.23084	0.05984	0.94458	0.27836	0.54388	-1.01785	-0.50150	-1.51433	-1.34576	1.12635	1.44226	-1.56058	-0.69155	-1.43797	-0.97441	0.26512	2.24941	0.73545	-0.94793	0.63211	-0.79087	-1.08521	-1.11307	0.28580	0.07356	0.20845	-0.58762	0.25786	-0.51235	-0.60184	0.26721	0.85613	0.31173	0.28115	0.09283
1.41021	1.34614	-0.13946	1.15726	0.71197	0.16199	-0.28549	1.53097	-0.57536	1.92493	1.19753	0.09460	1.37817	-1.78918	1.98181	-1.72663	0.12029	-1.92057	-0.68528	-0.90881	-0.17894	-1.61409	0.80848	-1.13839	-0.85761	-0.62349	0.63687	1.52884	0.89908	0.53461	-0.25850	-0.51102	-0.94892	-0.19632	-1.74068	-2.28566	1.37800	0.68222	1.94510	0.03137	0.52277	-2.33060	0.80137	-0.38818	-0.63745	0.99273	0.16855	0.19670	-0.21350	-1.00619	1.15358	0.55576	1.46585	-0.27095	-2.13207	0.88067	0.21547	0.68891	0.35917	0.92725	0.75569	-0.02517	0.35759	-0.12356
-0.75568	-1.91446	1.67522	0.33651	0.54500	1.30511	0.40267	-0.67738	-3.15851	0.04721	1.30364	-1.08954	-0.04614	0.24297	1.40070	-0.17213	-1.86240	2.00733	-1.38360	-1.10798	0.36944	-0.14304	0.51282	-0.36604	-0.72255	0.87044	-1.35279	-0.19380	-0.25289	-0.36462	-0.69866	0.32817	0.15435	1.43298	0.39413	1.73675	-0.47704	1.24169	0.54337	-1.89477	1.04538	-0.35862	-1.33820	0.45150	1.37853	-0.68935	-0.46495	0.36848	-0.88795	-2.03887	-1.66750	0.24068	1.98815	3.04431	-1.06681	-0.31098	0.33291	1.21660	1.45364	-0.31905	-0.77557	-0.95219	1.33694	0.22277
-0.00169	-1.30414	1.10308	-0.23133	-0.00362	-0.42380	-0.08967	0.48874	0.21879	-0.91934	0.95009	0.91272	1.27673	-0.05248	2.31848	1.37238	-0.03450	1.38038	-0.27250	-0.87639	-1.17866	1.08515	0.22652	2.40892	-0.54118	0.15161	1.77492	0.20857	-0.08086	0.70095	-1.04133	-0.12066	-0.98709	0.26200	-0.87317	-1.40139	0.12999	-0.28224	-1.07847	-0.32159	-0.36956	0.62197	-0.24915	-0.12527	0.33041	-1.68089	1.23703	0.10410	0.55368	0.85969	-0.58470	1.32637	0.07544	-0.23135	0.38401	-0.80967	-0.52816	0.55442	1.53677	0.79198	0.34186	0.95938	-0.59087	0.21253
0.75717	1.15077	1.60051	1.07297	1.02877	-0.13033	-0.96858	-0.12837	-0.08411	-1.04132	-1.90588	-0.70450	-1.22695	-0.29214	0.37875	-0.85979	-0.52828	1.26476	-0.68495	-0.44872	0.80457	-0.03133	-1.05454	0.80422	1.18797	0.40030	-0.11121	0.00985	0.31155	-0.01851	-0.15482	-0.96654	-1.72151	0.34590	1.14144	1.61605	0.18655	0.05683	0.94277	0.71829	0.19368	-0.18274	1.06317	-0.17937	0.73641	-0.45759	-1.36040	-2.96557	0.66764	-0.17605	-0.76492	-1.15611	1.18784	1.11576	-1.05650	0.85994	-0.07619	-0.02495	0.93265	-0.72876	-1.94246	-2.16838	-1.00407	1.02968
0.91897	0.41921	1.02976	0.23370	-0.73182	-0.37837	-0.22343	-0.52748	-1.42501	-1.10827	0.60472	0.76861	-1.88648	-0.71931	0.13393	-0.55854	1.97741	-0.27545	0.15843	0.33529	2.08447	0.65125	-0.73607	0.50197	-0.11278	1.14486	-0.59949	0.73903	-0.82405	0.27294	-0.97698	-0.92324	0.81758	0.86786	-0.70654	1.09503	-0.34842	1.94367	0.12435	0.22848	-0.08341	-1.43513	-0.14446	-2.23402	-1.20796	-0.19345	0.45494	-0.58847	-1.29063	1.42739	-0.28243	-2.20771	0.68697	2.08562	-0.99471	0.79157	-2.14043	0.38850	0.70924	-1.42818	2.16293	-0.01320	1.45576	1.36135
-1.27719	0.42023	-0.05507	-0.17128	0.05769	-0.79926	-1.55031	2.76287	-0.21118	-0.53382	-0.15100	-0.42615	-0.37020	-0.00549	-1.27867	-0.40853	-0.81217	-0.55424	1.88822	1.64652	0.04279	1.66793	-0.39367	-0.96476	0.96722	0.13235	-0.23529	-0.96596	-0.45970	-0.29723	-0.71256	-0.53357	0.37929	1.38856	-0.88519	-0.72679	-0.67182	-0.20493	0.27873	0.47631	-0.38027	-0.13637	-0.16730	-0.50926	1.24370	1.38866	-0.18307	-0.47982	-0.03602	1.01096	-0.44462	-0.05144	-0.57413	1.48477	2.23861	1.63021	0.15021	1.29068	0.03972	0.51413	1.53418	0.38186	-1.51326	-0.72320
-1.45786	-0.52981	0.92081	-0.24632	-0.79660	0.81247	-0.36409	-1.23243	-2.26067	-0.13493	-2.33824	-0.56712	0.12439	-0.81401	-0.28060	0.25339	-1.38063	0.05730	-1.28367	-2.22515	1.13996	-0.55678	0.70074	0.25497	0.21064	-0.92727	-0.04510	0.13060	-0.26904	-0.14218	-2.39201	0.21215	-0.82116	0.08419	-1.12516	-1.06271	1.30684	0.17878	-0.74411	-0.92547	-0.00115	0.13739	0.31212	1.05821	0.59958	-1.38753	1.05801	-1.42873	-0.15974	0.79492	-1.66492	1.04376	-1.18609	1.18647	0.58444	1.09495	-0.51128	0.23350	1.11120	-0.97911	0.41876	1.04708	0.03238	-0.51483
0.50171	0.73196	0.31495	-1.04947	-0.36093	1.00919	-1.30368	-0.71199	-0.37551	0.98549	0.29470	-1.55141	1.27991	-2.11672	-0.96322	-1.12902	1.65486	0.36976	0.52679	-0.36617	-0.55218	-0.78241	1.14214	-0.20125	1.26354	-1.24412	0.17178	-0.31051	-0.12179	1.21379	0.68793	0.22667	-0.62380	1.19715	-0.62475	-0.45508	-0.66908	-0.70867	-0.52653	1.10337	-0.29014	-0.54380	1.36052	0.68809	-0.70519	1.69473	0.55986	0.06359	-0.72665	0.52352	-1.02779	0.06956	0.40792	0.71976	-0.01296	2.93399	0.08422	0.26400	0.37755	1.83622	0.24640	1.67244	0.17294	-0.88645
-1.00459	-0.49483	0.64836	-0.83436	-0.49859	0.79553	-0.72220	0.44860	0.62727	0.60464	-0.97681	-0.48110	2.37794	-1.55886	-1.85979	1.47611	-0.09899	-0.92371	0.30874	0.77748	0.22001	-0.21325	0.50584	-0.01144	-0.40919	-1.06942	1.20011	1.05812	-1.16893	0.05302	0.29899	-0.00366	1.22051	1.20906	1.26858	-0.53458	-0.28116	0.39064	-0.31531	-2.14237	-0.23549	-0.51844	0.39240	1.20492	-0.06151	0.88413	1.13339	0.27566	1.11345	1.82040	0.23236	0.05806	0.49535	0.46395	1.52886	-1.75478	0.17663	0.54615	0.24526	1.37936	-0.47257	0.46631	-0.40573	0.09972
-0.64952	-0.11722	0.71290	0.41560	-1.96088	0.65655	0.13645	0.81732	-0.33785	-0.68824	1.89697	-1.61371	0.70890	0.22965	-2.72290	0.23964	-0.28261	-1.33088	0.50552	0.63952	-1.31700	-1.83400	-0.37464	-0.77082	-0.12068	-1.19711	-0.22695	0.12209	1.05777	-2.07954	0.47645	-0.97860	-0.39650	0.92579	0.05028	0.69408	-1.88717	-0.41569	0.46970	-0.26771	1.04223	-0.77715	0.98092	1.97729	0.35597	-0.38362	-0.40641	-2.22767	-1.67892	-0.06176	-1.01941	1.32651	0.56729	1.02952	0.38198	0.40232	1.55958	0.44545	-1.36082	-0.33803	0.59178	0.81246	0.06023	-1.30268
-0.33761	-0.99567	1.21017	0.76275	-0.62906	0.01696	0.38373	-1.13748	0.67138	-0.39197	-2.14397	-0.79366	-0.06482	0.39356	-1.29757	0.23751	-0.20263	1.41666	0.76462	-0.78620	1.76327	-1.30715	-0.98507	1.86384	-0.17987	-0.01761	0.11868	2.32086	0.67752	-0.09787	-0.76518	-0.68806	-0.52543	1.72393	-0.81903	0.95429	-1.18100	0.33312	3.44168	0.74985	1.69319	1.20524	-0.11631	0.31828	2.48894	0.58246	-0.53020	-0.24337	-0.87456	1.11203	1.10335	-0.11863	0.50244	1.19751	-1.91206	1.01307	0.77570	1.86774	1.51115	-1.08462	-0.69312	0.34581	0.03940	-0.56198
0.97119	1.45534	-0.49852	1.77304	0.56912	0.93512	1.15502	0.34341	0.84748	-0.99739	-1.33147	0.60859	0.44587	-0.43800	-0.60749	-0.16701	-0.75359	1.06142	-0.44355	0.85187	0.11766	2.18404	-0.76674	0.09978	-0.43366	-0.50012	-0.53866	0.55618	-1.05446	0.43053	0.29058	-1.85539	1.37733	-0.69425	-1.04122	0.67595	-0.51948	-0.33236	-0.18612	0.55311	0.23331	1.68179	0.57148	-0.29112	2.03981	0.90047	0.83436	1.54912	-1.38413	-0.18603	-0.40090	0.14885	-0.99645	-0.53638	0.35969	2.07371	-0.13063	-0.14891	-0.61642	2.49357	1.44801	-0.87385	-0.02364	-1.66128
-1.06440	-1.21478	0.72560	-0.46140	-0.02442	0.01539	1.86580	0.04679	-0.86324	-0.64770	0.50807	-1.25937	0.41953	-1.63546	-0.66948	-0.85990	0.07939	0.56157	-1.46629	0.88488	0.48011	1.24419	0.14614	0.64392	-0.47263	1.09999	-0.63143	-0.48593	1.13837	2.32905	-0.67596	0.44706	-0.75158	0.84591	0.53977	0.82011	1.30031	-0.08821	-1.49836	-1.20290	0.57110	0.43603	-2.13404	0.73827	0.70929	-2.22209	0.38687	0.63645	-0.03719	0.14817	-0.26223	-0.79635	-1.35057	0.85334	-0.79263	1.57556	0.19759	-0.85033	1.06127	0.22470	-0.31548	-2.38471	-0.54690	2.48999
0.25539	0.28199	0.28849	0.04193	-0.19258	-0.19149	-0.83417	0.92661	-1.40675	0.16787	-0.35185	-0.58387	-1.32638	-1.65504	1.13443	2.15072	0.31337	-0.48777	-0.40239	-0.93025	2.24992	-0.15504	-0.07846	-0.32732	-0.49877	-0.61797	-0.33428	-0.47170	-0.06849	0.34349	0.94511	-1.53257	1.09961	0.55891	-0.32190	0.45723	-1.28064	0.32023	-1.47844	1.90683	0.04730	-0.10438	0.48992	-0.52948	0.60898	-0.10425	-0.73875	-0.51798	1.08619	0.01950	-1.90503	-0.16830	-1.25690	0.79853	0.50717	1.02092	-0.11746	-0.29268	0.31318	-0.48371	-0.54008	1.20941	0.16094	-0.31670
-1.12911	-0.87805	-0.47883	-0.14026	0.80701	-0.10549	0.19682	-0.75255	1.19533	-0.07560	-0.09974	0.54872	-0.25749	-1.39613	0.39555	0.06215	0.34634	-1.89860	-0.78671	-0.36690	0.20768	-0.90555	0.78182	0.10105	0.40421	1.05060	0.01903	1.43577	-1.06236	-0.03808	0.21107	1.25543	1.16066	-0.85017	-0.01912	1.18335	-0.67839	0.67769	0.03194	2.12111	-1.03115	0.17637	0.45561	0.08911	-0.12869	-0.93612	-0.82404	0.26508	-0.76335	-1.07600	-0.10497	0.52890	0.07677	-1.64929	0.74537	-2.19143	-1.47719	-0.75049	0.47392	1.23792	-2.16433	0.43538	-1.19368	-1.69795
-1.89766	-2.71196	-0.70429	0.30203	1.10498	1.02959	0.17205	0.73944	1.24934	0.09454	1.56475	1.55491	-0.50223	1.21331	-0.85061	-0.89576	0.70872	0.84031	-0.91468	1.28979	-1.52057	-1.11582	-1.76740	-0.12264	0.63152	-0.25963	1.91251	-0.70425	-2.21589	2.30469	-0.61762	-0.12595	1.13533	2.20697	0.36423	-2.65004	0.38257	1.19709	0.39289	-1.80421	-1.86217	1.28364	-0.83311	0.89107	-1.80016	-0.45823	-0.54111	-0.69349	1.26236	-0.50151	-1.36556	1.55199	1.68631	-0.69795	0.57229	-1.58131	0.34662	-0.73421	-1.95362	0.58223	-0.72141	-1.03180	-0.09330	-0.37099
-1.35689	0.20046	0.19938	-0.73430	2.09704	-0.38000	0.80943	0.54424	2.47492	-2.20605	-0.09807	2.27915	1.32739	0.38509	1.06361	0.43944	-0.12363	1.86899	-0.86054	1.29967	-1.99026	1.18905	0.08973	2.14711	1.11099	0.41684	0.59917	-1.07436	-1.65076	1.39655	-0.33171	1.73354	1.51013	-2.70952	-0.68898	-2.51587	2.51119	1.33703	-1.22762	-0.12619	-2.77015	-1.72315	-0.51890	0.19471	-0.05767	0.75624	0.18541	-0.24449	2.17676	-1.10968	-0.21734	0.88970	-1.07713	-1.08693	1.28293	0.75649	-1.22164	-0.98606	-1.85971	2.37888	0.29176	-1.18881	-1.64560	-1.16745
1.08524	-0.56103	-1.39807	1.29745	2.45153	0.70564	0.25178	1.47597	0.62136	-1.43006	0.86245	0.35025	1.03198	-1.32970	-0.54274	0.11101	-0.95323	1.92853	1.04528	1.07339	1.68854	0.37555	1.23052	-0.86263	0.12248	-0.50210	0.67600	0.69853	0.07656	-1.18865	-1.83295	2.67337	0.06819	0.28749	0.59720	0.19861	0.54628	0.17933	-1.01508	-1.19951	1.28128	1.16735	0.94005	0.61033	-0.56040	1.46029	-1.31232	0.18847	-0.06983	1.44759	0.61951	1.57557	0.60217	-0.22563	1.82668	0.19405	0.64505	-1.22006	-1.63554	1.12858	-1.57505	2.46065	-0.35218	0.67939
-1.08931	1.75346	3.28089	1.08005	0.09710	0.06282	-0.02342	1.32823	-0.57688	1.20348	1.10129	0.48030	-1.65294	-0.63154	-0.42888	-0.10926	-0.45879	-2.09172	0.46226	-0.28685	0.44735	0.24377	-0.07898	0.49634	0.60489	-1.55774	-0.14352	-0.91299	0.05617	-0.56388	0.50152	0.68860	-1.54692	0.65691	-0.48835	1.85063	-1.68837	0.64087	-1.41719	-0.35890	-1.01689	1.42750	0.00913	-0.96160	0.30400	0.38838	0.11740	1.25897	-0.68888	0.51469	-0.27795	-0.18913	-0.16778	0.27758	-0.05699	-0.93148	-1.16187	-0.33346	1.35192	0.12409	0.02853	0.95691	0.85819	-0.65123
-1.13266	0.09973	0.00782	0.12734	-1.31721	-0.67500	-0.39711	-1.52575	-1.21184	1.43327	0.08160	1.17902	0.89433	-0.78350	0.51936	-0.56052	0.20484	-0.51228	-0.65454	0.54823	0.13158	-0.48173	-0.89129	-0.59093	-0.87500	0.64590	0.76682	1.66474	-1.70383	0.08533	-0.00285	0.72261	-0.90471	0.44795	0.55867	0.67690	0.85097	-1.48104	0.75263	-0.41588	0.01332	-0.49605	-1.31974	-1.35621	0.75853	-1.77209	0.48906	-1.08369	-0.60513	2.46687	0.91578	-0.28703	0.04949	-0.12499	-0.20179	0.21811	0.36060	0.52956	3.36921	1.10698	-1.06177	-0.01964	1.09203	-1.12157
-0.89302	-0.79577	-1.53320	0.50650	0.16315	1.40907	0.49289	0.34185	0.18053	0.94150	1.94272	1.06369	-0.79278	-0.14754	1.39964	-0.26333	-2.04093	0.30988	-0.36490	-1.19949	-0.97366	1.27634	1.45691	-1.34087	-0.45231	1.01329	0.46403	-0.72858	-1.03038	-0.87323	-2.53407	-0.68936	0.75673	1.95335	-0.98217	-0.17685	-0.50003	2.01608	-0.64599	0.05171	-1.25059	2.46418	0.31950	-0.00096	0.23438	-0.73159	0.90452	1.29145	0.38171	-0.88024	0.83977	1.03274	0.59713	-0.92959	2.64801	-0.16882	-2.84040	0.73095	-0.42751	1.18144	-1.81809	0.28240	0.54813	-0.05287
-0.20212	-2.12881	0.08341	0.63433	0.30465	2.09451	-1.04855	0.70814	-1.39097	-0.01525	-0.51286	0.13277	2.13104	-0.94267	0.37065	-0.15072	0.76495	0.27332	-0.94288	-1.19406	-1.43591	-0.00353	1.70444	-0.73952	-0.96918	1.72631	1.40823	0.11891	1.55696	-1.15281	0.80022	-0.08384	0.16991	-0.93759	-0.66880	0.31321	1.21729	-0.18251	-1.02695	-0.01316	1.56160	1.69789	1.33039	0.39059	0.90593	-1.39585	-0.73400	-0.56971	0.12954	0.90574	-1.44567	-0.55652	-1.14669	-0.83121	-0.97173	-1.51924	0.68861	-1.45106	0.00119	0.11512	-0.33234	0.07978	0.58211	-0.89433
-0.23744	-0.65364	-0.11748	0.71677	-0.64658	0.12409	-1.52855	1.65092	0.54888	-0.20562	-0.97226	0.43308	-0.95515	-1.48936	0.29800	2.26390	-1.03050	0.59096	1.87025	-0.48943	-0.96240	0.89655	0.50082	2.14709	-1.64261	1.18756	-0.36441	-0.06675	-0.32336	-1.62989	-0.59578	0.13337	0.20535	0.30014	0.50771	-0.14780	1.14187	0.59922	-1.42086	-0.70124	0.97124	-0.75006	0.01317	0.29218	-0.96470	0.02634	-0.82647	0.48127	-0.34261	-0.26507	0.08621	-0.15831	0.13018	-0.81244	-0.39444	0.87194	0.07412	0.67174	0.66691	-0.31620	-1.20895	-1.21859	0.27358	0.04936
1.30899	0.73023	0.82035	-0.39879	-0.34276	1.61799	-0.92066	-0.95970	-1.07028	-0.84012	-0.58035	-2.26125	0.22264	-1.03737	-1.33163	-1.26549	0.08003	-1.36186	-0.67330	-1.60195	-1.82415	-0.00900	-0.31719	-0.67532	-0.15402	0.06902	0.19537	1.70161	0.40329	-0.79286	2.90734	0.87660	0.51281	-0.33463	0.02108	1.03925	2.13646	0.42788	-0.24140	-0.13686	2.86292	-0.84261	-0.40400	1.17759	-0.40525	-1.67353	0.38580	0.49547	-0.64690	-0.19971	-1.52883	0.98311	0.48964	0.02728	-1.35134	0.40641	-0.46716	0.21714	1.16934	-0.42116	0.21543	-0.39057	1.28167	0.70808
-0.56067	1.34123	-1.06219	-0.23644	0.50076	0.59804	0.59869	0.76680	-1.59443	-0.12812	-0.97697	-0.08398	0.39479	0.24953	2.17225	0.32962	1.66373	0.85729	-0.52764	1.36750	0.41823	-2.38188	-1.28036	1.05894	0.87466	1.00583	0.97995	1.94780	-0.46629	-0.34242	1.43709	0.79802	1.18116	-0.67000	1.38914	0.14241	-0.64479	1.68371	0.99787	-0.61709	-0.28660	2.06762	-0.66757	0.39916	-1.25086	1.11183	-2.43617	-1.30071	-0.52508	1.22824	0.36913	-1.74024	-0.29568	-0.67530	-1.18323	0.46035	0.56123	-0.09907	0.43214	1.44878	-0.53816	0.42939	-0.69223	-0.47271
0.45811	-0.58254	1.38908	-0.14793	1.17741	-0.65752	-0.22683	-0.43671	0.09162	0.00242	-0.94801	-1.26452	-2.04995	0.54283	-0.38610	0.76868	0.51889	1.25682	0.99137	-1.24623	-0.55993	0.13867	-1.04035	-0.56820	-0.46919	-0.79830	-1.79221	0.01425	0.51121	0.77242	0.40192	-0.10838	1.01261	0.25316	-0.83404	-0.41467	0.18882	-1.20491	1.28662	-0.49169	-0.06969	-1.57351	1.24800	-1.25386	1.44805	-0.87668	0.66717	-1.69105	-0.10364	0.18972	2.03981	-1.35539	-0.40016	-0.07606	-0.11717	-0.48041	-0.07012	0.58907	-0.36509	1.33767	-0.04233	0.79680	1.92811	-0.23773
-1.94494	-0.37466	0.80017	0.85879	-3.49576	-0.62336	-0.55874	-1.28479	-0.82789	-0.40441	0.47800	0.76851	-0.31833	-0.21700	-0.15288	1.41459	0.70413	1.88338	-0.07020	0.37159	-0.05790	-0.48899	0.31315	1.36340	-0.72987	0.61204	-1.34146	-1.23926	0.10657	-1.38978	-0.83441	-1.69973	1.16168	-0.68343	0.05366	-1.61262	-2.00321	-0.07374	-0.15916	-0.12892	-1.74753	-0.66817	0.88607	-1.00703	-0.20484	-0.02806	0.42121	-0.47645	0.44665	1.09766	0.35967	-1.64604	-0.03452	-0.47673	-1.72835	0.02921	-0.18545	0.84111	1.81332	-0.10815	-0.66995	0.79778	1.73073	-0.76173
-1.50293	0.99370	-1.48952	-2.48860	1.17248	0.42873	0.23859	1.00848	-1.14979	-0.06270	-0.00062	1.50429	1.52992	-1.16887	-0.02358	-0.02349	0.13253	-0.21631	-2.10869	-0.08857	-2.56009	1.87098	0.61853	0.00347	0.11409	0.66312	-0.19762	0.05390	0.74577	-0.95776	-0.14474	2.24077	-0.31352	0.39168	-0.55009	-1.03516	-0.48971	0.39705	0.49747	-1.63514	0.60446	-0.37536	0.11982	1.22495	-1.48252	-0.69086	0.80315	0.51875	-0.45929	-1.22703	1.78169	1.10434	-1.06987	0.33229	0.90661	-2.47995	-1.31932	-0.37972	-0.42037	1.24036	1.60072	-0.97718	-0.40392	-1.65394
-3.42600	-0.41111	1.63868	-0.61834	-0.67087	0.34811	-0.99797	-1.25592	-0.94427	-1.03492	0.34376	0.34796	-0.81569	-2.13698	0.81258	1.08776	0.15845	-1.07394	0.93199	0.99541	-2.07510	1.24348	-1.56213	-1.36158	0.06143	-0.76694	1.36085	-0.72643	0.28957	-0.06889	-0.82407	0.43884	1.23489	-0.36845	-1.00389	1.65326	-0.75650	0.61189	0.00809	-0.55094	-0.71950	0.22382	1.42178	0.97286	-1.24746	-0.02808	0.82010	-0.76913	-0.25453	0.66538	-1.48447	2.47253	0.98719	-1.01827	-0.24538	2.16659	0.07952	-0.38771	-0.15279	-0.37182	1.37785	-0.93571	0.92286	0.83112
-0.00097	1.23691	0.41668	-0.43529	2.02604	0.14037	-0.93757	-0.52766	-0.64047	0.38696	-0.97251	-0.57540	1.15530	0.66331	-0.83222	-1.80447	0.35335	0.43769	1.19041	-1.10708	0.72804	1.07223	0.34267	-0.75845	-0.18504	-0.26054	0.57822	0.36184	-1.26202	1.09660	-0.92175	0.23452	-0.19048	-1.35697	-1.01526	0.09818	0.39257	-0.47493	-0.10831	0.34353	0.32300	0.00917	-1.43432	-1.42795	0.04372	-1.71139	-0.33340	0.28479	-0.45625	-0.95954	0.78094	-0.18540	0.24450	0.75741	-0.90785	0.99228	0.07283	1.85071	-1.25681	0.21381	0.49605	-1.30444	-0.71490	0.29624
-0.51028	0.44610	-0.63187	0.58792	-0.32813	-3.12816	1.05867	0.23663	0.21583	-1.54263	0.10161	0.44354	2.39427	0.28968	0.20923	1.47414	0.32688	-0.64778	-0.67643	1.00144	1.86327	-0.90415	0.80458	1.45404	0.37367	-0.73644	-0.06011	-0.48682	-0.17384	2.02998	0.92779	1.82555	0.48273	0.20987	1.03354	-0.27200	0.37823	-0.32042	0.90558	0.07139	0.32214	0.83037	0.38397	-1.39234	0.14727	-2.25979	1.17601	1.03188	-0.82013	-0.73986	-1.32178	1.56176	0.20407	0.30530	-0.46418	-0.16504	0.89505	0.49851	-2.77493	0.36687	-0.48314	0.68745	0.33818	1.92285
-1.19364	-1.39197	-1.03128	-1.08985	0.12137	0.07115	-0.43291	2.00852	-0.07285	0.25650	-0.18041	1.52264	2.24741	-1.30199	1.07004	0.85426	0.03910	-0.69985	0.21218	0.29364	-0.80965	-0.11019	-0.51965	0.61999	0.08492	3.57154	0.61053	0.88030	-0.83267	0.21979	1.40639	2.53786	0.15519	-2.18490	-1.17157	-1.32338	0.52425	0.07849	-0.12745	-0.66321	-1.47927	-0.27288	1.77665	-1.04991	1.16570	0.22393	0.19520	2.35686	-0.70155	0.48238	0.93552	1.24585	-0.04317	0.18274	-0.29819	1.25985	0.71418	0.29183	-0.06963	-0.40215	-0.21733	-3.07075	0.89329	-0.25748
-0.86322	1.90991	1.43489	1.18043	-0.66130	-2.10134	0.04220	-1.78163	-0.33914	0.76496	-1.14545	-1.41737	-1.96873	1.69383	-3.45967	-1.03450	-0.46866	-0.82135	-0.09876	-2.55231	0.59388	0.71077	1.50763	0.63431	0.10840	-1.82324	-0.31112	-0.00752	0.28496	-2.88894	2.06502	-0.17322	-1.16582	0.18863	1.32074	1.43809	-2.16775	-0.95660	1.32784	0.52274	-1.58714	0.57855	-2.61073	-2.00801	2.05597	1.63060	0.55368	-2.28225	-0.20686	1.38483	-2.19609	-3.22043	-0.03130	-0.10473	-0.84671	2.50954	2.72590	3.32397	0.73080	-0.17197	2.57460	2.00175	0.28594	0.36524
-1.23942	-1.03053	-0.65766	1.13782	1.61103	-0.44483	-0.43531	-1.38560	0.42574	-0.64727	-0.95503	0.14160	0.40685	1.58781	-0.76475	-1.09702	1.38585	-0.69607	0.06756	-0.19219	-0.99058	0.88905	0.31528	1.06261	0.24944	-0.63535	-1.14190	-0.31157	-1.32743	-0.30391	-3.29686	-0.11710	-0.17224	-0.00349	-0.66026	-0.83523	-0.03830	0.23939	0.12753	-0.15502	0.49984	-2.79845	0.23460	0.23458	-0.18166	1.84144	0.52280	0.88896	-0.31160	1.25567	0.07902	1.02971	-2.45713	0.55041	-0.61040	1.13760	0.64689	0.20128	0.50386	1.47205	-0.27267	0.90573	-0.45691	0.24712
0.21612	0.00224	-0.56476	0.26877	-2.33746	-0.21229	-0.04222	0.51883	0.24168	-0.20010	2.01241	0.23481	0.94939	0.24198	-0.13738	-0.57294	-0.34376	0.62575	-1.71143	-0.84907	-0.05729	0.48503	0.33349	0.88674	0.88612	3.41966	0.76222	-0.53255	0.75857	-0.56037	-1.20987	-0.28072	0.62428	-1.08061	-2.04476	0.02588	1.16802	1.14842	-0.53308	-0.93679	-1.49107	-0.06409	-0.79856	0.17390	0.12016	-0.24669	-0.25997	0.80060	0.34410	0.83287	0.62471	0.77505	0.53909	-0.81939	0.84459	-1.69643	-1.59591	-0.60304	-0.85188	-0.03526	-1.04675	-2.64044	1.05549	1.58795
1.98756	-0.58299	-0.69351	0.97392	-0.53122	-0.97958	0.76964	-0.12309	-1.96091	-0.35260	0.61070	-1.88705	-0.83740	-1.66442	2.02546	-0.63360	0.96447	0.17205	-1.23568	0.71192	-0.79047	-0.48076	-0.40673	0.53068	-0.74120	1.30571	-0.05082	0.50251	-0.35136	-0.98091	-0.26196	-1.53296	0.35256	0.13986	-0.37116	2.78225	0.11273	-1.11467	-1.43927	-0.20036	-0.17350	1.49264	0.60914	-1.10165	0.24054	-0.08207	0.07646	1.61963	0.64578	-0.12738	-0.68321	-0.33987	0.07775	-1.26868	-1.20583	0.19608	1.18174	1.03254	-1.65103	0.27638	0.07360	-0.57493	-0.38327	0.22674
1.37274	-0.21184	-0.49884	-1.43288	0.11919	1.66197	0.78909	1.09214	0.13980	1.64485	-0.68591	-0.45774	0.93140	1.01140	-0.94053	2.35372	0.14103	-2.36421	-0.65991	0.07468	-0.16822	1.22345	-1.09176	0.09954	-1.65042	0.67220	-0.67507	0.00310	0.25158	0.02363	-0.90567	0.00843	2.25581	0.13096	-0.01360	0.45617	0.91450	0.68228	1.80853	-1.04606	0.15574	1.84546	-0.98729	0.09460	-1.67340	-2.30119	-0.62214	1.19590	-1.62633	-0.74870	0.25978	-0.91610	0.08229	-1.07999	1.47341	-0.86518	-0.03735	-1.32595	1.65028	1.31693	-1.41162	-1.04284	-1.45424	-0.79832
0.20549	0.97744	-0.73426	0.19287	1.20914	0.87335	-0.70196	0.11136	1.44675	-0.73502	-0.48743	-1.20039	0.72523	-0.06107	-1.02970	-0.49251	-0.31681	-2.22415	-0.22050	1.05661	-0.35003	0.14956	0.91555	-1.69902	0.69066	-0.96408	-0.63954	0.68202	1.39754	-0.94465	1.05738	-0.28773	-1.57277	0.62001	-0.22635	-1.43792	0.28662	1.87343	-1.54929	2.19280	-1.28630	-1.04255	1.57149	-0.03521	-0.30306	1.22654	-0.85434	-0.96237	0.83913	-0.59882	-0.51558	-0.43515	0.54616	-1.04877	-1.82606	-0.30196	0.75299	0.43492	0.70052	0.49591	1.02902	0.06925	0.13149	-0.46727
1.30978	-0.53613	0.68227	0.41335	0.59919	-1.19972	0.66455	-0.03212	-0.53326	-0.18368	-0.72516	-1.37467	-0.75694	0.59980	0.31576	0.74422	0.42971	-0.28539	-0.83552	0.12190	0.81217	1.81881	0.54697	-0.73978	-1.09959	1.18380	-0.02249	0.10060	-0.11545	-1.15210	0.72224	-0.27263	0.78402	1.11020	-1.37720	1.56510	-0.29748	-3.18485	1.04835	0.46311	0.72775	-0.85332	2.17953	0.88949	-0.18103	-0.54006	-2.28980	0.23741	-1.24640	-0.72057	0.49799	0.70764	-0.39960	-0.26443	0.11252	0.27743	2.43935	0.41466	0.33599	-1.40583	0.29001	-0.03237	-0.81279	-1.25349
0.76636	-1.41458	1.00952	-0.42497	-1.60422	0.23257	-1.05835	-1.33524	1.86854	0.80112	0.84522	-0.15942	1.11210	1.09665	1.14491	-2.85588	-0.01169	0.60363	0.16613	1.58172	0.00324	-1.80054	-0.30933	1.15887	-0.76704	-0.94911	1.74414	-1.08909	0.26749	-1.16671	-0.95121	0.35674	0.17129	0.16682	-1.07791	-0.09754	0.53996	0.88099	-0.68350	-0.32477	0.86394	-0.31602	0.10299	-1.90176	0.09451	1.14264	0.44030	0.49579	-1.02737	1.83894	0.29929	-0.99518	1.38247	0.57052	-0.23306	0.15386	-1.40820	1.99342	2.41801	-1.18473	0.71880	-0.53434	0.11087	0.01689
-0.48192	-2.43398	-1.92686	-0.71634	-1.00189	0.85043	0.01843	0.63733	2.05704	-0.45315	0.36572	0.66539	0.42012	-0.59156	0.15287	0.67404	-0.67686	-1.64670	0.08974	-0.56957	-0.19079	1.80232	-0.18989	1.54114	-0.78407	1.03546	1.56181	0.00031	0.06626	-0.34636	1.70009	1.34700	1.39120	-1.16574	0.11097	0.50131	-0.07365	2.17697	-1.09961	-0.65724	0.74290	-0.04725	-0.25745	3.43165	0.90406	-1.85686	0.36180	-0.38613	1.25346	-1.54442	1.24835	1.14662	1.86293	1.73847	-1.01033	-0.57875	-2.49359	0.84024	-0.79198	1.72027	-0.81741	-1.71962	-0.08748	0.60848
0.04459	0.85627	-0.10554	0.66426	-0.47812	-1.68031	-1.65978	-0.87530	-0.55410	-0.66741	-0.97881	0.71008	-0.55818	0.87913	1.08243	0.95731	-0.55192	-0.21376	0.03560	-1.03964	0.20776	-1.67947	0.91438	0.58785	1.31860	-0.57949	-0.05925	1.50808	-0.12474	0.08697	-0.40160	-1.03823	-1.18815	1.02452	-1.02179	-0.30565	-1.06529	-0.60509	-0.26164	0.83376	1.03046	-0.01002	0.53499	-2.48793	1.11286	1.66391	0.54980	-1.81670	-0.74793	-0.09261	-0.43194	-0.00252	-2.37402	1.51948	-1.54875	1.60980	-0.15003	0.40255	-0.41553	-0.26972	0.33912	0.55870	0.95149	0.49118
-1.10661	-1.79834	-1.91324	-0.61618	-1.49789	-0.22025	-0.32936	1.81365	0.64225	-2.01289	1.37173	-1.66133	-1.03822	-0.26450	-2.06655	0.52739	-1.43312	-0.08873	-0.32285	0.24767	0.51355	-0.96592	-1.17975	1.23622	-0.55825	0.83075	0.98301	-0.28276	-0.06976	-1.64286	0.42708	-0.21279	-0.07108	-1.84197	-1.93772	0.51392	-0.02741	0.28280	-0.20877	1.34954	-0.92558	-0.51699	-0.27529	-0.41709	0.82554	-0.37008	1.55338	-0.37526	-0.52030	-0.42418	-0.23154	-0.87649	0.41490	-0.30105	0.30917	-0.98836	0.69496	-0.85529	-0.49381	0.88355	1.07186	0.47886	-0.56325	-0.77555
0.32766	-0.11004	2.23327	1.32328	-0.99119	-0.57564	1.02070	-0.98009	-1.25805	-0.93286	-0.74803	-1.24286	-3.02807	0.32666	-0.58484	-0.28015	0.69747	1.59359	-1.72148	-2.24281	-0.03673	0.69084	-0.89299	-0.06348	-0.38462	0.37837	-0.64692	-2.54364	-1.96690	-0.40524	2.53569	-0.51060	0.67269	0.35217	-0.45543	0.10994	0.74828	-2.03823	-1.10059	-0.09040	2.25845	-1.28002	-0.54031	-1.40214	-0.13569	2.98419	-1.81972	-0.25596	1.11661	-0.67366	1.40646	0.25586	-0.85998	-0.72077	-0.35587	-0.53358	-0.99742	0.22822	0.72061	-2.89957	-0.70018	0.23944	-0.54855	1.47160
-1.79217	-0.52417	-0.61527	-0.01702	0.54729	1.05129	2.01304	1.90442	3.06930	-0.52975	-0.53265	-0.65296	0.44203	-2.54738	0.56954	1.49409	1.09057	2.23233	1.07348	0.72842	1.11988	-1.58355	0.01951	-0.61803	0.31058	0.25752	-0.87193	-0.22663	-1.00701	0.41309	-0.43405	1.05197	0.44307	-1.93842	-1.01808	0.11517	1.06669	0.32683	0.25782	-0.81553	0.53604	0.92840	1.35890	0.32070	0.56905	-1.83708	0.38690	0.82249	1.05339	0.90009	0.47565	0.52057	0.76255	-0.51938	0.56081	0.31417	-0.52389	-0.24797	-0.16764	2.13212	-0.89052	1.32398	-1.54438	-0.30984
-1.99241	-0.78335	-1.35036	0.23854	-0.74975	-1.57153	-0.31356	-0.41939	0.06826	1.25069	0.93050	-2.24795	-0.22935	-1.31228	-0.14087	0.57031	2.30287	-0.29176	-0.72306	0.22819	1.02770	0.32711	-0.49089	0.38910	-1.36380	1.56579	-0.07443	0.35247	-0.20248	0.44738	0.32424	-0.02865	0.82094	1.48814	1.42150	-1.05583	0.07351	-0.18075	1.53743	0.25941	-1.41066	0.75252	-0.23354	-1.74951	-0.05320	1.56258	0.00771	0.56131	-0.57614	0.61479	1.43237	-0.94466	-1.83226	0.57265	0.37386	-0.51715	0.98167	-0.21077	-1.24193	0.02747	1.77600	-1.03140	2.23460	-1.25744
-0.83729	1.53835	-0.77814	-0.08326	-1.31722	-0.31028	-0.03953	-0.39077	-0.79386	0.16543	0.10305	-0.49480	1.59969	-0.08861	1.73060	-0.73604	-1.63946	1.16749	1.11011	0.30843	1.56258	0.63929	0.07870	0.17245	0.07069	0.61584	0.60312	0.35550	0.53243	0.40133	-0.62722	1.20053	0.05632	0.28654	-0.82503	0.36231	-1.31497	0.26729	-1.07541	0.62145	-2.80877	0.35613	-0.56640	-0.92084	-1.79154	-1.66065	0.82853	-0.40841	-1.01264	-0.85494	0.25910	-0.37797	-0.16277	1.80660	0.24550	-0.54776	-0.62721	-1.49273	1.17046	1.26369	0.43660	0.02829	0.02248	-0.64223
0.62231	0.15368	-0.41311	-0.09676	0.54158	1.29595	0.42993	0.30149	-0.44241	0.61948	-1.25530	-1.12491	0.56349	0.26202	-0.98229	1.30212	2.16174	1.47795	-0.44660	-0.24647	0.65247	1.41576	-0.85086	-0.80354	-0.29933	0.00810	1.36291	1.87540	-0.60900	-0.18298	0.05465	0.55688	0.89959	-0.58801	-0.52422	0.20523	0.35400	1.89622	0.37685	-0.91154	-0.12432	0.34846	1.50866	0.27789	-1.87267	-1.62535	-0.62654	0.13403	0.76767	-1.18832	0.60100	-0.25218	-0.25681	-1.17555	0.82592	-0.29986	-0.78912	0.07316	-0.62622	-0.02540	-0.03387	-1.48518	-0.41875	-1.19547
-0.09961	-0.70657	-0.57640	0.54876	0.74062	0.30005	0.47999	0.38489	-0.36117	-0.78763	-0.70793	0.56263	0.96009	0.10979	-1.94308	-0.47407	1.03126	-0.89476	-1.21260	1.12523	0.48333	-1.25796	0.67678	0.58216	-0.91311	-1.11674	1.15443	-1.13621	-0.50188	0.57419	-0.71168	1.48842	-0.63167	0.42645	0.92246	-0.64044	-2.41615	-0.95757	-0.62390	0.76324	1.47986	-1.00855	-0.50024	-0.66581	1.07621	-0.04890	0.06402	0.07993	-0.53084	1.50703	0.55528	-0.10739	0.19986	0.95460	-0.44920	-0.35159	0.61994	-1.47009	-1.14508	0.50552	-0.19649	-0.73443	-0.68391	-0.62878
0.24251	0.85592	-0.38323	-0.16729	-0.30573	-0.49648	0.06093	-0.41871	0.92455	-1.92033	-0.13704	-0.29080	0.18076	-0.39308	-1.07101	0.84647	-0.44630	0.84469	0.25060	0.85140	-0.11344	-0.71161	-1.73336	0.75448	1.09036	0.63519	-0.45899	-1.06056	1.57553	0.34007	-0.29656	1.66871	0.15568	-0.89768	1.72017	0.51966	-0.73164	0.99661	0.61693	-1.23497	-1.02769	0.18342	-2.19466	2.18926	-0.72027	1.11070	0.54579	-1.24254	-0.01606	1.65211	-0.28624	-0.67018	-0.84793	-1.81389	2.00416	0.15729	1.55588	-0.90605	-0.72445	-0.78467	-0.26144	-0.31787	-0.77502	-1.53460
-1.85145	-1.43298	-1.16939	1.07225	-0.50579	1.03691	0.10639	-1.36819	1.63833	-0.35216	3.54665	-1.18027	0.86347	0.30562	0.73282	-0.64132	1.12942	-0.56156	-0.37439	1.71356	0.19212	1.02584	-1.52729	-1.46865	0.65583	1.67671	0.77854	0.12599	-0.78762	1.64719	-0.23564	0.57481	-0.70703	-0.16412	1.68075	-0.87735	0.22820	0.55466	-0.66376	-0.29072	1.41514	0.48981	0.25581	0.65021	-1.60108	-0.80022	-2.02565	-0.96595	0.61340	-0.36792	2.50902	0.91904	0.34543	-0.53688	1.11781	0.12692	1.72325	1.70152	-0.92195	2.15722	-0.12787	-1.98674	1.95925	1.53699
-0.45801	-0.68263	-1.13481	-1.56820	-1.84589	-1.02772	-0.08254	-0.00672	-1.14136	-0.70805	0.62311	-1.08875	-0.10912	2.03268	-1.45153	0.22105	-0.01759	-0.34529	-1.66653	0.37405	-0.52524	0.35975	0.51203	-1.68728	1.28786	0.39752	-0.18210	0.39787	0.39393	-1.14731	-0.46578	1.09741	-0.48534	-0.18158	1.04453	1.94867	0.04936	-0.22022	0.68219	-1.38083	1.90967	-0.96652	-1.04286	0.56203	-0.26680	0.01047	-1.67886	1.04630	0.81381	0.20533	0.34075	0.41633	-1.11072	-0.65863	0.83097	1.15933	1.61457	1.61275	0.79944	-0.27811	0.78983	0.56945	1.42280	-1.07673
0.53597	0.60291	-0.27881	-0.93914	-0.02532	0.06807	-0.52325	-0.80847	0.50131	-0.32849	0.83535	-1.59642	1.47255	-1.60690	-0.78460	-0.47188	1.26897	-0.06856	-0.00361	0.35542	-0.23777	1.52670	-0.93910	-2.14327	0.37120	-0.70686	1.06932	1.74351	0.06766	1.44525	-0.90075	-0.63725	1.97592	0.54998	-0.51004	-0.05443	1.47771	1.34935	-1.18310	-1.66831	0.24563	0.04501	1.31297	-0.08385	0.85763	0.29887	-0.35750	-0.01446	-1.37545	0.73535	0.35236	-0.51899	-1.03819	-1.75167	0.10778	-1.50500	-0.43017	0.58392	-2.86491	1.49970	-0.11967	-0.38732	-0.17250	-0.70242
-2.32297	-1.25653	-0.66777	0.23640	-0.04475	-1.15222	-0.05930	0.30913	-1.15011	-0.53288	1.22694	0.73401	-1.04944	-0.82935	1.93537	-2.36048	-0.70285	0.94485	-0.62946	0.90045	0.30046	-0.06961	-0.98310	-1.27622	1.27529	-1.27495	-0.96091	1.14352	0.45281	-0.38424	-0.52180	-0.93915	-0.74814	1.16982	0.68961	1.46387	0.61082	-0.22266	0.49238	1.23344	-0.63697	1.14823	-0.27195	0.19701	-1.80431	1.52518	-0.67237	-0.75042	-0.93286	0.71291	0.91620	1.32730	-0.87291	-0.04084	-0.38823	0.05641	1.86055	-0.15838	-0.29946	-0.49331	-0.68288	-0.08076	0.64297	-0.44651
-0.73194	-0.57759	0.61753	-0.41944	-0.39446	-0.02402	-1.75035	0.42072	-1.25021	1.68775	-1.68217	-1.68994	-0.51425	-0.47057	-0.26642	-1.46586	-1.07710	-0.32502	-1.34218	0.81136	0.77778	-2.22424	0.50860	2.15942	0.52621	-0.36761	0.22274	2.33312	1.50694	1.43655	1.04414	0.45964	-1.07374	-0.51290	-1.62114	0.26075	-1.68255	-0.60171	0.66767	0.63310	-0.27448	0.59766	-0.57265	-2.56078	-0.10715	-0.18351	1.85388	-0.58833	-1.11702	1.95755	-0.77825	-2.24666	1.50729	-0.94312	0.50052	-0.92626	1.29431	1.15127	0.56942	1.22398	-0.50810	0.83351	1.82299	0.56222
-0.83772	-2.23448	1.43450	-1.14568	0.64083	0.25816	-2.10059	-0.75708	1.32574	1.25173	0.23764	0.89051	0.30658	-0.59537	0.48282	-0.56875	1.11848	1.23390	0.16912	-0.17174	-0.96137	-0.33268	0.32902	2.41994	-0.06932	-0.19743	-1.10951	-0.68281	-0.76546	0.00264	-0.30524	-0.80593	1.45372	0.16103	-1.73596	0.63681	0.51057	-0.64103	-1.46987	-0.86590	-0.35412	0.53729	-0.03638	1.62173	-1.42188	1.44950	-1.48902	0.50420	-0.44152	-1.54622	-0.31975	1.90333	0.28863	-0.51275	0.49073	0.58437	-0.17341	1.20720	-0.61715	1.81573	-0.02461	-0.45483	0.05069	1.17292
0.26729	-0.07562	0.28540	-0.74583	1.77395	-1.20564	-0.64761	0.46611	-1.12547	0.84797	-1.01771	-1.43428	0.30560	-0.74612	-0.40632	1.16831	-0.92519	-0.65725	1.38685	0.06115	0.50969	-1.91900	-0.57233	1.52671	-0.09102	1.43183	0.57479	-2.26342	-0.68359	-2.15005	-1.48164	-0.10597	0.37613	0.12858	-1.01908	-0.49358	-1.67769	3.50348	1.35884	-1.43272	-0.10822	-0.64763	0.15931	1.43771	1.81680	-0.74556	0.23566	-0.80400	-0.99632	-0.88203	-0.22517	0.27612	1.10652	-0.58079	1.50801	-0.30585	0.95903	0.45319	-0.55366	-0.40773	-0.27759	-0.09806	0.07109	0.38275
-0.59472	0.86019	-2.24102	-0.04653	-1.04935	-0.77673	1.52833	-0.23652	-1.18593	-1.17564	-0.16745	-0.15481	-0.52179	2.00990	-0.14261	-1.07936	-1.51944	-0.59821	-1.02423	-0.04250	-0.14112	-0.67933	0.04683	-1.47782	-0.72362	-0.69099	-0.79560	-0.69324	2.54300	0.37671	2.58029	-0.98478	0.10301	-1.36210	-0.29284	3.10387	1.19492	-0.43422	-0.26758	0.41129	0.81348	-0.93063	-1.12251	0.29484	0.73976	0.24501	-1.01757	1.34236	0.09406	0.78274	-1.48357	-1.07039	-0.29123	0.41567	-1.21197	1.19933	-0.46102	0.67677	0.67102	0.07752	-0.57032	1.43303	-0.29657	0.22671
-2.41204	0.24275	0.13206	0.08288	1.02867	-1.24870	0.31336	-0.24611	0.30086	1.07319	1.28584	0.53075	-1.60431	0.92564	-1.74071	0.57511	-0.89239	0.54614	-0.59761	-0.01254	1.13599	-0.80439	0.20277	0.31199	-0.01577	-0.83551	0.49557	-0.00070	0.57266	-0.31196	-1.23954	1.34764	-0.43425	-0.26971	-1.87724	0.05634	-1.23800	-0.03820	0.11022	0.16526	-0.70645	-0.55422	2.46777	0.32311	-1.04438	-0.87992	-0.39571	2.50420	3.07264	0.18079	0.02248	0.28358	2.34571	-1.59868	0.40883	-0.08514	0.13170	2.66980	-0.88549	1.14265	-0.43067	0.39192	-0.57058	0.30307
0.57277	0.74372	-1.49448	1.04280	0.76986	0.38601	-0.17745	1.18680	-1.60204	0.35165	-1.12245	1.26526	0.77807	-2.38554	-0.24025	0.32425	0.92989	0.68557	1.79911	-1.16084	-0.52427	-0.49084	-1.86362	0.05434	-1.47606	0.20602	0.80401	-2.49013	-1.65071	-0.93031	1.10218	0.09891	1.69226	1.12750	-0.18561	0.23264	-2.00550	-1.24938	-1.20023	-0.41389	-1.92761	0.12876	1.04179	1.08955	1.26097	0.18222	-0.98641	-0.00915	0.42300	-1.23794	-0.06347	0.98860	0.30495	0.08198	0.01244	-1.69369	-1.37512	1.09754	-0.73488	2.21300	0.79665	0.08653	-1.58463	0.43688
0.81791	0.34489	-0.41571	-0.65959	1.67635	0.61746	0.46317	0.41606	0.11850	-0.62706	-1.04167	0.21936	0.08928	0.05209	0.30635	-0.00242	1.99231	-1.14282	0.63204	0.71875	-1.19193	0.86896	-1.87984	1.18946	-0.68873	0.77240	0.94011	-0.16709	-0.22558	-0.62976	0.69326	-0.20063	0.43529	-2.17332	0.94690	-1.28498	1.13830	0.71939	-0.39509	-0.91813	-2.29932	-1.26487	1.34148	-0.46989	-0.87956	0.17916	-0.85464	0.72790	0.59741	-1.33803	0.03097	0.68323	-1.35607	-0.11502	1.27586	-0.65183	-0.08515	-1.56411	-1.75694	0.93826	1.09092	-0.94727	0.28965	-0.97391
-1.51273	0.29777	-0.57293	0.46892	0.89159	1.19321	-1.57967	-0.55215	0.66744	0.54788	0.11445	1.81855	0.49821	1.44519	0.28601	0.90815	-0.50929	0.66049	-0.18119	-0.50306	0.66382	0.83929	0.07116	0.25259	0.50532	0.43669	-0.97871	0.59461	-0.61098	0.77030	0.55016	-0.96741	-0.11669	-1.92835	-0.53297	0.26063	-1.53716	0.71485	-0.21419	-0.53612	-1.38760	0.24055	-0.72744	-0.13897	-0.45566	-0.45018	1.19456	-0.10464	-0.01130	0.30128	-1.39761	0.31153	0.86854	0.78256	-1.64148	-0.23328	1.05841	0.62052	0.18630	-0.07723	-1.10887	0.00391	-0.70188	-0.15618
0.43107	-1.72025	0.47359	0.65878	0.25563	-0.48404	-0.02391	-0.28467	0.99306	-0.16818	1.55746	-0.54038	1.79589	-1.53578	1.76805	-0.55530	-0.94581	0.02292	0.90510	-0.97915	-1.05890	1.42019	-0.35482	0.07124	1.24015	0.06122	1.18395	0.03637	-0.04954	0.01342	-1.00386	-0.49488	0.65875	-0.71233	-0.22616	-1.39365	1.27586	-0.24799	0.46876	0.86739	-0.32908	-0.24865	0.81062	2.38989	-0.73037	0.60785	-1.75524	0.79457	1.06411	-0.89789	0.12091	-0.77280	-0.27888	0.48690	-1.31111	0.79541	0.85547	-0.36351	0.25190	0.76964	0.69557	-0.69303	-0.89765	0.36966
-0.69011	-0.73548	0.33388	-0.08219	0.19471	1.19093	0.08257	-0.47728	-0.33170	0.60698	0.99459	0.01820	-0.06607	0.39899	-0.47224	-0.98273	-0.63870	1.57794	1.22131	0.21521	-0.21002	0.53544	1.04695	0.41079	1.01254	-1.04720	0.27981	-0.90473	-0.88773	-1.28025	-0.81890	0.02057	0.16790	0.26573	-0.06678	1.08989	-1.06672	0.64379	-0.36515	0.50154	-0.24770	1.66112	1.37196	-0.25380	1.68428	1.83503	1.61748	-1.20629	-2.59755	-0.20826	-0.41326	-1.13800	-0.40097	0.12184	-0.74388	1.51230	-0.84521	0.29739	-1.16652	-1.69943	0.31224	-1.16235	0.95893	-0.21604
0.56157	-0.33201	1.06713	0.57515	0.79585	1.25344	0.86667	-0.44931	0.21893	-0.94764	2.16181	0.51441	0.51581	-0.24482	1.50735	-1.06961	-0.43732	-1.10486	0.56433	-0.98066	1.28427	0.23925	0.33578	0.73556	0.38017	1.23019	-0.37426	0.72651	1.30348	1.23903	-1.13513	0.16171	0.82721	-0.08416	1.04132	0.25824	0.40086	-0.71219	0.80165	-2.23228	0.37818	0.55158	-0.36112	-0.38285	0.17442	0.46696	1.10892	-0.58864	0.80019	-0.18072	-0.65895	0.04393	-0.25472	-0.98689	0.58625	1.73368	-1.34908	-0.03465	0.92539	-0.00347	0.60220	-0.40575	-0.34323	0.72454
1.11178	0.58080	0.89782	1.35881	0.98068	0.18693	0.17872	-0.45694	0.06132	2.00197	2.39274	-1.15663	-1.25458	-1.21202	-0.20598	-0.95353	-0.35140	-0.33179	1.11843	-0.50758	-1.24186	0.96607	2.14285	0.38258	1.60318	1.28162	0.31264	0.80213	0.78766	-0.90384	0.30172	-0.32678	1.17382	-1.03205	0.31730	-0.56912	0.21105	1.53594	0.61574	-0.11489	0.60944	0.21012	-0.55703	-0.49560	0.33887	0.29529	-1.43351	-0.68840	-0.32947	0.22499	1.17386	-0.79692	-0.46576	-1.07892	-0.15227	1.59632	-0.14204	-0.31144	0.58300	0.86620	-0.49931	-0.23319	-0.54025	1.23812
-1.12682	0.79072	1.65841	-0.21711	-1.22861	0.14333	0.84793	-0.31660	-0.18943	-0.37514	-0.75356	1.04746	0.69866	2.10613	-0.28168	-0.33673	0.48801	0.00224	0.40340	-0.71055	-0.79419	-0.35500	1.35369	0.16083	-0.69706	0.60439	-0.13801	-1.57651	0.24231	-0.25783	0.51000	-0.89005	1.54746	1.83599	-0.53869	0.81516	-0.06124	-1.49994	0.21555	-0.17226	-0.20749	-0.24056	-1.11964	-0.29937	1.37305	0.21838	0.60957	1.42923	-0.97880	0.22795	2.02283	0.45213	1.55839	-1.04821	-1.40987	-0.89324	0.45282	0.96217	0.68220	0.81937	-0.74561	-0.34885	0.98035	-0.15490
-1.23839	-1.42353	1.75310	0.94312	0.90941	-0.79541	1.66363	-0.47343	-0.47490	-0.10476	-0.37356	0.27001	3.01810	-0.67424	1.06764	0.95777	0.23705	0.62891	-0.95894	0.50088	1.40624	-0.17704	-1.86829	0.12011	0.13897	-0.77309	-0.84084	-2.12906	-0.60590	-0.02739	-0.04186	-0.09449	0.33059	0.66217	-1.22855	-1.09009	0.06222	-0.75830	-0.52236	0.63133	0.10473	0.34527	0.87184	-1.06112	-0.20493	-0.67701	-0.25458	-1.39513	-0.45868	-1.55497	1.22476	-1.30425	1.72697	-1.24310	0.85295	0.08655	-0.71915	0.06795	1.70609	0.90486	0.40232	-0.45359	0.43920	0.11365
0.93474	0.84957	0.03329	0.61905	-0.33168	1.36851	0.77374	0.83616	-0.21089	0.76988	1.51692	-1.88673	1.09447	-1.61167	0.14036	1.55693	0.93421	-1.22123	-1.98462	0.45372	-0.39975	0.27475	1.66950	-0.57384	-0.82948	-0.53399	-0.35180	0.32672	1.21895	-0.87315	1.08821	-0.36001	-0.49626	-0.01243	0.47529	-0.72344	1.96563	0.61342	-2.25778	0.74561	-1.00927	-0.89786	-0.10402	0.32900	0.85949	1.32093	-1.02323	-2.04206	-0.13638	0.08104	0.07432	0.19149	-0.93250	1.19214	-0.43673	1.79588	1.13326	-0.72142	0.34812	-0.25565	1.47200	0.93158	1.09816	1.05197
-0.13854	0.96439	0.08611	0.66352	-0.17248	-1.22432	-0.70077	-0.19861	-1.32123	-0.72241	0.60925	-0.76904	1.06341	1.89036	0.15594	0.79014	0.16114	-1.39627	-0.23499	-0.24683	-1.01922	-1.57139	-0.92720	-1.18771	-1.17132	-1.00492	-0.08480	-0.49132	0.83475	-1.29587	0.47568	-1.22878	-0.12696	0.39844	0.20770	0.14520	-1.19567	0.90779	-0.34897	-0.55033	1.19022	-0.92781	0.06758	1.24728	1.72112	1.60657	-0.28487	-0.81748	0.76434	-1.42802	0.02397	-1.14476	-0.92410	-0.56315	-1.39358	-2.23453	1.23663	1.58696	0.17063	-0.90349	-1.31163	-0.90266	-1.04667	-1.02591
-0.34186	-1.61517	-1.60904	0.22853	-0.71291	-2.21082	0.17520	0.14758	-0.29433	0.66743	-0.81849	1.29884	1.00115	1.78159	-0.35356	-0.83591	0.01891	0.40336	0.28261	-1.31032	-2.05028	0.66293	-0.32570	1.20692	1.00354	0.49225	-1.81494	-0.66609	-0.91500	0.48343	-0.49119	0.85987	-0.40417	0.70300	1.43627	0.23491	-0.72191	-0.20136	0.18758	-1.28697	0.60262	1.74533	0.61186	1.26222	-1.26431	0.17977	-0.12925	0.17006	0.97643	-0.58210	1.29071	0.23538	0.74454	-1.22815	-0.07309	-0.10282	-0.79674	-0.14892	-1.93394	-0.18672	-1.99277	-0.72032	-0.50804	-0.92258
1.18893	0.63321	-0.16538	0.59635	-0.46940	-2.76042	-1.74192	-0.20013	-0.30926	0.60834	-1.90567	0.53026	1.13160	0.95514	-1.48491	-0.15096	0.31408	-1.10303	-0.45426	-1.81271	-1.27076	-1.91156	1.90567	-1.94261	0.24702	-2.61679	-1.68119	0.13765	2.12082	-0.82523	-0.14337	0.06785	-0.51134	-1.39774	-1.44505	2.36142	0.86003	0.88027	0.69385	1.37928	-0.49074	-0.50563	0.03457	-0.55245	2.46522	0.16902	0.52592	-1.47895	0.78101	1.24002	0.72291	-0.86242	-0.53951	0.12757	-1.61219	0.82970	2.61371	2.29604	0.61082	-0.29737	2.93394	0.00868	-1.02992	0.96861
1.56724	-1.49890	-1.22943	-1.51611	0.04259	-0.09079	-1.56785	-1.08687	0.36215	0.42841	-0.47282	1.77169	-0.75637	0.23798	-0.37875	-0.48325	0.28962	0.27882	0.17572	-0.83545	0.29650	-0.66522	1.42045	-0.85714	1.53574	1.83903	1.02711	-0.19477	-0.79127	1.30651	0.08137	-0.62835	-1.25046	0.46591	1.68130	-1.04526	0.48749	-2.56544	0.50030	0.82552	1.56152	0.06053	0.38280	0.69564	1.33053	-0.49105	1.85555	-0.31402	-0.27397	0.63048	-0.04615	0.32000	-1.42874	2.44802	-0.53721	1.25604	0.66364	-0.81940	1.06310	-0.83763	-0.33464	-0.84232	-0.61456	2.50694
-2.55896	-0.05501	-0.46484	-1.41737	1.30242	-0.19864	-0.42414	0.73431	0.60846	-1.01115	-0.04254	-1.06774	-0.10149	-0.85747	0.39190	1.01121	-0.56500	0.22218	-0.18956	-1.13295	0.68719	-0.24026	0.42874	0.84380	-0.75968	1.30271	-0.61072	0.54898	0.29376	1.15637	1.63459	-0.21638	-0.17920	0.64706	0.20824	-0.33169	0.70187	0.43828	-0.48104	-1.49382	-0.98031	1.89242	-0.06904	2.86547	-0.57576	-0.40519	0.09040	-1.60621	0.51066	0.88724	1.05857	-0.23560	-0.50265	-0.67149	1.53887	-1.96909	-0.00491	0.12676	-0.48623	0.11069	-0.00936	0.06235	0.22060	-1.49711
0.40238	-0.19267	-0.50455	0.57911	1.17422	0.26295	-1.42371	0.11277	-1.19298	-0.33928	1.18562	-0.01667	0.96858	-0.15872	1.14697	-0.04870	1.42978	3.14582	-0.81873	1.28055	0.06198	-1.11790	1.16596	-0.83501	0.66726	-0.65391	-0.25956	0.45241	-1.58204	-1.12032	-0.77047	0.12430	-1.08619	-1.20454	-0.41600	1.01496	-0.50068	1.53869	-0.15439	-0.50464	0.40983	0.64656	-1.27489	-0.40879	1.14704	1.36973	-0.06794	-0.80628	-0.81552	0.50107	-0.05244	0.38688	0.41738	1.88923	-0.89799	0.28525	2.24167	-0.06606	-0.25184	-0.26758	1.61616	-1.29391	-1.47205	-0.37620
-0.28958	0.08937	0.89307	-0.53837	-0.17965	-0.47575	-0.27014	0.65814	-2.26367	0.36726	0.29360	0.16028	-0.83737	-2.37317	1.61702	-0.07219	-2.12896	-1.59857	-1.47839	0.95154	0.20104	0.85563	-0.20790	-1.80008	-0.00277	-0.79630	1.86073	0.40376	0.59601	-0.40224	-0.99386	-0.33808	-1.37497	-0.58099	0.61223	0.90338	-1.03934	-0.42644	1.86155	0.95192	1.40864	-1.78641	-1.96334	0.64111	-0.95514	-2.01395	-0.05597	1.19877	1.70174	0.87372	-0.46030	0.77275	-0.19420	0.34115	0.40676	-1.41218	0.87920	0.61373	0.63686	0.82447	0.18846	0.27022	-0.00308	1.05598
-0.69801	1.79915	-0.55328	-0.74741	0.01051	-1.05353	1.72734	2.40962	0.12781	-0.82627	0.57670	0.84627	2.28784	1.41247	-0.05706	-0.43173	-0.20447	0.94817	-0.83254	1.49177	-1.34381	-0.53763	-1.11741	0.20286	0.79252	0.61767	1.17782	-1.37180	-0.79194	-0.56390	-0.91344	-0.01037	0.67100	-0.33955	-0.16558	-0.29943	-0.00155	-1.85381	-2.10124	0.80546	-2.74322	0.56917	0.03845	-1.08349	-1.34910	-0.05409	-0.83035	1.39261	0.45473	0.91793	-0.48956	2.08463	-1.17193	-0.81553	-0.74559	-0.74326	-0.91237	-1.19090	-1.07043	1.05632	-0.48604	0.56244	1.47703	0.04091
-0.05272	2.17680	-0.56677	-1.30365	-1.21028	-0.20936	-1.14492	0.15918	-0.35646	-0.95716	0.17509	0.24501	1.54001	1.76994	0.13651	-2.45709	-1.17123	0.71959	-1.26282	-1.38220	0.60227	-0.11479	1.37383	-1.05800	-0.52826	-0.21871	-0.16429	0.50094	0.91723	0.36351	1.14637	-0.92956	-0.61027	-0.35610	-0.63025	-0.40873	0.75943	-0.31323	-0.39858	-0.56023	-1.69337	0.23327	-0.75351	0.32332	-0.37496	-0.10983	-0.29639	0.43872	0.44028	-0.36429	1.25085	-0.56581	0.05782	0.22706	0.00507	1.31228	-0.30649	0.69660	2.39690	-1.75049	0.11546	0.91762	-0.46357	0.29341
-1.18617	-0.61377	0.37839	-0.90239	-0.24346	-0.65709	-0.00876	-0.92012	0.25128	0.40231	0.42953	-0.09408	0.05535	0.02922	0.89106	-1.84691	1.28269	-0.34294	-0.69500	1.06990	-1.34654	0.29750	-1.16877	0.74314	0.18289	0.39482	0.88775	-0.50361	-1.18900	-1.64462	-0.79669	0.27140	0.37108	0.41643	1.18979	1.05394	-1.28792	0.77609	-1.18993	1.00740	0.27031	2.10889	1.24257	-0.66693	1.13107	-1.08660	-0.36940	-0.18544	1.22724	2.11712	0.22640	0.08328	-0.61618	0.18424	0.50744	0.17161	0.56933	-0.06351	0.46789	-2.00414	0.85969	-0.52720	0.66048	-1.14016
-0.90662	-2.51322	-0.09775	0.70303	-1.43658	1.67476	-0.35269	-0.26525	0.43714	0.94364	-0.26872	1.15190	1.73134	-0.56885	-0.79040	-0.11231	0.44152	-0.54130	-0.04366	-0.18093	-1.15591	0.30752	-0.30828	-0.64671	2.11501	0.27655	-0.49612	0.23842	0.07717	-0.16675	-2.88343	0.24515	0.96984	0.32115	-0.58709	0.36158	1.82575	1.33612	-0.19622	-0.99903	0.74322	-0.23373	0.74965	2.33421	0.43117	-0.92910	0.01257	2.22106	-1.01294	-1.50869	-0.23985	-0.96948	-0.06266	-0.89103	-0.94566	1.23641	-0.44019	-0.55790	0.40403	0.73276	-1.41133	0.39958	-0.13303	-0.90161
0.79799	-0.98301	0.30076	-0.35638	-1.00205	0.67904	-0.90309	-0.13834	-0.00916	-0.34481	-0.32404	-0.29747	1.19643	-0.45230	0.64763	-2.09276	-0.79939	0.23051	1.86373	-0.06267	-1.84348	-0.31695	-1.90760	-0.47646	-0.53218	-0.12819	0.73384	-0.59601	-0.84126	-1.63357	-0.57447	-0.60531	-1.70330	0.07990	0.14904	0.18378	-0.88913	-1.92151	0.28563	-0.68604	-0.08867	0.53436	-0.40495	-1.43382	-0.05757	-0.47781	-0.96561	2.29200	1.02661	-0.47132	0.03364	1.47099	0.47840	1.34904	-0.27432	-0.58334	0.36851	-0.42311	-2.04615	-0.57702	0.08165	1.04533	-0.46681	-0.41061
0.49857	0.93466	-0.94974	-0.80422	2.23106	1.10265	0.91395	0.62386	-0.09157	0.06140	0.71097	0.64483	0.85659	-2.30133	1.05865	0.49337	0.35005	-0.60139	-0.79747	-1.10998	-0.46831	-0.22261	-2.23218	-1.21022	0.28238	-0.10019	0.50698	-1.58285	-1.60985	0.60470	0.99087	-1.47960	0.57511	-1.47787	0.54264	-0.12773	0.90711	0.83996	1.01774	-0.70032	1.29179	-1.77916	0.34441	0.21441	0.57858	-1.58626	-1.57885	-0.36047	1.01921	0.15312	0.73270	0.17793	-0.29018	0.65242	-1.57790	-0.18667	0.71378	1.30389	-0.45196	-0.02452	0.49690	-0.08323	-1.92893	-0.31211
3.33354	-0.42159	0.33671	-0.39784	-1.55746	-1.79138	1.26573	-1.90618	-0.97732	0.54113	-1.02892	-0.58438	-0.85810	0.37397	-0.44662	-0.28716	-0.27336	-1.85281	0.85730	0.18599	0.58204	-1.12788	0.33479	-0.93246	-0.72009	-1.73821	-0.23106	0.43514	1.04207	-1.11355	1.48769	1.56318	-0.25977	0.43029	0.72276	1.98177	0.09961	-0.45306	1.14280	0.18139	-0.11943	-0.01961	-1.52902	-0.62907	0.28489	-0.79021	0.13532	1.31473	-1.79238	1.99400	-0.48855	-1.28045	-1.57696	-0.01336	-2.84475	0.35442	-0.30626	2.92497	1.67284	-0.27489	0.30514	-0.04573	1.20917	0.26283
1.22459	0.85167	0.41960	1.02022	-0.21686	1.37860	0.75780	-0.45119	-0.02886	0.16150	-0.38762	-2.98617	-0.31130	0.04651	2.21789	0.53154	0.44653	1.35678	2.82870	2.78495	-0.45426	0.73983	-0.91469	0.49727	-0.60404	-1.11636	-2.20588	-1.49866	0.24220	-1.14371	0.39018	0.47390	0.01273	0.14997	0.06374	-0.47536	-2.75334	1.06299	1.26152	-0.72102	-0.13110	-1.64604	1.65175	0.47985	0.16819	-0.34664	0.56794	0.32661	0.19985	0.65605	-0.30109	-0.27566	0.55102	0.05536	0.58395	-1.11585	-0.17768	1.01700	0.73862	-0.01859	-0.04243	0.75147	0.62356	0.68923
1.28708	-0.18228	1.09460	-0.29711	-0.39542	0.12284	1.95519	0.15235	0.75852	2.14351	-0.10156	0.51395	-0.89767	1.14834	-0.72447	-0.94180	-0.67210	-0.16683	-0.15739	-0.87214	-0.63373	-0.94895	1.48383	0.76439	-0.19267	2.02392	-0.83901	-1.17585	-0.02253	-0.64970	0.72250	0.28268	0.14220	0.50848	1.26785	-0.99976	0.99030	-0.05558	1.68698	-0.87969	-0.72598	-0.70564	0.54133	-0.84605	0.32732	0.91307	-0.43557	0.26066	-0.67930	-0.97149	-0.31118	1.39918	-0.36081	-0.61570	-0.81248	0.36402	-1.25782	-0.58576	-0.51903	-1.06545	-0.05559	0.13035	-1.68163	-1.06110
-0.19433	-0.75197	2.15233	0.17316	-0.52533	0.16618	1.56685	-0.94503	1.18138	0.71084	-0.05455	0.71008	0.48144	-0.02955	-0.74051	0.27064	-0.16209	-1.22379	0.19273	0.36886	0.40912	0.33143	-1.43327	-0.03260	-0.09079	1.10669	0.12791	0.14162	-1.96923	-0.44460	-2.04026	1.22141	1.05440	0.48178	-1.28807	0.32350	0.65057	0.63202	-0.97712	0.21881	-1.80349	2.77522	0.26982	0.03034	0.93868	-0.43174	-0.80971	-0.08435	1.47690	-0.84142	-1.04159	0.33476	0.71888	1.17315	0.36403	-1.54162	0.35051	-0.82046	-0.39962	0.16922	-0.79159	-0.49030	-1.04754	0.88823
-2.51417	1.37982	-0.63812	0.48897	0.40728	3.44122	0.63726	0.17375	0.80255	-0.00044	-0.02765	0.89788	0.13275	-3.64025	-0.19696	1.15256	0.50796	2.36197	-0.09671	2.31616	-0.49866	1.40539	-1.52986	0.97020	1.78494	1.69808	-0.32835	-1.75191	-1.49113	0.15796	0.82159	2.23014	-0.64107	1.59275	-1.14097	-0.43390	0.43575	1.07226	-2.20037	-1.46051	-0.85100	-0.98335	1.80187	0.14430	1.01548	-0.63563	-1.03926	0.41411	0.75590	-1.34026	0.70021	1.86130	0.16383	-0.62569	1.92442	-0.22645	0.38506	-1.36817	-1.34241	0.43539	-1.10846	-1.66705	0.49143	-0.34835
-1.71268	-0.79255	1.74333	-0.22310	0.69621	0.07715	-0.90094	2.17883	0.93670	-0.99728	-0.51970	1.68920	1.21133	-1.12301	1.29119	0.09233	-0.09457	1.15649	-3.03382	0.59502	0.70045	-1.13406	-0.83558	0.64479	1.11098	1.10348	0.13016	-1.41202	-0.83897	-0.33791	-0.23470	-0.14410	1.86240	-0.38949	0.51095	-0.62596	0.01319	-0.39787	0.26831	-0.08448	-0.33263	-0.59144	1.44364	1.55995	-0.96584	-0.70084	0.07036	0.67541	-1.11105	-1.31629	1.56633	-0.29911	0.81332	0.02775	0.96645	0.81451	0.59880	-2.13718	0.08803	-0.07212	-0.04775	0.27354	1.08328	-0.70510
-0.37847	0.13901	-0.24146	0.51439	0.25960	0.37608	-0.21331	0.06648	1.26656	1.04387	0.63022	0.00943	-0.34217	0.18664	-0.27915	-1.90240	0.18636	-1.53802	0.16087	1.61506	-0.82471	-1.02001	0.16583	1.47257	2.15607	-0.55910	-0.83657	0.01996	-0.34253	-1.50788	1.83178	-0.58932	-0.22720	-0.90467	-0.54932	-0.10059	-0.18908	0.46484	-0.96938	0.13616	-0.40972	1.80035	-0.96048	-0.79493	-1.00036	1.36753	-0.47862	1.43487	0.61667	0.18465	-0.57335	-0.12712	-0.37026	-0.27689	1.68881	-0.32063	0.08721	-0.12592	-1.10672	0.58115	-0.87309	-1.91204	-0.71349	0.70575
1.69031	0.22459	-0.36704	-1.00447	0.96219	0.56897	1.39246	-1.13951	-0.15760	1.73140	-0.75424	0.70854	0.62384	1.45990	-2.36776	-0.55910	0.04001	-1.19454	1.04218	-0.03934	-0.35695	-1.19578	0.62435	1.39916	-1.02006	-0.28269	-1.25339	-0.68051	-2.01666	-0.51944	-0.55212	2.04318	0.46623	0.55264	0.45045	0.06052	-0.52166	0.48342	-0.65063	1.10151	0.80648	-0.16885	-0.63208	0.47260	-0.20088	0.46152	1.09872	-0.36135	-0.13439	0.95646	-0.63720	-0.34197	-1.53200	-0.45985	0.15457	0.00745	0.60727	0.40056	1.26204	-0.53820	-0.31734	0.32083	0.51539	-0.87763
-0.58983	1.14627	0.53279	-0.42668	0.49419	0.20506	-0.01253	1.09089	0.41020	-0.05847	0.81090	1.78047	-0.26059	-0.76351	-1.59962	1.42577	0.07008	0.78339	0.40921	-1.27805	-0.24070	-0.02470	0.11583	0.23800	-0.41454	-1.16386	-0.11568	-0.76025	0.11685	1.01011	-1.32808	-0.02341	0.09338	-0.61125	-1.95804	-0.09750	-0.68364	0.87210	-0.75882	-0.79251	1.11586	0.74953	0.40024	0.49338	-0.22998	-0.95333	-0.78004	-0.40919	0.78549	-0.06954	-0.39071	-1.17012	1.08915	-0.30369	0.02730	0.25126	0.88223	-0.24974	1.25614	0.78010	-0.16257	0.62812	-0.36109	0.62793
-0.22330	0.50843	0.92034	0.23304	0.18097	1.77399	0.54746	1.09489	0.76142	-2.10960	2.19437	-0.48837	0.58175	-0.33684	0.19412	1.24018	0.51469	0.90835	0.71903	0.36924	-0.14440	1.70176	-1.69343	0.32283	0.94851	-0.24909	1.85065	-2.18743	0.17439	1.66057	0.56452	0.34040	1.45716	0.61909	-1.83373	-1.37241	1.54258	1.88654	0.05401	-0.62639	-1.03284	1.44350	-0.20035	0.16988	0.11146	-0.14723	-0.63364	0.54198	-0.24223	-2.07191	0.96369	1.99107	-0.70001	0.52019	0.55339	0.92962	-0.10859	-2.36428	-1.69840	1.14038	-1.06359	-0.02135	-0.35672	0.22703
-0.10628	-1.09668	-1.41364	-0.75403	-1.98239	1.08812	-0.34828	-0.06104	0.94185	0.45663	-0.05228	-0.44464	2.83742	-1.05219	0.64209	2.10536	1.42459	0.92489	0.34923	-0.32614	-0.43848	0.66568	0.30960	0.84798	-0.86751	-1.11971	1.02890	-1.54528	1.18971	1.95221	-1.15942	-0.95036	-0.15646	-0.27251	0.15299	2.37141	0.94844	-0.76451	0.46536	-1.44336	0.37174	-0.30226	1.21010	-0.13473	1.25997	-0.21330	0.21842	-1.12896	1.88959	1.03826	0.05829	-0.28346	0.79976	-1.30939	1.06412	1.22319	-0.11049	0.28720	1.39381	0.86435	-1.81348	-1.50415	0.73530	-1.83518
-0.38472	0.94379	0.05665	0.16318	-1.67695	1.54621	0.29033	1.88847	-0.51425	-0.37588	0.33898	0.50651	0.00366	-2.05538	-0.71157	0.69051	-0.81903	0.23810	-1.78658	0.16649	-1.24507	1.05472	1.56804	1.68855	-0.70481	1.27171	-0.93812	1.24179	-0.08248	-0.26587	-1.13510	-0.63738	0.42973	-0.46868	0.61596	0.33288	2.02474	-0.71004	0.44466	0.20580	1.25593	0.45712	0.64582	-0.18550	-0.28694	0.85593	-0.97145	0.27009	-1.49504	-0.58510	1.30528	0.95471	0.92363	1.92362	1.07289	-1.71868	-0.21121	-0.75904	-0.53893	0.74410	-0.42252	0.07312	0.22438	1.44497
0.18293	0.09071	-0.04520	1.67562	-0.91564	1.03150	1.80223	0.14380	1.25166	-0.00717	-0.76776	-0.08852	-0.76972	0.22226	0.42522	-1.10290	-1.44711	-0.83530	2.73539	1.03097	1.77436	-0.07583	-0.73382	-0.09230	-1.65549	-0.95537	-0.39549	-0.04697	0.31477	0.29037	1.86861	0.14416	-0.67715	0.17608	-1.21337	-0.56540	-1.00489	0.45161	0.13670	-0.06125	-0.01679	-0.39255	-1.74953	0.86469	1.77140	-1.96636	-0.02497	-0.77309	-0.69030	0.45105	0.63645	0.91972	2.22363	-0.61801	-1.97826	0.83581	0.42075	0.82688	0.66658	-0.42926	0.14799	1.01527	-1.22286	-0.28592
2.82909	0.35701	0.41555	1.04762	0.25778	-0.84444	-0.39415	-0.55025	-1.24381	0.49199	-2.21291	-0.42476	-0.60455	-0.20808	0.15775	0.43502	-1.91262	0.26143	0.81908	-0.64745	1.42004	0.27096	-0.51935	-0.92199	-1.34399	-0.00751	-1.62987	0.78811	1.51867	-0.43591	1.29474	-0.83324	0.31689	-0.37180	2.19220	-0.46612	-0.49035	0.88282	1.97320	-0.14619	0.46563	-2.57354	1.44128	-1.99382	-0.22241	-0.29234	0.05206	-0.03214	-2.19564	0.55331	-0.75133	-1.75115	-0.32512	-0.28762	-2.84407	2.72801	0.01527	0.63032	-0.81115	-0.46606	1.68141	2.78405	1.37647	2.27776
0.16521	-0.74911	1.04092	-1.05385	-0.28212	-0.08336	-1.39818	-1.63845	-0.93107	1.18596	0.08155	-1.56730	0.62710	-0.46835	-1.04439	-1.56839	-0.90359	0.47968	0.66805	-0.52257	-0.47818	0.00230	3.27089	-0.73894	-0.92103	-0.30234	0.20742	-1.03774	0.56867	-1.80850	-0.58367	-0.35332	-1.69431	0.89754	0.24845	-1.19364	0.31410	0.68787	1.24115	1.82229	1.12366	0.59055	0.05267	-0.36224	-1.27265	1.29444	-1.66589	-0.19751	-1.08736	0.61962	-1.93652	-0.01779	-2.41347	0.73833	-0.86906	0.35122	1.04911	0.13519	1.53655	-2.42201	-0.35554	2.09968	0.02663	0.32838
0.16150	-1.92924	0.03812	0.68589	1.65034	0.45078	2.58958	-0.63027	-0.31828	0.94896	0.59578	-0.66764	-1.70458	-0.21623	-0.81342	0.82745	-0.65493	-0.43530	2.89316	0.81573	1.25050	-0.85802	-1.10701	0.72487	0.64460	-0.47834	-0.97599	0.59452	-0.56174	0.14879	-0.33801	0.86437	0.56222	-0.03788	-0.41857	0.38773	-0.36971	-1.08139	-1.12994	-1.00111	1.49612	-0.64242	0.27055	0.23216	0.35235	0.85080	1.94937	-0.09558	0.08450	0.17908	-0.79847	-1.20995	1.83490	0.97439	1.29100	0.32257	0.79557	1.83409	0.73419	0.47164	0.65743	0.24386	-0.09469	1.73603
0.78580	-0.48830	-0.58006	-1.32841	0.78487	0.66321	-0.62165	0.70338	-0.79019	0.08022	1.48706	0.80954	0.22583	0.44994	-0.84188	-1.06312	-1.71426	-1.31962	0.67622	-0.34911	0.24141	0.85750	-0.48918	0.38170	-0.24794	0.28252	-1.68395	-1.70556	-3.09469	-1.43547	-0.16566	0.01168	0.31494	0.63423	1.92846	0.59635	-0.09601	-1.53726	0.67573	-0.39859	-0.54283	0.48871	-0.10284	1.45499	-0.02423	-1.83508	-0.74422	0.02874	1.51879	1.12690	-0.45051	0.53715	1.03032	-0.01908	0.17357	-0.43551	1.60501	0.01824	-1.36293	0.40681	0.12091	-0.83705	0.16968	2.33042
1.08453	0.94741	0.35882	-0.06756	-1.00286	1.32990	-0.66346	-0.76210	-2.27112	-0.47751	-0.37455	1.63576	-0.90679	-2.06008	1.41297	0.81816	-0.57379	0.43984	2.22089	-0.07663	0.79395	-2.08607	-1.47085	0.11606	-1.19380	-1.30550	-0.59877	-1.46083	-0.83795	1.06167	0.82720	-2.21233	1.49365	0.33998	2.07868	0.63282	-0.14588	0.15832	1.29104	1.12200	1.31580	0.79535	0.84691	-2.06222	-1.16406	-2.71843	-0.58996	0.02204	0.23087	0.22063	0.28642	2.38777	-1.87817	-0.80307	-0.62281	0.40613	1.46314	-0.44919	1.48406	1.07656	0.86380	0.90105	-0.23202	-0.79188
0.77399	0.39379	-0.79884	0.10367	0.31633	1.09825	0.42952	-1.71325	1.23431	1.49742	1.12620	0.73501	0.13611	0.81435	0.94634	0.04308	3.23640	0.43920	0.12850	-1.21192	0.70653	-0.65118	0.38234	-1.27348	-0.73500	-1.57649	-0.86678	0.84808	-0.17347	-0.08228	0.27951	1.22927	-0.83441	0.03978	-0.28376	-1.25037	-1.08122	0.49549	-0.98237	-1.99815	-0.04083	-0.61648	-0.78779	-0.34587	3.17361	0.27883	-0.19933	0.01044	-0.38953	-0.87927	0.34377	0.97332	-1.06310	0.02871	-0.45221	-0.63994	-0.30796	0.08555	0.80329	0.34995	1.98601	0.55868	-2.52802	0.26839
-0.10994	0.91205	-0.12132	-0.38985	0.15312	-0.31004	0.05843	0.71143	-1.21844	0.52798	0.63313	1.03224	-0.39588	-0.48821	0.63381	0.51345	-0.78569	-0.48678	0.87683	-1.58505	-0.06486	-0.61975	1.31593	-0.37291	0.63241	-0.39248	0.52113	1.52417	-1.20902	1.16648	0.86906	1.23483	-1.38996	0.46554	0.35332	0.62257	0.36363	-0.48519	-0.16802	-0.30107	0.57879	-1.10933	-0.70640	0.69457	1.07886	-0.79045	1.99071	-2.03969	-1.89381	0.20084	1.50043	0.22155	-0.40659	-1.15045	-0.17453	-1.45966	-0.14539	-2.58070	-0.81000	-1.28816	0.23533	0.12200	0.77345	-0.64472
-0.19040	-1.83484	-1.79720	-0.09620	0.59143	-0.62507	0.07847	1.84531	-2.81635	0.64520	-1.15736	0.77868	1.58243	0.71784	-0.81669	-0.42923	-1.60293	0.55339	-0.04657	-0.34740	-0.84918	-0.36323	-0.02100	-0.69010	0.95238	0.75619	0.05865	-0.47190	0.34896	-0.22788	0.40887	-1.25589	0.61336	0.02190	0.12833	1.35540	-1.05107	-0.28531	0.40636	-0.63297	-1.16243	-0.07614	-1.12851	-1.36475	-2.30920	0.31657	0.59881	-0.43794	0.15404	0.90993	0.84567	1.53879	-0.52981	0.53960	0.34023	-0.44504	-1.15961	0.78408	2.32006	-0.42436	-0.54479	0.69797	0.81291	0.93158
-1.57789	-2.43011	-0.37854	-0.73571	0.67827	-0.37717	-0.17976	-0.70608	1.16810	-0.80011	0.39054	0.14258	1.24716	0.05209	0.45389	1.04568	-1.66113	0.92226	-0.46223	-0.55592	-0.61607	1.21832	-0.18188	-0.95029	0.90990	-0.37452	1.23591	-0.22239	-0.08597	0.91787	-0.43260	1.01495	0.85952	-1.72650	-1.14442	0.88412	0.08875	-0.36574	-2.11611	-0.97333	0.43383	0.53487	1.23652	0.53783	0.07430	0.61731	-1.27926	-0.23466	0.82146	-0.16214	-1.07137	-1.04113	0.76978	0.05165	-1.27251	0.84043	-0.34681	-2.75209	-1.28753	-1.10395	-0.58723	-0.50398	0.20999	2.22004
0.03828	0.08813	0.03264	0.92120	-1.67352	-1.13245	-0.55165	0.22932	-2.99342	-1.37833	0.06191	1.10247	1.61451	0.56656	0.60911	1.06956	0.20272	-0.93169	-0.62250	0.08934	-0.42652	0.38643	1.71518	0.50142	-0.81728	0.46615	-0.68777	1.45318	-0.53028	0.81653	-0.33547	-0.34062	-1.94693	-0.12713	-2.60469	-0.27931	-0.49078	-0.08664	-1.45592	-0.03398	-0.95322	-0.49665	1.06067	-0.01304	1.00620	-0.04035	0.68660	-0.44137	0.74553	0.53071	0.99775	1.56930	1.02424	0.81681	-0.67313	1.22525	-1.11107	-0.38685	-1.02025	0.53624	-1.22097	0.05584	0.17615	0.76895
1.34375	0.89133	0.28830	-0.49931	0.20688	0.83099	1.10529	-0.75777	-0.29583	0.78823	-0.82337	-0.24880	-0.27391	-0.05641	0.57931	-0.30090	0.13960	0.69700	0.66933	-0.54977	-0.27362	1.26434	0.65004	1.93405	0.24483	0.27676	1.64077	-0.93552	0.36503	1.27052	-0.87679	0.60836	1.28700	-0.88841	-0.43708	-1.66666	0.45086	1.40387	1.37941	-0.79504	-0.06229	-0.18474	-0.17953	0.37834	-0.74842	-1.57001	-1.21353	1.53870	-0.60016	-0.65099	0.16573	0.51268	2.19113	3.18301	0.32855	1.11610	-0.00547	-1.03662	-2.18833	0.92663	-0.31468	1.13846	0.12544	-0.83939
-0.64701	-0.20542	0.89186	0.19276	0.13029	-1.21571	0.45245	1.54824	-0.83498	-1.13617	1.56423	0.05966	-0.04517	0.00354	0.71194	1.25803	0.82248	0.70053	-0.48048	1.59480	-0.31142	1.28887	-1.13580	-2.13255	0.70180	0.21292	0.82658	-0.16265	-1.03326	1.59126	-0.25664	-0.30200	1.80910	-0.47605	-0.90111	-1.59901	2.07379	0.22927	-0.28160	-0.53754	-0.70867	-0.65766	-0.68426	0.26671	-0.42144	-0.49116	1.64005	-0.46075	0.85404	0.39788	0.79782	1.18157	0.93290	-0.20232	0.80155	0.17463	1.89610	-0.43645	-1.45470	-0.67384	0.20219	-0.83942	0.84536	0.02239
0.28169	0.06236	1.51888	0.80263	0.20516	0.84835	0.61538	2.51464	0.61062	-1.63568	-0.96272	-1.24290	0.19324	-0.62220	-0.36776	0.09630	-1.36074	-0.82715	-0.18606	0.94015	0.30169	0.79083	-0.14108	-0.04483	1.26991	1.80386	1.34158	-0.61577	0.32462	-0.82225	-1.25712	-1.18595	0.79184	-0.40138	0.38580	0.61212	1.40103	0.19998	-0.42946	0.20191	2.30719	0.89556	-0.25394	-0.88245	0.19307	-0.60518	-0.02330	1.95495	0.15797	-0.60086	0.10771	0.67125	0.08264	-0.62009	-0.06701	-3.12555	-0.58785	-0.92418	-0.46163	-0.30678	0.90495	-0.62256	-2.37939	2.17863
0.01677	1.06876	-1.07041	-0.26341	-1.94202	-0.60264	-0.62851	0.92385	0.25941	-1.81689	-0.70410	-1.81819	1.45941	-1.02906	-0.91390	-1.80286	-1.51356	-1.97544	1.13638	0.52390	0.84172	1.17861	2.29961	0.00013	0.30396	-1.05977	-0.54711	1.23224	0.44364	-0.03847	-0.96006	1.84190	-1.39016	-0.34804	0.17011	-0.77491	-0.04301	-0.24165	-0.00429	0.24359	0.19808	-0.86038	-2.36324	-1.08345	1.39099	1.04054	-0.05851	0.78323	0.01681	1.42098	-0.31827	-0.59907	-0.56972	-0.02916	0.73247	1.19907	0.58818	-0.11834	0.15342	1.12132	-0.46764	0.98910	-0.15013	0.95309
-0.67644	1.26463	-2.24149	-0.57796	0.13392	-0.88125	-1.40294	0.01306	-0.65083	0.81528	1.09271	0.75189	1.06274	-0.43484	0.22825	0.68032	-0.42265	-0.26872	0.78743	1.87220	-0.56506	0.34257	0.18133	0.71551	1.29260	0.06599	-0.76967	0.21565	-0.80587	1.06187	1.37646	1.46516	0.69822	0.89857	1.15982	0.84392	2.22777	-0.16548	0.04721	2.28439	-0.00396	0.65366	-0.00553	1.43135	-0.07525	-0.73142	-0.47996	0.22018	1.79752	-1.74829	1.38505	1.97230	-0.03104	-0.20176	0.37398	1.00753	1.63861	-0.75082	0.96277	1.28600	-0.06197	-0.08452	2.02130	-0.79609
-0.47215	1.19871	0.31678	0.19264	-1.83777	0.66062	-0.88572	-0.97443	0.36858	-2.13953	0.01924	-0.84994	-1.04877	1.06148	-1.43299	-0.60855	-1.10654	0.08024	-0.52296	0.11801	1.10368	1.70759	-1.20501	-0.13130	-1.26987	-0.36939	-0.57629	-0.52198	1.50618	1.76201	0.42766	1.76854	-1.29307	2.99450	-1.11725	1.24660	1.34098	-0.94854	1.05526	2.43317	-0.85144	-0.77880	-0.74582	-0.67431	-0.05993	0.34652	0.36233	-1.09307	-1.52575	0.93937	0.92317	-0.83657	-0.02060	2.33755	0.31137	1.32598	1.31868	-0.04341	1.74274	-2.07627	0.37955	-0.51699	0.52078	-0.97461
-0.88612	0.53315	0.77452	1.14596	0.21643	0.51067	1.42723	0.87048	-0.10495	0.54887	-1.15503	-0.69223	-0.32020	0.27840	1.00428	-0.84370	-0.54918	0.40432	-1.17391	0.32617	-0.25367	0.80252	-2.09194	1.45307	0.49626	0.12902	-2.54564	1.11975	-1.07599	0.54881	-1.35511	-2.03940	0.05174	-2.59381	1.36360	1.56319	1.30121	1.16197	-0.68463	-0.30890	0.12751	-1.97649	-0.15504	-0.33611	0.96046	0.81248	-0.79407	-0.30419	-1.25117	1.16023	-0.14662	-0.40740	-0.21176	-0.45126	-0.27137	-0.14531	0.70507	-0.68527	-0.16043	-0.57022	2.49350	-1.38048	-1.25495	-0.65752
-0.38086	-1.15023	-1.74274	1.06956	1.77098	-0.12872	-0.61191	1.72777	-0.99179	-1.14845	-0.99330	-0.40117	0.18730	-0.62071	0.64659	-0.37952	0.50972	-0.20783	-1.30520	1.57212	1.60578	0.42147	-1.14696	1.01197	1.73651	-0.23063	0.62216	0.51578	-0.43231	-0.79016	-0.48489	2.10498	-1.28199	-0.79361	0.90773	-0.75104	-0.17214	-1.57120	0.25775	0.81474	-0.70286	1.41343	-0.84870	-0.78720	1.02871	1.18103	1.04338	-1.21272	0.28592	-0.18352	1.02710	1.40574	-1.11057	-0.65038	-0.50528	-1.20896	0.64211	-0.71037	-0.95145	-2.35884	-1.25924	-0.94155	-1.42484	0.82354
-3.69809	-1.06294	-0.15102	-1.55393	-0.40955	-0.63689	1.48856	-1.32840	0.18046	-0.83747	1.07890	-0.77877	0.75147	-1.55826	-1.37894	-0.28413	0.51473	0.07080	0.34880	-0.65009	-1.16256	-0.78826	0.18816	1.40038	0.61092	1.01955	-0.06230	-0.54728	-0.10347	1.04370	0.00193	0.26071	-1.27134	1.44165	1.14389	0.56008	-0.44631	-0.54997	-1.02894	1.59194	1.27980	-1.32920	-1.40891	0.96107	0.53420	1.09863	-0.56610	0.50176	2.08877	-0.08908	0.72433	-1.03744	-1.45467	-0.94882	-0.37571	-1.09703	0.65800	1.01288	0.14076	0.08341	0.72581	1.05356	0.75649	-0.15473
-0.57384	-0.11646	1.25937	0.93221	-0.86945	0.48436	-0.03170	-1.01067	0.11609	0.10847	0.34713	-1.44594	0.00270	0.40309	2.18455	0.17789	-0.62233	-1.42265	2.01860	-1.04638	0.10245	-1.04992	0.84453	0.19138	0.85574	0.00350	-1.82166	-0.98895	0.78118	-1.46337	1.66027	-0.41477	-0.49154	0.51631	0.35389	-0.43216	-0.93487	1.41320	0.03611	-0.52213	-0.70675	-0.27560	-1.12169	-1.42068	-0.60066	-0.91362	-0.18970	1.07386	-0.40172	0.06758	-0.83556	0.13700	-0.60234	-1.58949	-1.54594	-0.37927	0.74145	0.85616	1.07229	-0.28462	0.19457	1.82824	-0.46508	1.72197
0.32800	-0.23249	-1.85043	-0.06997	0.30635	-0.47591	-1.03830	0.48644	1.10280	0.46258	0.32478	-0.32714	1.04556	-0.32361	-0.16296	-2.09407	0.55478	-0.07546	0.89481	-0.21245	-1.02848	-1.00458	-0.17005	0.87435	-0.81728	1.31318	-0.67245	0.62837	1.26773	-1.29994	-2.23419	-0.30997	-0.58866	-0.17634	-0.21374	0.02972	1.25139	-0.35612	-1.39118	0.21365	-0.47672	-0.24661	-1.06411	-0.78334	-1.49560	-0.67725	-0.27654	-1.49777	0.96032	-0.51261	-1.07468	-0.19957	-0.24998	1.82448	0.57341	0.33611	-1.25498	-0.29008	-1.80545	-1.30028	1.04279	1.83363	1.21296	0.62401
-1.06705	-0.53199	-0.66609	-0.43366	-0.24755	0.03635	1.00336	1.74479	1.31796	0.57113	1.45340	-0.59594	-0.08413	1.86280	0.62677	0.28357	1.89062	0.51357	-0.78276	0.39872	-1.17128	0.06294	-0.53610	-1.31582	-0.42779	-0.22154	0.34530	-1.19126	0.53475	-0.85300	-1.21596	1.13306	-0.41756	0.90422	1.45279	0.86549	1.92349	-0.16417	-0.44014	-0.66371	0.63962	0.79350	0.20134	0.46807	1.52883	0.02622	-1.18286	-0.55818	1.24569	0.51924	-0.00578	0.92531	-1.42585	-0.70619	0.74653	-0.66766	-0.08297	1.27851	0.22412	0.55706	-0.34530	0.62597	-0.60715	0.02049
2.03564	2.24840	0.38240	-0.78751	0.86764	-0.07676	-1.55920	-1.22116	-0.40097	0.56996	2.29478	-1.38424	0.35593	0.73200	0.78200	-1.23737	0.09201	-0.15194	0.76358	0.29836	-2.85535	-1.44752	-1.35680	0.10213	-1.72500	-0.49442	-2.33847	-0.99918	0.06148	1.28221	-0.72300	0.54234	-1.49265	-0.45971	0.49902	1.07952	-1.21964	0.00694	1.58896	-1.18633	1.60726	-0.43084	-1.99873	-0.06715	1.33041	-1.05737	0.30011	-0.35419	-0.97502	0.68564	0.65960	-0.02171	0.05989	-1.57456	-1.50958	0.54235	-0.69338	1.36541	-0.73216	-0.86674	-0.46033	-0.87787	2.18298	-0.08429
0.57093	1.09571	0.19347	-1.35747	1.88310	0.84573	0.48777	-1.88351	-0.21163	2.10123	0.34535	-0.65409	1.01951	-0.19700	0.42439	-0.15343	-1.19545	1.53087	-0.90911	0.70962	0.07544	-1.88919	0.98131	-0.70963	-1.35832	0.50662	0.70981	-0.07996	0.00649	-0.27632	-0.33402	-1.99599	0.07783	1.92665	-0.00805	-0.09279	0.09349	0.13798	1.37621	1.33675	0.32566	-0.04982	-1.24598	-0.15681	-1.41984	0.35925	-1.68479	0.26236	-0.85309	0.07614	-0.88225	0.76063	0.55378	0.10261	-0.42297	-1.20192	-0.95970	-0.19169	-0.18570	-0.14307	0.71762	1.04557	0.05574	-0.75803
0.52804	0.01744	0.39860	1.33903	-2.01871	-0.56857	0.86951	0.79978	-0.54233	1.85429	0.35088	0.10226	0.16073	-2.83227	-0.84267	0.46568	1.18603	1.20520	0.63896	-2.59716	-0.74328	0.61783	-0.83912	0.83235	0.94178	-0.88724	-0.48606	0.17890	0.97712	0.10413	-1.08302	0.90098	1.08471	-0.98455	1.61354	1.14163	-0.20713	0.52377	-1.39260	0.43728	0.95541	-0.66192	2.18818	-0.48730	1.19860	1.20193	-3.23907	-1.51071	0.15363	-0.33418	-0.68845	1.68878	2.37014	-0.80779	0.04277	1.01667	-0.38567	0.04754	-0.89108	0.97760	0.29806	2.00183	-0.71392	1.21413
0.92325	-0.11849	0.46279	-1.96496	0.23321	-0.31992	0.19631	-0.57632	-0.02621	-0.97311	-0.07811	-0.26011	0.24621	-2.21639	0.68301	0.85549	1.10671	-0.94133	0.60439	2.64408	-0.97364	1.21334	-0.13984	1.10555	-0.68732	-0.58718	0.94151	-0.51922	0.04662	0.95745	0.89638	-0.32404	0.38943	-0.62518	-0.06354	-1.77451	-0.67788	-2.45736	0.02037	0.03894	-0.82287	2.38966	-1.17067	0.11283	-0.88289	1.15983	-0.11809	0.40958	0.80081	2.12430	1.02425	-0.12191	0.79914	1.07159	-0.48699	-1.20765	-0.32572	1.14558	-0.27039	-0.14153	2.36120	-0.51171	-0.12171	-0.51137
-0.62968	1.97999	-0.32085	1.49529	1.73510	0.61636	-1.38843	-0.36169	-0.57363	2.18731	-0.80649	1.75810	0.48713	-0.56174	0.00764	1.20422	-0.03947	0.17374	0.23866	-0.98163	0.45504	0.93966	-0.30364	0.68886	-1.22999	-0.59067	-2.10045	0.32597	0.20062	0.30016	2.39836	0.45236	0.37544	-0.28487	1.26127	-0.82889	0.56873	0.52250	-0.38686	-1.72673	1.39982	1.23810	0.56097	-2.15874	-0.92571	-0.55906	0.87563	-0.20896	-0.32040	-0.56903	-1.07382	-0.72691	0.55359	-1.14714	0.00563	0.85318	-0.40536	-0.44290	0.73292	0.67047	-0.07431	-1.25973	-0.30867	-1.92523
-0.96824	0.89213	0.95588	1.63280	-1.29473	-1.52302	2.06414	0.83885	1.05870	-1.13273	-1.41022	-0.45556	-0.33207	0.23649	-1.17000	0.28580	-0.96904	-0.14970	-0.12267	-0.06058	0.80292	0.22523	-0.00967	-0.33224	0.16768	0.73716	-1.63891	-2.37861	0.62561	0.33694	-0.34046	1.32080	-2.32138	0.01199	-1.55619	-0.89672	-0.10353	-0.33334	-0.88475	1.61393	-0.22163	-0.63588	-0.26037	1.92627	-0.26376	0.65730	0.29565	0.43693	0.33867	0.04498	0.99254	0.27855	1.10220	0.57351	0.57736	1.77529	0.57802	-2.32063	1.91394	-1.12264	0.48394	-0.06239	-0.58014	0.16617
-0.96472	0.38727	-1.40764	-0.04287	-0.76463	0.78801	1.54166	1.26868	1.09190	-0.83669	0.82906	-0.60092	1.78734	0.82130	0.25371	1.16043	0.87655	-0.20398	0.02328	-0.67786	1.03029	0.05588	0.73711	0.77587	-0.67619	0.35769	-2.30129	0.77092	0.41962	-0.27358	-1.81912	-0.42023	2.61999	-0.69158	-0.20183	0.26842	2.10965	0.64142	-1.58721	-0.25727	1.53698	0.76006	-0.26324	-0.72296	0.45007	-0.30671	-0.27452	2.04043	1.04927	0.52693	1.04968	0.01773	1.71243	-1.98939	1.17684	-0.91131	0.19297	0.89810	0.84036	0.97250	-1.24988	-0.33614	-0.32457	0.32430
0.86814	0.73329	-1.54665	-2.08713	-2.29068	-1.21962	-1.29689	0.63430	-1.09238	0.25387	0.70701	1.61270	-0.07422	1.23612	-0.83319	0.83973	0.88692	-0.50694	0.71497	-0.65366	-1.25100	1.04670	0.30118	-0.63034	1.29399	2.63981	0.18997	0.38249	0.05575	-0.78717	0.51975	-1.92695	0.68910	-0.65335	1.04280	-1.28138	-1.53009	-0.31352	0.13854	-0.02450	-0.50708	-0.07455	-0.71274	0.25584	0.51600	0.14809	0.24540	0.55852	1.79543	0.60074	-1.06823	0.13511	0.11362	1.36532	-1.45923	0.06206	0.10696	-1.16886	-0.56946	-0.55483	1.18984	-1.04866	0.60816	-0.87515
-0.19572	2.39370	-0.44714	0.30787	0.41964	-0.27696	0.73966	-1.14969	2.12296	-0.32004	0.67907	0.75628	1.93413	-0.40096	0.08119	0.58943	0.70345	0.54150	-0.50619	0.92049	-1.57954	1.25919	-1.04606	0.74311	-0.00195	0.36899	-2.92525	0.17368	1.25509	0.64136	-1.56015	1.23919	0.74170	-0.32025	-0.26648	0.09330	1.82080	0.45181	1.35086	1.67591	-2.37905	-0.48351	0.71660	0.37150	-0.94889	0.41913	-1.89929	0.35735	0.18706	-1.17888	0.91181	1.97604	0.42354	-1.12618	0.55328	-0.70108	0.66630	-0.22402	-0.33162	0.46368	0.66704	-0.77314	-0.03704	0.81742
0.77752	0.24676	0.36506	-0.89985	1.27023	-0.43198	-1.28463	1.67555	0.89059	-1.15431	1.06903	0.89796	0.45926	0.47698	0.92664	0.56458	0.59054	1.12347	-2.02916	0.59309	-1.79495	0.39972	-0.37094	-0.86857	-0.13421	0.33981	-1.35814	0.11645	0.26210	0.96449	-1.43270	0.51506	0.59031	-0.66418	0.67260	1.27076	-0.63843	0.88408	-0.11064	-1.03259	-1.94715	0.41640	-1.63193	-0.48785	-0.52040	-1.04255	-1.80604	-0.05128	1.81761	-0.27150	1.40370	-0.84337	-0.06323	0.26367	0.05625	-0.44568	1.59334	0.37436	0.46783	-0.27896	0.52154	0.53500	0.40952	1.02252
-0.95856	-0.25773	-0.90365	-0.57040	-1.04480	2.09060	0.59718	1.57894	0.85996	0.30692	0.70995	-1.91618	0.18951	-0.76490	0.39332	1.32057	-0.49417	-0.40994	0.12871	0.26383	0.01235	0.64847	-0.95048	0.10424	-0.60754	0.89050	-0.80724	-0.42630	-1.00175	-0.71735	-2.11065	0.18646	-0.29137	-0.37701	-0.31756	0.17959	0.93907	1.80662	-1.47982	0.87607	1.54184	0.34111	0.32233	1.25144	-0.82595	-2.63363	-0.21128	0.41771	1.94586	-0.56952	0.15338	0.89881	-0.68136	-0.79092	0.31969	-2.19522	-0.94754	-1.60107	0.07340	2.34940	0.29577	-1.77291	0.04845	1.00299
-2.58282	0.05381	-0.81286	0.78079	1.13557	2.17138	0.23331	0.65413	0.07357	-2.03663	0.54972	-0.13291	1.12537	-0.51411	2.29297	1.53655	3.14715	0.33654	0.60888	1.97355	-0.42794	-1.05186	-0.33685	0.36402	-0.98565	-0.66066	0.95579	-0.82840	-2.19273	1.51085	0.66695	0.46867	0.92328	-1.07188	0.98397	-1.84240	1.05800	-0.08677	-1.53252	0.30621	-0.42920	-0.61277	-0.83070	0.95559	-2.03471	0.58380	0.21455	0.53125	1.06730	0.07604	0.26649	2.26733	0.11631	-0.11753	-0.08616	-0.17539	-1.24934	-0.46745	1.71920	1.91754	-0.85922	-0.92062	-2.39739	-1.27270
1.27236	-1.68361	0.00190	1.33925	-0.04160	-0.05647	-1.26696	0.21769	0.82107	1.12314	0.71428	1.52153	-1.29304	-0.11835	0.28635	0.39754	1.32335	-0.38188	-1.59623	0.34412	-0.07169	0.29865	-0.69973	0.76240	-1.30038	-0.01600	0.99248	-0.05453	0.24473	1.22105	0.71944	1.01680	-0.76997	1.63631	-0.03825	-2.40832	1.29514	0.36479	0.13322	0.34410	-1.74321	-0.30493	0.04439	0.79384	0.03289	0.21157	0.78931	-0.24581	1.61739	0.95026	1.54504	0.18238	-0.65141	-0.03091	0.01592	-0.39928	0.34693	-0.36529	0.21826	0.03632	-0.42117	-0.67361	-0.18145	1.73170
0.84245	0.94222	-0.06265	-0.54340	0.50874	1.43254	0.02970	0.67016	0.93095	-0.05652	-0.84749	0.31366	-0.79676	0.08034	-0.95353	-0.60947	1.73060	-0.24779	-0.93739	0.47518	-2.41993	-0.37646	-0.26570	0.01010	2.62245	-1.19482	1.54469	-0.41330	0.47499	-1.62199	-0.88688	0.51089	-0.96994	-0.18556	0.55200	0.63147	-0.55564	0.03579	-0.31824	1.81663	0.18233	-1.12821	-0.25681	1.20630	-0.58495	1.41490	-1.01418	0.92357	-0.74700	0.91394	1.26352	0.16613	1.02048	0.50305	1.05238	-0.55116	0.20174	0.15801	0.30813	0.05932	-0.59634	0.36290	0.33478	-0.26950
-0.42914	-0.28961	0.71176	0.96192	0.97144	-2.12032	-0.04313	-0.22363	-0.44984	-0.37961	0.08161	0.26910	0.54933	1.02608	-0.22481	0.47731	-0.86162	-0.28072	1.09223	1.42136	2.02617	-0.32102	0.97887	-2.15618	-1.16905	1.36786	0.65346	-0.68682	1.22286	-0.92278	-1.21255	-0.18120	0.47399	0.23433	-0.24785	1.21842	-1.06306	0.66033	-0.74865	0.15620	-1.25707	1.18483	-0.13734	-0.74564	1.40669	-2.27823	0.40540	0.82366	-0.93849	-1.06049	0.40820	0.67489	-1.22999	0.87093	-0.02659	-0.22328	-0.44318	-0.29779	1.56285	-0.02642	2.90272	1.45512	-0.15877	-0.05300
-0.76241	-0.56124	-1.05453	0.33398	0.56286	0.23803	-0.07566	0.00789	-0.88699	-0.00629	1.80094	-0.49702	-1.12030	0.01661	0.03403	1.09855	-1.86958	0.98698	0.12030	-0.86822	-1.81975	0.69824	-0.72511	0.52022	-0.00474	1.09893	1.52925	1.66907	-0.44045	2.02811	0.99565	-0.03541	-2.07142	-1.04067	1.10483	-0.06029	0.50180	-0.05978	0.47686	-1.75142	0.80133	0.53377	0.80977	-0.03918	-0.67121	0.60483	-0.04261	-0.46780	1.23460	1.34547	0.10875	0.29886	0.97618	1.11198	0.00243	-0.49230	-0.06240	-0.01821	-1.07290	0.22777	-0.06417	0.37080	0.02668	0.15049
-1.77812	0.90449	0.58539	-0.56759	-0.78640	-0.90902	-2.23339	-2.07574	-0.88859	-0.46493	-1.04720	-1.93627	-0.36537	2.66381	-1.31119	-0.39483	-1.03966	0.63441	-1.93400	-1.26233	1.97900	-2.01404	0.39832	-1.25379	-0.52770	-0.57382	-1.10942	2.22975	-0.18475	1.92691	1.12466	1.09733	-2.24724	1.16827	-0.17135	0.08140	0.48444	-0.86520	1.43288	0.53469	0.77808	-0.93661	-0.52227	-0.38544	-0.39588	0.45920	1.06589	0.59410	-1.62264	0.94503	1.45914	1.07867	-1.10280	1.79320	-2.61449	-0.02427	1.29422	1.32846	-0.38667	0.25515	1.45297	2.63235	0.72673	-1.40353
-1.18143	-0.03066	-0.84306	1.11814	0.91239	1.19870	0.88038	1.31676	-0.07957	1.17235	1.28147	1.12237	1.18203	-0.26729	0.24628	1.50815	1.27237	0.65497	0.67957	-1.04395	-0.17642	0.30744	-0.82155	0.60639	1.58782	0.65348	1.34827	-1.28412	-0.06215	0.59951	0.98242	-1.26124	-1.03844	-1.77208	2.99971	-0.69124	-1.51504	0.08404	-0.78521	0.85825	0.20767	-1.70232	0.68658	1.87565	-0.76700	1.70572	0.18025	-0.60865	0.29754	-0.87918	1.16525	0.24333	0.42695	-0.07795	-0.06801	-0.24330	-1.54354	-1.56674	1.95735	-1.10526	-1.84716	-1.33793	-0.52178	-1.20188
0.51587	-0.95977	-0.52010	-2.11164	0.05214	1.26161	0.15106	1.22021	0.70790	-1.91063	-2.14448	0.52988	-1.27766	-1.65665	1.39555	0.80966	-0.97247	-1.11141	2.27818	-0.85859	-1.08018	-0.42178	0.02645	1.50318	0.99491	0.51058	0.90951	-0.12090	-0.75312	-0.96674	-1.16643	-0.10214	0.67486	1.06179	0.32692	0.62349	-0.35441	-1.00342	-0.14002	0.13055	0.77477	-1.20041	-0.25891	0.03528	-0.13713	-0.27882	-0.54339	-0.45613	-0.97994	-0.19621	0.75333	0.87598	1.18051	-0.91709	-0.10819	-1.48199	-1.83796	1.11968	0.31008	-0.85150	0.31778	-0.64207	-1.49526	0.48251
-0.71172	1.65842	-0.33726	0.08783	-1.38306	-0.52667	1.78802	-1.86229	-0.19801	0.84210	1.24415	-1.36227	-0.11150	0.90331	-2.13930	-0.09954	-0.76872	-0.11126	-0.71922	-0.79152	-1.62006	0.03676	-0.98480	0.26494	0.17414	0.11422	2.30466	0.40288	0.19997	-1.06018	2.14614	-1.00964	0.23564	0.43045	-0.85712	-0.36276	0.95970	-0.09135	-0.86392	-2.13315	0.11637	-1.45956	-0.43867	1.16303	-0.16289	0.42137	0.61431	0.61658	0.79889	0.22149	-0.04637	-1.76744	0.42502	0.21553	-1.03716	0.20396	-0.61859	-0.66744	-0.28413	0.58540	0.51092	0.66393	0.61835	-0.10715
-1.25192	-1.66369	0.74815	0.34460	2.26489	0.53661	0.71629	-0.11502	-1.06189	-0.18014	-0.02327	3.47369	1.28984	-1.83077	-0.29836	0.30485	1.25418	0.66347	0.22568	0.46376	-0.93438	0.01989	1.03013	0.15575	-0.38586	0.85796	-0.05879	-0.91398	-2.12496	-0.55207	0.15892	-0.85874	0.89485	0.04942	-0.06190	0.20645	1.61145	-0.54866	-1.26275	-2.41988	0.02946	1.06762	0.93201	2.27684	-1.23232	-1.18380	-1.53395	3.32557	3.50474	-0.46806	1.70968	2.04684	-0.04525	-1.11102	-1.11607	-1.67727	0.86968	-0.67257	-0.16656	1.36126	-1.03636	-0.89495	0.02454	-1.77713
-1.43327	-0.03676	-0.58227	0.79955	-0.27219	-1.89211	-0.08372	-1.39030	-1.00537	0.16651	-0.99297	-1.55791	0.54187	-0.81778	-2.65885	0.72405	0.39776	0.44532	0.59806	0.30538	-0.16370	0.09920	0.82179	-0.85344	-1.20817	0.25992	-0.75208	-0.53523	-0.55452	0.56127	1.18873	0.61336	2.65548	0.00665	0.32991	0.04073	-0.96826	-0.52953	0.40472	0.70728	0.64627	-1.04756	-1.20045	0.88124	-0.35545	1.28606	0.79350	-0.43333	0.83235	-1.27044	0.12503	-0.75397	0.35479	0.98932	0.68798	-0.54550	-1.13248	-0.71428	-1.10141	3.04669	1.19075	-0.94416	-1.26691	-0.03389
1.90598	-0.44825	0.65014	-0.77538	-0.05186	2.56640	0.75664	-0.93603	0.08658	0.04924	-0.44233	-0.36524	-1.71106	-0.03201	-0.19644	2.01456	1.11705	0.02508	-1.56014	0.09723	-0.04170	-0.59447	-0.34320	-1.14586	-0.32028	0.12404	0.08182	1.12744	0.62721	-1.99973	-0.87833	0.01079	0.11521	0.31108	0.02224	0.21191	-1.22855	0.67363	0.44097	0.19848	2.83247	1.34079	-1.37433	1.42376	0.92887	0.81797	0.45909	-0.32891	-1.10336	0.29641	0.40394	-0.48556	-0.09894	0.29025	-1.78254	0.30628	0.73581	-0.62155	2.03755	-2.95781	-0.03014	-0.01275	-0.37054	0.55682
0.35721	0.11765	-0.94160	-1.18171	-0.61239	0.04596	-1.33407	-0.70927	0.15853	0.64640	-1.05884	-0.31435	1.48728	-0.37464	0.79595	-0.27943	-0.35341	1.42533	0.67370	-0.51359	2.10135	-1.33225	1.70653	1.03605	1.17558	-1.28921	0.11246	1.76731	-0.05331	0.45723	0.76090	0.36570	2.23328	-2.25346	-1.04550	-1.10706	0.19357	-0.27784	-0.82250	-0.15495	0.65800	-0.74098	-0.76050	0.25164	-1.80410	-0.86265	-0.75283	-0.10020	0.73566	-1.11897	-2.02011	1.00691	1.59435	0.83561	-1.31690	0.10199	-1.01891	1.24632	-1.14536	1.27573	0.06557	-0.62006	1.90279	1.59347
-0.55603	-1.09183	-0.03264	-0.37824	1.39485	-0.45341	0.77788	1.03286	1.11529	1.51425	0.69186	0.36929	-0.90817	0.37725	0.31547	1.15236	0.18565	-0.74213	1.39486	1.76232	-1.42348	-0.31360	-2.27841	-0.64868	-0.22366	-1.54891	0.20639	-1.27532	1.76984	1.32835	-0.85269	-0.04445	-1.74664	-0.66036	-0.44122	-0.74642	0.24814	-0.01140	0.36046	-0.71389	-0.27798	-0.14816	-1.38639	0.39734	-0.36482	0.46560	-1.99479	1.87052	-0.96567	-0.38514	0.34290	1.12016	-0.12408	-1.27206	0.05652	1.24770	-1.98177	0.19883	0.24890	0.99229	-0.12539	0.23006	-1.93486	0.01760
-0.18095	0.75064	1.20278	0.04181	-0.37924	-0.73148	0.21823	0.87648	-0.65811	0.41935	-0.23316	0.02132	0.59610	0.53760	0.54479	1.23557	0.78886	0.87937	0.46907	-0.94901	1.43125	0.37178	-1.75838	0.85548	0.00360	0.01811	0.64518	0.30904	0.90285	0.72232	0.09473	1.08788	-0.69219	-0.10915	-0.35876	0.09617	-0.00250	-0.68140	0.55270	-0.91818	0.05080	0.73581	-1.18857	-0.70513	-2.12782	0.14737	0.18541	0.76947	-0.81345	0.49678	0.57006	0.33612	0.10861	-3.12096	1.08428	0.23453	0.52144	0.63423	-1.00748	2.15517	0.64178	0.00496	0.89267	0.66997
0.15801	1.62152	0.70397	-1.84012	0.18868	-1.71264	0.21928	0.36577	1.36398	0.99605	-0.62336	-0.17777	1.51801	0.66348	1.90654	-0.57945	0.65692	0.18975	0.97657	-0.45786	-0.81854	-1.63725	-0.95424	-0.93126	-0.92051	0.48863	0.48976	1.09824	-0.62412	0.99929	-1.39208	1.36596	0.67675	-0.38690	-0.22306	0.28274	1.63290	-1.30966	2.20867	1.37969	0.57903	1.58834	1.12697	-1.25917	-0.84350	1.33841	0.18846	1.73467	-0.24360	-0.72707	-0.51774	-1.49264	-1.11909	-0.76362	1.08680	1.34779	0.20052	-1.56922	0.62236	0.47392	-0.51220	0.68711	-1.82191	0.64829
0.54742	0.03655	0.66636	0.65534	-0.79192	-0.61961	-1.29256	-0.00174	-1.10985	0.06821	1.33539	-1.40189	-0.17646	-0.31308	-0.58228	-0.97055	1.65314	0.21120	0.17335	-0.99433	-1.43463	-0.25018	-0.72788	2.65352	0.05018	-1.62984	0.36360	2.63783	-0.33817	-1.29697	0.77724	2.04230	-1.68267	-1.52755	-0.18592	0.17444	0.21534	-1.12533	-0.12806	0.10061	-0.01170	-0.56240	-0.55875	0.29832	0.99577	1.04232	-0.08876	-0.28770	0.41289	0.78910	1.35023	1.69622	0.44082	1.04025	1.37722	0.00257	1.16623	-0.53356	0.04081	-0.50779	0.19722	0.62235	1.92818	0.52948
0.80573	2.77221	-0.33274	0.22975	-1.44754	-0.05478	1.47501	-0.12602	-1.38385	-0.46361	0.21088	-1.43755	0.28520	-1.09229	-0.89908	-0.16762	0.55059	0.25057	0.23411	-0.29064	-0.35917	-1.14821	0.98671	0.07588	0.70958	-0.24595	-1.28415	-2.52862	-0.31538	-0.58954	1.61841	2.07323	-1.40322	-0.99438	-0.88337	0.05073	1.38904	0.64870	-0.01739	0.22933	1.13008	0.13205	0.70327	-0.31592	-0.21709	0.66363	0.16428	-0.80426	-0.50808	-0.61857	-0.24559	-0.27543	-0.01201	-1.35512	-0.79511	0.04819	0.24463	-1.42008	-0.18505	0.20362	-0.30161	0.09241	-0.04161	-1.37190
0.22448	-1.05421	0.80575	-1.28696	0.43750	1.51977	1.81027	-2.14783	-0.98986	0.10598	-1.07682	1.55534	0.34659	-1.64464	0.21440	1.90600	-1.07934	0.74800	1.12750	0.12518	-1.65302	0.09348	-2.17874	-0.22679	1.25908	0.17338	1.55433	-2.79947	-2.39075	0.47613	0.16920	-0.53423	0.41264	0.59276	-1.52869	-0.84406	-2.04164	0.58950	-1.16388	0.97180	-0.66627	-0.99859	1.66355	-0.00138	-0.14347	-1.21389	0.78599	0.53795	0.39258	0.19666	1.20787	-0.25713	0.24169	0.27681	-0.76942	0.11812	0.86118	0.07841	-1.62155	-0.04410	1.29189	-0.80448	-0.32865	-0.41728
-0.57408	-0.03468	0.34143	0.51989	-0.71826	-0.67410	0.57425	-1.29075	-0.29577	-0.97480	1.04053	-0.18649	0.35236	0.60746	-1.68504	-0.17543	-1.16583	-1.24349	-0.25193	0.84096	-1.33969	1.14877	0.52279	0.92941	-0.95876	-0.65943	-1.23878	-0.54688	2.34192	-1.14484	1.55949	-0.19348	-0.60618	-0.80353	-0.21313	-2.09543	0.56041	-0.43951	0.26526	-0.21107	-0.55551	0.72520	-1.46947	0.52804	-1.60134	-1.38754	1.72162	0.58386	1.20279	-0.02243	0.46265	1.23866	1.59206	0.38356	0.02935	0.84324	-0.28759	-0.46581	0.28150	-0.01342	-1.08773	-0.47579	1.13408	0.55826
-0.62484	0.67878	-1.14885	-0.29162	1.12352	0.69776	0.85998	-0.39851	-0.59476	0.15625	2.00219	0.14610	-1.38062	-0.98574	0.57578	-1.04385	-0.46913	-0.75968	1.95683	-0.49657	-0.47536	-0.04243	-0.99116	0.46334	0.58889	-0.25774	-0.05439	1.87155	0.07216	2.15254	-1.08360	-0.14248	-0.84895	-1.99127	2.05441	0.55686	-1.47627	-0.32978	-1.64828	-0.91527	-0.41826	-0.27721	-1.55853	-0.29254	-0.54726	-1.47516	0.06074	0.94962	-0.02483	0.16104	0.50169	1.56010	-0.19044	0.26785	-1.11883	0.38190	0.10800	0.05876	1.40672	-0.09599	0.18406	-0.06204	-0.30877	-0.44385
0.44108	1.04463	-0.38929	0.57536	2.63654	1.38951	0.92606	1.06568	0.42265	0.00829	-1.18219	-0.96494	0.50093	-2.16711	-0.48208	-0.66516	0.02797	-0.31242	-1.12861	-0.39134	1.44508	0.83112	0.32611	0.14196	-0.12142	0.52124	0.76121	0.41509	-0.28932	0.18317	-1.29486	-0.08972	-0.95964	0.17333	-0.15917	-0.47516	0.12260	-0.03114	-0.17505	-0.32514	-0.35813	-0.04571	0.62109	0.16495	1.09053	-0.17588	-0.81380	0.71552	-1.99621	-1.74380	-0.16920	-0.72597	0.01083	-0.75069	-1.82563	-0.01382	-0.35219	0.30853	0.87619	-0.10328	0.41818	-0.38853	0.24149	-0.60150
1.07612	-0.65628	-0.41512	0.11956	1.45450	0.07904	-0.05610	1.61862	0.11862	-0.01478	0.93458	-0.23600	-0.32876	-0.18037	0.52039	0.71125	-1.63111	0.99786	1.21952	-0.02404	-0.67080	1.78528	0.61739	-0.25627	-1.18146	1.91813	0.85784	-0.34652	0.36336	-0.38450	-0.43369	-0.03872	0.17744	1.39271	-1.16980	-1.94788	-1.74886	1.89207	0.42188	-0.82223	0.70107	-0.05214	0.27090	1.58618	0.78751	-0.50816	-1.60024	0.84983	1.24073	-0.68000	1.38758	0.89455	-0.31823	1.98520	0.07163	1.55894	0.20633	-2.04865	0.84129	0.35081	-0.19951	0.00103	-0.90293	0.27297
0.21331	-0.87208	-0.58967	-1.22914	1.06471	0.12572	1.37877	-0.35305	-0.71766	-1.16047	-1.34962	-0.90720	-0.61466	-1.50218	-0.67401	0.10020	-1.52132	0.19192	-0.97283	-1.06641	-1.12105	0.28762	-0.46361	1.61296	-1.42255	0.11488	-0.22811	-0.23077	0.26635	1.57094	-0.20115	-1.44930	-1.17582	-0.14347	-0.03618	0.00819	-1.23409	-0.09237	0.68547	0.04853	-0.02486	-0.88899	-0.75043	1.19411	-0.29500	-0.48032	0.08989	-0.23295	1.00234	1.64165	0.33493	1.15073	1.63400	1.82858	-0.68508	-0.05961	-0.95578	-0.53406	-0.67248	-0.53209	1.47536	-0.05398	0.83339	1.04100
-0.69949	-0.78019	0.36944	-1.04057	1.36155	0.23966	0.36875	0.67159	0.51166	1.64081	0.85033	-1.60891	-0.42402	1.03622	-0.60109	-0.82074	0.95480	0.51976	2.06523	2.54639	0.60743	0.06393	-0.97785	-1.21505	-1.91862	0.45359	-0.51884	-1.08329	1.24548	-0.21544	0.45742	-1.01631	0.15796	0.60815	0.23077	-0.05746	0.84835	0.92573	0.71121	0.27993	-0.53687	3.58550	0.76319	-0.90663	-0.95277	0.25344	1.62643	-0.74233	-0.02669	-0.24581	0.23005	0.79322	-0.58182	1.26640	0.68690	0.18127	-1.51746	0.33191	0.09807	-1.64499	0.18686	-0.35182	0.14147	-0.65823
0.55459	0.36784	-1.13994	0.82967	-0.21115	0.06488	2.06277	-0.85821	-1.04015	-0.87428	0.23345	-0.79536	-0.03861	-0.36255	-0.17165	-1.33383	-0.78387	0.83904	-0.32602	-0.45506	1.57915	1.81762	0.64031	0.48134	-1.38177	-0.89997	0.52592	-0.15932	-0.11381	0.46732	-0.10899	-0.84090	0.96142	1.91907	-1.14071	0.90834	0.00604	-1.00983	0.96611	-1.30859	-0.26590	0.96365	1.97807	1.46458	-0.46124	0.56886	-0.44122	-0.64406	2.46763	-0.53061	1.38201	-0.73467	1.02303	-0.68052	-0.23744	1.82682	-1.78077	0.24784	0.46280	1.60564	0.25073	-1.68337	-0.41412	-0.37632
-0.26094	0.34818	1.60245	-0.40092	1.46695	0.28580	1.45887	1.83278	-1.02304	-0.98361	-0.99207	-0.70258	-0.86161	-1.05372	-2.05986	-1.06170	-0.60666	0.65364	-1.97512	1.85490	0.54925	-0.84637	1.12084	-0.13517	-1.88590	1.06015	1.89524	0.40903	0.62080	-0.22473	-1.23541	-0.30689	-0.98830	0.55274	0.46058	0.30228	-1.75034	0.53161	0.58578	-0.63211	-1.36642	-0.04077	-2.18395	-0.61696	0.22482	-0.57632	-0.13629	1.62219	-0.72328	0.22492	-0.90248	-0.07002	-1.45616	0.03880	-0.98953	-0.87566	0.92928	-1.12806	1.50681	0.03672	0.56660	0.71406	0.90574	-0.14336
-3.27903	-0.76119	-0.94850	-0.44840	0.13247	1.98210	0.06259	0.04366	0.25980	1.28315	0.51627	0.15619	1.05972	-0.33539	0.23128	1.82826	1.24733	1.05911	0.94405	2.00221	-2.73755	0.06021	-1.19169	-0.57627	0.33524	3.03409	1.70883	-2.67089	0.27833	0.46071	-1.74706	0.69083	0.44039	-1.11485	-1.24717	-0.94916	-1.54853	0.83014	-1.48665	-0.93535	1.11053	1.64016	1.04096	0.82840	-1.07126	-0.94572	-1.69835	1.16584	-0.18392	0.29411	-0.26016	1.61846	0.47383	-0.15949	1.45012	0.20795	-1.03849	-0.18304	0.54420	-0.13580	-0.65185	0.73916	-0.07987	0.24321
-1.18283	-0.44239	0.38727	-0.21147	1.51529	0.50200	-0.98248	-0.24324	-1.04584	-0.37194	-0.19733	0.36879	-1.51609	-0.29791	0.50806	1.05782	0.36659	1.50049	0.38699	-1.45384	0.00265	-0.02226	-0.52896	-0.29877	0.36042	1.30770	-0.19484	-1.04941	-0.67937	0.17272	-0.03783	0.88801	1.90522	-1.30003	0.46990	-1.97771	0.16360	-0.00599	-1.15285	0.60428	-0.71275	1.07464	0.87301	-0.59719	-1.19934	0.43928	-1.79809	0.22314	0.44905	-0.04466	-2.11541	-0.28545	-0.56550	-1.22963	-0.23819	-1.37897	0.70213	0.49558	-0.63370	1.79239	0.35386	-1.04858	-1.68264	-1.13044
-0.07384	2.92303	0.70988	0.91021	0.43205	-1.06500	-1.58606	-0.05945	-0.03590	0.86128	-1.13873	-1.24463	-1.21647	1.27557	-0.31993	-1.62488	2.18014	-0.52093	-0.69516	1.48232	-0.00799	-1.09835	1.38935	2.03104	-0.67802	-1.26775	1.24458	0.99622	-0.81960	-1.35464	0.93996	-0.40285	-0.08349	-0.67892	-0.66687	-0.36415	-0.67694	-0.06357	-0.07194	0.59476	0.85856	0.80522	-0.81921	-0.33369	-0.60905	0.59365	1.06868	0.70136	0.01859	-0.96621	-0.78387	-0.09944	-0.73792	2.41634	-0.17729	-0.55626	2.02606	0.23035	0.96094	-2.43437	-0.03939	0.87024	-0.50175	1.44135
1.20815	-0.18642	-2.28426	-0.16410	2.20083	0.28171	-0.21342	0.16471	-0.00947	-0.63739	-0.85991	1.21681	0.31739	0.26778	0.90315	0.07630	-0.71678	-0.14696	-0.21880	-1.48496	0.87804	-0.73731	0.09062	-0.34367	-2.07532	-1.14841	1.29401	0.19304	-1.69001	-0.32469	-1.05658	-0.94453	1.34750	-1.39861	-0.73014	-1.18253	0.15271	0.36196	-0.85251	1.14270	-1.64494	0.61900	-0.52830	-1.15477	-0.85077	-0.77117	0.22124	0.10481	0.45935	-1.56041	1.32197	0.17293	1.71980	-0.08067	1.12872	0.29493	-3.31104	0.40993	1.16771	0.88549	-0.01796	0.38680	-0.89817	0.33986
0.50862	1.57549	0.33459	0.72287	2.15745	-0.70079	-1.52957	0.06807	1.02977	-0.50969	-0.30152	1.20152	-1.05009	0.65557	0.77445	-0.24911	-0.34892	-1.41721	-0.82580	-2.16411	1.33122	1.16880	0.03776	1.11316	0.23775	-0.86367	2.15135	2.30238	-0.45884	1.03210	1.07994	-0.36186	-0.04058	1.63204	-0.11412	-0.21026	0.22179	-1.23885	-0.89031	-0.55279	1.81440	-1.36608	-1.69438	0.61977	1.79967	-0.04788	-0.48162	0.16169	-2.61958	-1.06447	-0.31288	0.71664	-1.55046	0.63111	-0.80639	0.93506	-2.21579	0.29709	-1.40412	2.75790	1.49480	0.22280	0.66111	1.34402
-0.90519	0.62901	1.74436	-0.22347	0.63160	0.23717	0.25531	-1.24692	-0.06022	0.00911	0.62152	-0.51552	-0.30050	-0.75300	2.69531	-0.36174	0.58967	0.10189	0.14426	-1.74987	1.39182	0.08156	-0.04792	1.51558	1.21979	1.08068	0.55174	0.37681	-1.18462	2.92019	-0.35772	-0.22864	0.04577	0.46634	-0.15241	0.67484	0.22645	-0.83290	-1.43103	1.88204	0.57726	1.42624	0.36874	0.92152	-0.84601	-0.12023	-0.34497	-0.65066	0.24542	-1.01888	-0.38476	-0.52203	0.99390	-0.43218	-0.39471	1.25586	-0.14936	-0.70678	-0.51028	3.05193	2.12407	-1.02996	1.34455	-1.02229
1.97456	0.74464	0.59069	0.52712	0.65754	0.37187	-1.26141	-2.35623	-0.75365	1.56954	-1.98857	-1.23590	0.24602	0.22383	-0.77305	0.44022	-0.82150	-1.10118	1.03470	0.24898	1.36438	-0.59389	2.00056	-0.96679	-2.06683	-2.73340	-1.46344	0.98640	1.55217	1.19879	-0.24507	-0.36807	-2.31652	-1.91580	0.99858	1.08451	-1.31536	-0.51403	0.12169	0.66870	1.21000	1.11419	1.31231	-1.00146	0.95343	1.07740	0.93156	-0.29540	0.13078	2.74492	0.39056	-0.30634	-0.02416	-1.01760	-0.49156	1.08671	0.82994	1.34870	0.61594	-0.01479	3.79513	0.53415	1.70377	-0.57914
0.42907	-0.56718	-0.18933	0.25848	0.45442	0.47025	-0.37634	-0.37343	0.71712	-0.18602	-0.40187	0.05948	-0.42714	1.09023	-0.97202	1.09026	0.02265	-0.40670	0.80152	2.01122	-0.56822	2.01134	0.40774	2.41560	0.45442	0.64615	2.06742	-1.19899	0.77534	-0.05125	2.25672	-1.42003	-1.03945	-1.05302	1.09272	-0.86693	0.16470	1.42051	0.20602	-1.48476	-2.00614	-1.15891	-1.42011	0.85322	0.07202	0.64515	-0.15050	-1.80083	0.57910	0.42802	0.08679	0.82336	0.62327	0.60653	0.76033	0.71841	0.21314	-0.01863	-0.23566	0.54939	-0.85712	-1.25327	-0.59290	-0.08774
-0.00716	0.33155	-0.58649	0.22087	-2.36876	0.71417	-0.75820	-0.42927	-0.61802	-1.39303	-1.38919	1.01383	0.82265	-0.34141	-0.15536	0.01745	-0.50084	-1.10176	1.72211	0.46094	-1.02877	-2.11280	-0.91737	-0.16331	-0.23406	-0.24090	-0.94554	0.60545	-0.23011	-0.14480	0.68947	0.64273	-1.35322	-0.78712	1.17176	0.69276	-0.48748	0.26447	-0.49456	0.23607	1.18726	-2.33013	0.47023	0.16862	0.81990	-0.07101	0.39084	-0.82935	0.59663	2.12025	-0.67493	0.06344	-1.79205	0.86388	0.06538	1.11155	0.57256	-2.33109	0.40384	-0.31762	2.69459	-0.83222	1.99481	-0.65201
-0.97545	-0.69803	-0.03916	0.39791	1.03079	-0.77343	-0.59816	-1.19263	0.08069	0.35529	-1.92907	-0.33666	-0.48768	-0.45318	-0.16338	0.82189	-0.89530	-0.29481	-0.64291	-1.27580	0.06607	1.60246	2.23026	-0.09536	0.58759	-0.23534	-0.59607	2.11848	0.64908	0.38062	-1.04364	0.59443	0.34665	-1.69664	-1.18867	2.88372	-0.51896	1.24291	1.82434	-0.38386	0.05747	0.31653	-0.75448	-0.06660	-1.66520	1.22140	-0.52619	0.34627	0.72842	0.00957	0.65402	0.22729	-1.29135	-0.47153	-0.14711	0.88518	-0.30020	0.19864	-0.35067	-1.60676	-1.03664	1.03209	-0.36859	0.54680
0.36532	1.68661	-0.02371	-0.82314	0.56286	1.09848	-0.60341	-1.82800	-1.12870	2.04025	-1.40408	-2.11371	-0.83299	-0.88492	-1.44211	-0.56248	-1.47182	-1.68935	-0.66620	-0.50035	0.63859	-2.15634	1.47716	-0.66977	0.30523	-0.91857	-1.79981	-0.24451	-1.19965	0.04567	-0.11478	-0.09030	-0.01798	1.46749	-2.70474	0.20914	1.58846	-0.17570	1.74193	1.89049	0.00205	0.14831	-1.18452	-1.71253	0.94172	0.08093	1.37122	1.57979	-1.75156	0.31224	0.44572	-0.61905	-0.05192	0.64720	0.68071	0.89727	-0.38172	2.03927	1.73397	-1.81060	0.19435	1.88814	-0.77909	1.03678
0.70243	-0.08738	0.67284	-0.24946	1.72764	-0.64102	-0.87000	0.79263	-0.69570	-1.84050	0.48438	-1.42422	0.50065	0.22577	0.95284	-2.24325	0.44557	-1.31650	1.62210	-0.24268	-0.40200	-0.97970	0.92209	-1.93408	0.24301	-0.30287	0.79145	-1.36146	-0.49467	0.08464	-0.73250	-0.44283	-0.40042	-0.64628	-0.44433	1.07670	-1.14490	1.84767	1.71402	0.17754	-0.55783	-0.66483	-0.12191	0.73528	1.26710	-0.39547	0.79856	1.64721	-1.58452	-0.53551	-0.81770	0.53469	0.24784	-0.43809	-0.23923	1.01661	0.28055	2.50195	1.07078	1.13807	-0.22950	2.29333	0.29323	0.04364
0.22441	0.57420	-0.38537	-0.96984	-1.31290	1.56031	0.24180	0.56234	0.63095	0.61539	-1.12379	-0.04674	1.07060	-1.63546	0.09995	0.64202	-0.57279	0.12811	1.49640	-1.14039	0.54925	0.58555	-1.28916	-0.54173	-1.59607	1.39609	0.75145	0.20622	0.79590	0.56186	0.17877	0.31683	-0.46282	1.90173	-0.11418	-0.81606	-0.71851	-0.47433	-0.16073	1.03326	1.10865	-1.99860	1.57986	-0.59060	0.75996	-0.33091	0.53615	0.80752	0.28315	0.71123	0.38521	0.00205	-1.19634	-0.58728	0.98616	0.84871	2.36885	1.64594	-0.98350	1.93676	0.04696	-1.91920	-1.39527	-2.56215
-0.08373	0.36232	0.02351	-0.21860	-0.72402	-0.86505	-0.66584	1.68471	0.46682	-2.07453	1.90489	-0.98318	-0.55692	-1.52150	-0.74625	-0.38435	-1.17735	0.40354	0.55171	-0.43505	-1.19906	0.84430	0.72068	-1.23410	-0.48406	-0.04226	0.19208	-1.13259	-0.44907	-0.09406	2.19849	1.72012	0.31972	-0.76223	-0.82037	0.73402	-0.75743	-1.24026	0.28380	0.30958	-0.59236	0.48268	1.37386	0.62891	1.06450	0.28169	-2.67706	0.74491	0.55744	-0.85882	0.10124	-0.42693	0.84509	1.01883	0.93414	0.07033	-0.51090	1.04149	0.68189	-0.09778	-0.37551	-0.83790	-1.32807	-1.86787
0.82742	-1.82687	-1.20662	-0.55117	0.23148	-0.62350	-0.46973	-0.68947	1.60507	-0.27173	-1.94279	-1.16962	-0.05484	-0.40898	1.01572	0.40042	-0.11830	-2.98619	0.45896	0.90097	0.38221	2.42998	0.08581	-0.13236	-1.62908	0.65961	0.08744	-0.39216	-0.31851	-0.67241	0.66581	-1.80085	-0.48927	-0.21019	-0.47144	-0.68724	-1.21123	-0.59759	0.73157	-0.09977	0.23299	-0.17264	-2.14306	-0.27542	0.26771	0.59420	-0.03451	0.42763	-1.74601	2.00148	-1.09766	-0.95748	-0.77940	0.29180	-1.35261	1.07435	-0.05946	-0.50605	2.44583	-1.20647	1.45939	1.20110	-0.56456	1.86408
0.38204	0.21055	0.35022	0.87901	0.84872	-2.58836	0.13073	-0.54165	-1.17647	0.77439	0.80393	1.70816	0.03458	1.25863	-1.10849	-0.32923	1.99375	-0.32526	0.67475	0.72342	-1.34819	-0.30738	1.41675	-0.39092	-0.33029	0.10970	-0.84954	-0.63936	-0.97504	-0.11696	-0.28610	2.81501	-0.41007	1.01462	1.14215	-1.11552	-0.56577	-1.35930	-1.07078	0.54967	-0.75094	-1.09705	1.72093	-1.62885	-2.12253	1.03431	0.57734	-0.17474	-1.73685	-0.83022	0.19819	0.60112	0.81276	0.09041	-0.43655	-0.83798	0.30613	-1.49438	0.67267	-0.55361	0.31805	-0.62630	1.80278	0.39371
0.43572	0.72608	1.71949	1.16098	-0.63017	1.37165	-1.25680	0.31668	0.42953	-1.16639	0.58834	-0.84590	-1.84451	0.28723	-1.00031	1.15840	-1.38871	-0.25181	-0.30876	-0.43364	2.07777	0.98834	-1.50106	-2.72112	0.68733	-1.46444	-0.89405	1.59953	0.47143	-0.80772	-0.33934	-0.22641	-0.04611	0.56016	-0.32432	-0.06197	-0.07514	-2.22289	1.04578	-0.55251	1.06999	-0.47766	1.26993	0.58813	1.08368	1.17205	1.37493	0.92185	-0.59668	-0.36623	-1.29642	-2.30047	-2.24241	-0.05750	-1.76964	-0.07342	1.18924	1.07707	-0.47217	0.30205	1.20533	1.18081	-0.78718	-0.63231
0.52113	-0.27704	-0.54014	-0.96908	0.12822	1.91781	1.03493	-1.24560	1.15522	0.61877	-0.86652	0.50412	0.68332	1.04637	0.20091	0.39932	0.32687	-0.45121	-0.03965	0.35087	0.19811	1.09591	-0.50043	-1.59423	-0.75216	1.13290	0.25707	0.80761	-2.01173	-1.85363	-1.09264	-0.86368	-0.02772	0.16481	-0.19358	-0.16326	1.54731	-0.60003	-0.83258	0.43442	0.97140	0.29417	0.12467	-0.65863	-0.65158	-0.46974	0.14621	0.50032	1.47570	0.47749	-0.37912	0.69271	0.03379	-0.18751	-1.25754	1.73637	-0.18493	0.36314	0.79117	-0.66902	-0.39759	-0.76195	0.88707	-0.90256
0.55158	-0.14174	-0.80999	-0.91359	-1.91578	-0.98488	-0.38637	-0.15708	-0.14879	-0.96876	-0.88930	-0.40991	-1.42553	0.10334	-1.98671	1.01184	-1.88683	-0.43548	-0.48179	2.31994	0.13291	-1.57960	0.14517	-1.17338	-1.22333	-0.44117	1.98671	-0.63443	1.36958	-0.94646	2.02746	0.29497	-1.25474	0.81200	2.48968	-0.44746	-2.11370	-0.66880	-0.03626	0.29519	-0.36703	-0.51545	-0.46836	-1.55065	-0.26057	0.88048	1.35499	0.75144	0.35930	1.96025	0.33429	-1.24905	-0.50137	0.36513	0.97294	0.32510	0.36635	-0.74194	-0.99321	0.19362	0.53558	2.07896	0.51757	-0.19047
0.55742	0.21937	0.19911	-0.68782	-0.32125	0.15777	-0.07673	-0.33151	-0.68605	-1.00379	0.48622	-0.10491	1.00499	0.48085	-0.34559	0.71617	-1.51834	1.00397	0.58340	-0.13079	1.09309	-0.82091	-1.81586	1.50609	-0.04880	0.89402	-1.96947	0.80171	1.99763	0.94949	-0.65161	1.16672	0.62482	1.24686	0.34080	-0.74599	1.02040	-1.35770	0.05484	-0.83708	-0.68979	0.51907	-0.47112	-1.64998	-1.83838	1.16755	-0.66564	-0.89282	-0.54956	0.29832	-0.13173	0.65078	-0.54642	-1.23419	-0.82513	-0.03994	-0.38727	-0.75199	0.24898	-0.27748	0.42265	-0.26188	-0.69488	1.77322
-0.84002	-0.59028	0.48465	-1.09089	-1.83671	-0.16907	-0.95952	-0.41192	1.73986	-0.17704	-0.68715	1.50909	-0.36168	-0.34653	-0.94497	0.21324	0.89240	-0.69761	-1.01516	-0.91482	0.49924	1.53048	-0.73705	1.91997	0.16971	-1.51074	0.52743	0.39833	-0.01511	1.36804	0.23781	0.67702	1.24384	-0.52698	-0.36192	0.72937	0.55746	1.09880	0.13608	-0.01353	-0.33029	0.23190	-1.28606	-0.26585	0.25624	-0.16005	-0.50839	-0.08365	1.67653	0.19571	0.81365	0.03784	-0.08477	0.15708	0.23200	0.06432	-1.32237	-2.88372	0.07377	0.17060	-0.90254	0.50147	-0.67197	1.78223
1.08471	-0.93485	0.55529	1.51930	-1.01031	0.38655	-0.36798	-1.75466	-1.48672	-0.89499	0.83322	-0.41369	0.34457	-0.16851	1.22388	0.33806	0.50015	0.87226	-0.55086	-0.20879	0.73879	-0.32366	-0.04576	0.81598	1.58767	-0.16695	0.12934	0.44442	-0.68983	1.85991	-0.61186	-0.13005	-0.09252	-0.85334	-0.08725	0.10390	-0.99948	-1.63734	-1.73977	-1.67579	0.71719	-0.71856	-0.23082	0.40398	1.22806	0.01231	0.15343	-1.22099	1.25185	0.15638	2.32067	-0.16942	0.99184	1.07183	0.32525	0.15193	0.33493	0.28074	1.58270	-0.32466	1.50295	0.53080	-1.28085	1.87270
2.33738	1.56550	1.02982	0.23282	0.51180	-1.34538	1.17160	0.91559	0.30288	0.04431	-0.74839	0.25389	-1.32819	0.29960	0.12856	-0.09240	-0.15671	-0.08373	-0.59548	-1.49049	-0.42459	-0.84213	0.54026	-0.99824	1.25072	0.09253	-0.89127	-0.68841	1.21465	0.20324	-0.81654	1.42885	-0.86474	1.16755	1.52754	0.91443	-0.45517	-0.12228	-0.94307	1.43717	0.37104	0.96695	-1.54038	0.98295	-0.61489	1.09975	1.61669	1.83133	0.17839	-0.21856	-0.63660	-0.06761	-0.63668	0.57787	0.90402	0.77574	-0.16390	-1.16025	-0.70175	-1.70694	1.05401	-0.25070	-0.40620	0.07192
-0.10892	1.83997	0.89728	1.86139	-0.41748	-1.87490	-1.08699	1.53500	0.19370	0.11910	1.27040	0.68222	0.53852	0.57719	-0.25881	-0.17265	0.28106	-1.46536	-0.52202	-1.21739	0.57358	-1.23289	-0.13217	-0.28406	0.54609	-0.67990	0.50188	-1.34337	-0.51449	-1.92982	-0.13346	-0.14737	0.83388	0.79827	-0.03844	-1.76320	-1.88688	1.73845	-1.40359	-0.34416	0.24555	0.83423	-1.35683	-0.81133	-0.18971	-0.40755	2.93418	-1.05784	-1.74675	0.46002	-2.31687	-0.52512	0.63033	-1.00957	-0.61846	0.77182	0.85156	-0.10569	1.36835	-0.26588	0.07678	-1.77163	-0.92106	0.36075
0.31981	0.33240	-0.53768	-0.64870	0.08528	-2.38855	0.69115	0.10278	0.94070	0.15905	-0.41331	-2.38840	-0.07858	0.21979	-0.77247	1.79526	-0.45901	-0.19600	-0.76015	-0.13591	0.91269	-0.70847	0.52131	1.15732	-1.17719	-0.37297	-1.52208	0.44256	0.58569	0.41698	-0.71006	1.11050	0.41508	0.43455	-1.13051	-0.76913	-0.47770	-0.26365	0.42482	-0.68600	0.33054	0.43807	-2.09290	0.81098	1.47075	-0.56341	-0.69897	0.32610	-0.48801	-1.79078	1.76355	-2.32800	-1.19301	-0.55885	-0.05765	-1.70041	0.83789	2.20776	1.86886	-0.72151	-0.98599	0.12204	-0.72312	0.73679
2.00778	2.00993	2.19867	-1.10024	-0.45095	0.09679	-2.05249	-0.88124	0.13382	0.88140	0.66124	-0.62468	0.44101	-0.23917	-0.63991	-1.94060	1.96112	0.13130	-0.28023	0.10600	1.22754	-0.27143	-0.22656	-0.50818	0.02329	0.36547	-0.93145	0.10141	-0.07124	-1.01718	0.99957	-0.02910	-1.17373	1.21574	-0.15021	-0.30046	-1.15035	0.87706	1.06898	-0.35893	-1.02423	-0.78615	-0.29979	-0.71020	2.38035	0.12919	1.04134	-1.00952	-0.99216	0.16893	-0.43062	-2.40445	0.71831	0.93230	0.44802	1.87935	-0.99653	1.27770	-0.17516	0.22148	-0.24122	-0.14709	0.12126	-1.72266
0.73817	0.88999	-2.37704	-2.44313	-0.00596	0.97639	0.95703	1.92478	1.63029	-0.94895	1.50052	-1.36642	0.87543	1.09158	1.75175	-0.90754	-0.48958	0.76182	1.06150	0.17201	-0.57156	0.92799	-1.38737	0.95219	-0.83283	0.81332	0.83147	-0.05825	0.25054	0.00014	-0.94129	1.08488	1.86037	-0.91247	-0.56251	0.41863	3.09833	1.31691	-0.93440	-0.32438	-1.40798	1.18657	1.16062	1.07958	-1.23970	-2.32847	0.48084	0.69766	0.33782	-1.26328	0.75888	1.19383	-0.18286	-1.21261	-0.59169	0.11162	1.53894	-0.00571	-1.08749	1.82253	0.40065	-0.73387	0.70200	0.12946
0.18705	-0.76928	1.69931	0.53118	0.71977	2.31311	0.70735	-0.13456	-0.33209	-1.14993	3.06318	-0.13693	0.36436	-2.81322	0.38685	-0.23120	-1.30332	-0.89329	-1.23129	2.64648	0.65905	-0.10596	-0.30440	1.89835	2.06419	-0.28560	0.85536	0.16284	-2.37532	0.25752	2.32817	1.82997	0.76339	0.54380	0.32642	-0.04773	1.04167	-0.30173	0.47517	-0.64451	0.73790	1.08296	0.35191	-0.58319	0.10714	-0.84677	0.48797	-0.26171	-0.06804	1.13740	1.71357	2.99067	1.14716	1.21924	-0.18746	-0.12615	1.51820	-0.42486	0.61534	2.04465	-0.69019	0.24012	-2.74712	0.08153
-0.47638	-1.78800	-1.85223	0.05856	-0.76898	0.35826	1.04105	0.09571	-2.51588	-0.90950	0.82481	-0.67047	0.12043	0.24289	-1.90286	0.21609	0.91947	1.30263	-2.56493	-0.01809	0.14702	1.53270	-0.07587	-1.23648	-0.12050	-0.48246	-0.34828	-0.37301	0.33594	2.03695	-0.78352	1.11744	0.76018	0.71524	-0.75945	0.82784	0.21454	-0.13976	-0.50070	0.72182	0.92337	0.43514	0.49570	2.26867	-0.33161	-1.51457	1.11463	-1.63347	0.16002	-1.06055	-0.42744	1.10579	-0.00921	-0.48339	-0.28450	1.32857	0.23293	-1.09666	0.00529	0.17859	0.76854	0.29244	0.43522	1.52851
0.27971	-1.29810	-0.39833	-0.82476	-0.82606	1.44236	2.07173	-0.71075	-0.52834	-1.25809	1.76706	-0.64650	-0.84850	-1.59460	0.13484	0.97095	0.13041	0.12704	0.30118	0.21148	-1.02635	-0.92772	0.26476	-1.14724	0.42606	-0.18607	1.35243	0.41831	-1.21427	-0.32385	-0.41894	-0.41378	0.23714	-0.96198	1.34871	-0.11235	0.74826	-1.12627	-0.23935	-0.61446	-1.54312	-0.48541	-1.38182	-0.85815	-0.80432	0.22529	0.13625	-0.35794	1.18567	0.43350	-0.87763	-0.41548	1.64997	-1.13012	1.30684	-0.63320	-1.14479	-0.73943	0.37352	-1.02932	-1.64025	0.28808	-1.83818	-2.64607
-0.79957	0.90997	0.86964	0.15942	-0.27461	0.99289	0.26093	1.17640	-0.39169	-0.31925	0.08768	1.24390	1.09238	-0.17344	-0.04000	-0.28624	-1.49846	-0.00550	1.31304	-0.24244	2.51969	1.37018	0.78307	1.29728	-0.21124	-0.06436	-0.81946	1.85360	0.08774	-1.74581	-0.22997	-0.92105	0.30924	-2.75318	0.72218	-2.38554	0.43315	-0.58633	1.01604	0.46489	0.76863	1.96390	1.65463	-0.90432	0.69471	2.65657	-0.91544	0.33348	-0.42567	1.25065	-0.70627	-0.37322	-1.41645	-1.44811	1.94746	-0.62053	-0.80140	-0.20323	-0.68710	-0.15577	-0.15855	-0.34056	0.98804	-0.08018
-1.56527	-0.58861	-0.85554	0.28081	2.64650	0.18369	0.61005	1.03780	-0.05514	-0.17728	-0.57119	-0.77302	0.29757	0.36971	1.85218	0.17876	-0.66463	-2.17590	-0.84677	0.18823	1.28910	0.31453	-0.99921	1.77475	-1.10514	-1.68912	1.78870	0.03181	-0.47796	-0.84481	-0.93423	-1.41661	1.67262	0.17513	-1.16374	1.24747	1.27979	2.01636	0.55460	-0.82436	-0.20177	-1.50522	1.20118	2.17902	-0.41978	0.33757	-0.75310	-1.18778	-0.70568	1.48952	-0.00448	-0.65608	0.48436	0.13162	-0.15090	-1.52581	-0.80906	-1.13425	0.20721	-0.36521	-0.34373	-0.24351	1.85887	-0.78879
-0.69732	-1.72322	0.24804	1.10771	-1.02556	-0.53661	1.32421	0.80994	-1.79917	0.20214	-2.07286	0.66281	-0.67652	-1.10689	-0.12845	-1.90164	1.92721	-0.55551	-1.20752	0.95124	0.40217	1.44519	-1.62845	-0.06452	-0.53138	1.86802	-0.10540	-1.83891	0.11426	0.01360	0.68808	-0.62587	2.15498	0.37525	0.16224	-0.28431	0.88120	-1.47704	0.19533	-1.48303	-0.36295	1.85890	1.75318	-1.31920	-1.06886	-0.00079	-0.33473	1.13951	0.03170	1.47281	0.89080	1.14197	-0.73560	-1.20711	-0.69314	-0.03893	-0.76150	-2.17897	2.03699	1.47209	-1.49871	-0.50573	0.88285	0.46095
1.23605	-0.11484	-0.98178	0.57919	0.39368	-1.06973	-0.33231	-2.06020	0.81477	1.30453	-1.07929	-0.62420	0.25024	-1.02369	0.65943	-0.86868	0.88029	0.54526	-1.23591	-0.55601	-0.08775	0.00476	0.36040	2.32507	1.18870	-1.57871	0.94786	-0.08454	-0.73788	-1.73331	-0.10976	-0.15909	0.22176	1.23679	0.86194	1.01001	0.14435	-2.20775	-0.42882	-0.33546	1.42768	-0.18713	-0.88903	-0.40376	1.98845	1.55311	-0.42222	1.77329	1.85634	0.02676	-2.65146	0.72480	-0.33705	-0.21858	2.39638	0.50845	-0.88710	-0.14010	0.92533	-1.17899	0.89332	0.17610	1.35545	0.95058
0.81694	0.67372	1.26718	0.74773	0.37692	0.03015	1.75530	0.53749	1.29378	0.02050	-0.62388	0.55437	-0.58510	-0.26581	-1.75794	-1.27620	-0.02567	-0.15941	-0.76316	1.44947	0.56327	-0.04797	-0.76408	-1.83538	1.03066	-0.16627	-0.90249	-1.50955	-1.08206	-0.62772	2.49142	-1.15139	-0.78130	0.59753	-0.64622	-0.88916	0.71128	-0.45727	-1.00483	-0.60664	-0.99856	0.65434	-0.36180	1.42526	-0.28056	-0.11752	0.51680	1.79841	-3.07010	0.14636	0.52360	-0.23751	-0.24204	-0.97084	0.63420	0.00194	-2.79414	-1.90198	0.29664	-0.17185	-1.75944	-0.33128	0.45504	1.08387
1.98798	-0.79403	2.04396	-0.65656	-0.53833	-1.26172	0.81585	0.88363	1.05966	0.44249	-0.42925	2.57400	-0.16651	0.81751	-0.73087	-1.74066	0.51734	-0.43575	0.33814	0.28227	0.37633	-0.52393	-0.34112	-2.05744	-0.84168	-0.12902	-0.14330	-1.34559	0.42802	0.22373	-0.96497	0.18697	-0.70321	-0.05649	0.77786	-1.38627	1.09592	-1.54388	0.36383	0.11400	0.04335	0.05809	-0.16190	0.29246	-0.07999	-1.07443	-2.05512	0.83803	-0.51895	2.15382	-1.08087	-1.33778	-1.14994	-1.11871	0.20541	0.11376	-0.71334	1.04632	-0.40917	-0.07764	-0.01296	0.14609	0.16416	1.72078
-1.26014	-0.70203	2.87043	0.00366	0.31633	-0.20810	-0.53271	1.74991	-0.67725	-2.16603	2.14715	0.16539	0.69785	0.32890	-0.75706	1.24608	1.29603	-1.35782	-1.19218	-0.40465	1.94985	0.26516	-0.83635	-0.13849	-0.80223	-0.29007	0.07077	-0.92798	0.49975	-0.42106	-0.52515	2.07179	0.15708	0.52250	0.97617	1.29508	-0.34500	2.24577	-0.98785	-0.09584	0.17803	-0.46544	0.04403	0.98756	1.59809	-0.43174	-1.44447	1.30586	1.57358	0.85200	2.15126	0.30890	-0.47249	0.32849	0.52323	-0.14951	-0.77624	-0.03404	0.70481	0.14981	0.74176	-0.56127	-0.23834	0.25905
0.03687	-1.03687	-0.03353	0.94369	0.23330	-1.32862	-1.46971	-1.17928	0.44971	0.08124	0.10031	-0.36979	1.56511	0.18497	0.58965	0.17356	-0.08183	-0.84669	0.93537	-0.56028	0.10630	0.53194	-0.34238	1.46808	-0.01306	1.63027	0.00470	1.04981	0.87697	-1.87094	-0.03161	-1.21632	-1.56860	-0.31698	1.94240	-0.20176	0.30570	-0.54248	1.44880	0.98736	-2.03147	-2.09859	0.37383	1.28018	-0.47097	0.83304	-1.88536	1.23193	0.17388	-0.51018	-0.64475	0.04344	0.42682	1.35045	-0.11143	2.08040	0.23243	-0.37267	0.12703	0.61750	-0.51177	-0.00936	2.42508	-1.63133
-0.89567	-0.99876	0.75195	-1.10978	-1.50065	0.40167	-0.18453	0.10078	-1.07080	0.14721	-0.43837	-1.51707	0.37709	0.81334	-0.46440	1.55713	-0.59851	-0.01646	-0.75404	-0.97763	-0.47419	1.09200	1.18853	-1.59876	0.54927	0.24887	-0.40963	1.10621	-0.18994	-0.29316	-0.83787	0.88983	0.75559	-1.21393	-1.95822	-0.22166	-3.36032	2.31925	1.59404	-0.96537	-0.60078	0.95569	-0.26626	-0.37797	-0.96213	0.40905	1.54569	0.06649	0.79678	0.87505	1.32579	-0.68017	0.69670	-0.63196	0.70407	1.22982	0.34541	1.61765	0.03441	0.06346	-0.60585	-1.14922	1.01289	0.17761
-1.68979	1.01390	0.05243	-0.13171	-0.13723	-0.64996	-2.21653	-0.78611	0.45844	-0.20265	0.49928	0.91734	-0.90113	1.48401	-0.66950	0.13292	-0.49002	-0.96862	-0.72910	-1.15613	0.37171	-0.22769	0.95493	0.52457	-0.26804	-0.20241	-1.35722	-2.44972	-0.17705	1.56199	0.54263	0.16823	0.50491	0.91688	0.30094	0.65650	-0.50939	-1.50463	1.13319	0.33456	0.18293	-0.71348	-0.47837	0.97939	1.30485	-1.76897	1.79558	-1.26423	-1.26005	0.41216	-1.00359	-1.05424	0.65608	-0.82379	-2.70589	-0.58100	0.84625	-0.02952	2.25362	-0.24549	0.75651	0.12360	3.53522	0.11499
-0.05844	1.38732	-0.28361	1.22094	-1.84982	-2.15597	0.21721	0.46830	-0.74192	0.64879	0.24295	-1.06271	0.27386	0.35692	1.02846	-1.00471	-3.97428	-0.02361	0.64051	2.89409	-0.55356	-0.12220	0.38340	-0.80871	-0.98426	0.74170	1.41082	2.07553	0.27280	-0.50427	0.46820	-0.93704	-1.33861	0.74752	-1.23106	-0.56081	0.43866	-0.79567	0.03420	-0.46733	0.86291	-1.14922	-1.06942	-0.81104	0.70576	0.30332	0.39269	-1.33420	-0.33691	-1.77501	-0.41292	0.52010	1.32920	-0.64827	0.94224	0.91470	-0.43453	-1.46711	0.89388	0.09135	-0.56284	-1.68862	0.52815	-1.60824
0.36247	-0.10543	1.13217	0.79464	1.10174	0.32040	1.45400	2.30124	0.36080	0.21621	1.26828	-1.19726	1.21994	-1.27843	0.99862	-0.92337	-0.84823	0.45338	0.22604	1.04758	-0.60379	1.28477	-1.83421	0.38195	0.64235	-0.08941	0.00184	0.89352	-0.68345	0.17378	-1.42489	0.36104	0.49694	2.45010	-0.32826	0.15227	0.57595	-0.77825	-0.64289	0.24520	-0.34626	-0.74658	-0.66781	0.40050	1.46692	-0.37136	1.24527	0.93082	0.18244	-0.99202	1.03372	0.60373	-1.73729	-0.22261	-1.61541	2.82709	-1.27372	-0.52519	-1.15755	1.24426	-2.24112	0.70478	1.36378	0.37997
-1.33927	-0.48562	1.72792	-1.46162	-0.73087	-0.68383	0.79511	-1.58194	1.55231	-0.40543	0.84405	0.90693	0.10234	0.38916	0.26153	-0.85644	-1.02769	0.81030	1.81448	0.67550	-0.32687	-0.81407	0.15497	0.68713	-1.22786	0.99964	0.13314	1.14196	-1.64023	0.39132	2.60662	0.65136	-0.72364	-0.80792	0.09179	0.53692	2.23672	0.18497	-0.54823	-1.13175	-0.78441	-0.52913	0.83482	-1.25394	-0.48414	1.41883	-0.93061	0.24235	0.06994	0.86087	0.39940	1.56784	0.11699	-0.49251	0.27009	0.45291	-0.86608	-1.03142	-0.83507	-2.45710	-1.11754	-0.89796	0.05070	1.11157
1.26475	1.04964	0.61081	1.11318	-0.75405	-1.23233	0.19216	0.72109	0.69543	-0.68373	-1.62711	1.32102	-0.52707	-0.12874	-1.29405	-0.81238	1.29770	-1.12209	2.76062	-0.49903	-0.08829	-1.53129	2.00155	0.93049	-0.89375	-1.83506	-0.81782	0.08025	-0.40907	-0.81221	0.01832	-0.49192	1.03081	0.81632	0.26383	-1.91122	0.86792	-0.56868	1.31773	0.64981	-0.32840	-0.40095	-1.09623	-0.10866	0.16877	2.09635	-0.92485	0.57554	-0.83851	0.77669	0.75140	-1.16503	0.86978	0.56965	0.35561	0.55383	-0.46463	-0.20548	1.10257	1.39289	-0.69219	-1.14147	0.32735	-0.59872
1.72967	0.36827	-0.89541	-1.24559	0.69502	0.57973	1.23512	0.31423	-0.02055	-2.10484	0.55957	-0.79574	-0.25675	0.16804	1.69728	1.29855	-0.74733	-1.29219	1.41994	-0.54932	-1.18652	0.26408	-1.69746	0.84017	-0.50951	0.85434	0.34081	-0.74375	0.94862	0.60666	-1.93146	-0.23600	1.16605	-0.93769	-0.66842	-1.74790	0.52325	-0.85092	1.02462	0.73771	0.06049	1.08996	-0.84697	-1.62133	-0.13370	-0.90372	1.07355	0.30819	-0.36509	1.17602	0.86536	1.02192	2.50645	0.77770	-1.35542	-1.88220	0.55372	0.08257	1.73187	-1.28442	-0.44949	-1.81999	0.44060	1.71132
0.44207	-0.41567	-0.64880	-0.05987	-1.02102	-0.50739	0.27502	2.40334	1.19711	-0.16735	1.44376	0.53683	0.25524	-1.72717	0.46743	0.52530	2.19214	1.74923	-0.55132	0.60508	1.80231	-0.50662	-1.65187	0.39993	0.35878	2.37382	0.16760	-1.48350	-0.61186	0.90054	0.00145	-0.79575	0.45576	0.55746	-0.46491	-1.04578	0.94579	-0.33169	-0.82622	0.50731	-1.32225	0.70829	1.23090	0.35890	-0.35743	-1.63109	-1.55372	-0.24390	0.67057	1.08399	0.86363	-0.75211	0.16239	0.26882	-0.40902	-0.32247	0.78210	1.00295	-2.30671	-0.49682	-0.09804	0.22615	-0.86601	1.06594
-1.90982	-1.84802	-0.88891	-2.08045	1.47644	0.02252	1.73832	0.80724	0.53348	1.72169	-0.18449	0.63754	0.94408	-0.53035	-0.43094	-0.89560	0.56646	1.58696	0.87714	-1.09156	1.08079	-0.85085	0.09161	2.54563	1.19321	1.18194	-0.55096	0.62895	-2.40797	-0.66585	0.96427	-0.51420	1.12065	-1.10126	1.22464	0.18278	-0.51216	0.64760	-1.36707	-0.36016	-0.04767	0.10649	2.12660	0.89923	-0.50113	0.37952	-0.99464	-1.33850	0.41807	-0.06121	-0.79919	-0.94366	-1.29328	-0.28817	0.30161	0.60658	0.18515	-1.74439	0.75352	0.10577	2.04366	-0.99216	-0.67781	-1.24704
-0.75116	-0.21318	-0.80798	-0.93629	-0.48887	-0.34592	-1.75596	-0.57576	2.61555	1.34962	0.40128	0.47036	-0.51062	0.78941	1.93595	0.67914	0.84947	0.52761	-1.38818	0.33653	0.50602	-0.47246	-1.42066	0.68534	0.49258	-0.24090	-0.96963	-0.28547	1.19335	0.62999	-1.29014	-0.42361	-0.52145	-1.90453	0.19467	-0.80396	-0.15317	-0.27140	-2.20326	1.58959	0.34800	0.50156	1.24933	0.12896	0.28327	2.33647	0.14287	-0.68998	-0.79087	0.71489	0.23339	0.72408	0.79709	0.00083	-0.77947	-0.47588	-0.08234	0.53187	-0.31287	-0.25822	0.63095	0.94392	-0.92926	-1.26271
0.15886	-1.19002	1.29874	0.28910	-0.81980	0.43102	-2.06430	1.04839	-0.24423	-0.54139	-0.61920	1.18574	0.86114	-0.94307	0.34818	-0.52434	-0.47772	-0.68039	-0.74627	-0.25037	0.87512	-0.32145	-2.27783	1.29849	-1.02232	-0.60871	0.57186	0.70286	0.45430	0.15922	0.27261	-1.24038	-1.84746	-0.01004	-0.67099	0.02761	0.01143	-1.50569	0.58943	1.41246	-0.12330	0.73487	-0.04765	0.70691	-1.20823	1.88571	-1.35459	1.18860	0.99296	-2.18632	-0.00009	0.17613	-1.63718	-0.40927	-0.50933	0.39423	0.89690	0.21449	0.10690	1.32294	0.72611	2.15403	1.45548	1.12571
-1.02792	-2.88124	1.18220	0.71278	-1.79457	-0.68494	0.97634	0.74823	-1.38952	0.11821	0.10443	0.90776	0.04984	0.28592	0.43411	-0.31687	0.29408	1.34732	0.53369	-0.16467	-2.10811	-1.11446	1.30996	-0.62265	1.56351	0.59340	0.48648	-2.01060	0.00721	1.31903	-0.81565	1.31193	0.25855	-1.42479	-1.94089	-1.45066	0.38910	-0.71887	2.32371	0.46016	-1.87444	0.38846	-0.95236	1.09475	0.23430	0.48067	0.22334	0.81775	2.25476	-0.69954	-2.54514	1.02661	1.30438	-1.99391	-0.42457	0.62968	-0.18520	-0.67256	-1.14503	0.63609	-0.57137	-0.32631	0.87764	-0.02753
0.41212	0.24790	0.63376	-2.23228	0.47840	-0.02681	-0.58802	0.20141	-0.14646	-0.37762	-0.99545	2.62751	0.91765	0.19382	2.25501	0.11730	-0.15601	-0.26898	0.99174	-0.44771	-0.31992	2.51948	0.97882	-0.44754	0.04757	-0.19862	0.93356	-0.39699	-0.68104	-0.36595	-0.47651	-1.08116	0.16359	-0.62575	0.49503	-0.67039	-0.39820	-0.72218	1.29428	0.31845	0.80333	0.86360	1.65380	0.36016	-0.52528	-1.30992	0.29624	0.53732	0.24011	0.73537	-0.37506	-0.94987	1.28532	0.15577	-0.35106	-0.92051	0.00653	-0.47064	-0.17072	1.60419	-1.14676	0.75383	-1.10417	-0.87074
-0.23565	1.31124	1.72626	-1.47714	0.43865	-0.51205	2.35337	-0.76581	-0.44153	0.66096	0.40490	-1.67391	-1.30748	2.21439	-0.12191	-1.35289	0.61574	0.14445	-2.68890	-0.43326	0.92105	0.39138	-0.68789	-0.24346	0.41464	1.37288	-1.28400	1.38830	2.81846	0.13959	-1.12457	0.64290	-0.27507	0.90412	0.40900	1.62785	0.72839	-1.28521	-0.54715	0.59984	-0.74589	-0.76168	-0.15556	0.18307	0.21057	1.09334	-0.18818	-2.31854	0.41555	0.40152	0.15012	0.08496	-1.52032	1.25811	-0.72462	2.80009	1.06419	0.41748	1.25521	-1.12301	-0.82261	-0.67468	0.04074	-1.19746
0.38762	-1.01797	0.76956	0.11625	-0.59367	-0.13609	-1.82184	-0.00806	-0.07379	-0.37659	-0.37486	-1.15781	-0.11711	0.52401	0.23162	-1.97552	-0.51942	-0.56684	0.05941	1.02499	-0.13067	-1.08013	-0.53400	-1.18483	1.02081	-1.25583	0.21734	-1.25669	-2.02785	0.27407	-1.03862	-0.43832	-0.82306	-0.05998	0.64911	0.66465	-2.73038	-0.25635	0.58838	-0.23194	-2.47591	-0.61152	2.11242	0.45799	1.07166	-2.08889	0.85885	1.84650	-0.10518	1.28346	-0.86033	1.02628	1.59664	0.22713	-1.42443	0.01982	1.46174	1.63501	-0.33091	0.22917	0.17607	0.73737	2.55672	1.01521
-0.66914	-1.33864	0.97021	-0.26516	-0.91594	0.65908	-2.14796	-2.24244	-0.47972	-0.49187	-0.05999	-2.73780	-0.67932	0.15132	-1.32445	2.34273	-0.40644	-0.60056	1.01213	0.79900	0.05373	-0.34639	-1.02363	-0.32325	-0.53050	0.05220	-0.60809	-0.21902	-0.43607	0.53583	1.05229	1.63460	0.95800	0.75501	0.59357	1.38927	1.07133	0.12336	-0.07827	1.14168	-1.32030	-1.77296	-0.82184	0.42526	-1.46185	-1.84446	0.47879	1.93228	0.92868	0.47052	1.66172	-0.22406	-1.61919	0.99316	-1.99836	0.60387	-1.43121	-0.64757	0.51189	0.76831	0.41523	-0.44206	1.83679	2.46738
0.43266	1.56577	0.13905	-0.08089	-0.73608	-1.94348	-0.42852	-3.45210	-0.03140	0.12561	-0.28230	-1.09723	-0.76701	1.62944	-0.14852	-1.97553	1.06886	-1.49419	-0.13483	-0.57902	0.37098	-1.17466	0.77731	0.40188	0.09687	-1.02096	0.17318	0.48489	-2.03327	0.80409	-0.20616	1.80775	-0.99219	-1.59322	-0.25236	0.63528	-0.75869	-1.19767	0.62876	-0.46261	-2.23280	-0.00549	-1.84509	-0.70249	1.51863	-0.86056	0.43610	-0.48505	-0.94717	0.40035	0.97025	0.13617	0.66015	0.24442	0.94041	-0.42390	0.89702	0.65573	-1.14148	-0.72989	1.43262	1.49209	-1.60951	0.86458
-0.28753	-1.12511	-0.34170	0.43407	0.82435	-0.98840	0.81761	-0.41718	-0.58379	-0.02551	0.87845	-0.23004	-0.96956	-0.17976	1.10456	-0.48007	-0.58597	0.61848	0.32042	-0.00210	-0.38553	1.98885	-0.82404	-0.14236	-0.06947	-0.45562	1.00422	-1.12675	-1.65688	0.60434	0.10975	-0.78718	1.16765	-0.92388	-0.85544	-0.89185	0.15343	0.29324	-0.34970	-0.44066	-1.43040	-0.58117	-0.64530	-0.39584	0.15637	-1.13400	-0.14753	1.28151	0.65164	0.64065	-1.37918	0.73590	-0.47355	0.61183	-0.51993	-0.16273	0.31947	-0.87709	-0.36355	-2.47741	1.13226	0.80026	0.82919	-0.90746
0.00462	0.54678	0.08426	-0.39890	0.19961	0.38888	-1.92268	-0.50711	-1.80872	1.29869	-1.37822	-1.19295	-0.37888	-0.10310	0.01445	0.54312	-1.19515	0.14065	0.63702	-0.23090	1.00676	-0.90345	-1.73541	-0.74687	-1.20147	-1.15877	-1.00386	-1.05782	1.42428	-1.00260	-0.32905	-0.51582	-0.71542	-0.99261	-0.39051	1.51763	-0.64682	-0.65828	-0.02280	1.19517	0.22478	-0.72026	-1.30211	-0.02489	1.13111	1.32328	1.57535	0.89279	-1.05431	-1.34503	-0.00425	-0.14082	-0.55374	2.15231	0.77587	-1.08671	0.57588	-0.32211	0.86632	-0.98018	-1.89139	0.62893	0.83328	-1.27594
-2.40934	-1.01822	1.51350	0.90558	-0.69640	-0.74802	-1.26246	-1.27577	0.03227	-0.39880	0.27181	-0.82022	-0.66100	-0.94184	-1.15999	0.36747	-0.06888	0.02543	1.31283	0.80951	2.00303	-0.06777	0.12654	0.98676	-0.21858	1.06995	0.87012	-0.62242	-0.13269	0.80636	0.87721	-0.55602	-0.35470	-1.19138	-0.60553	0.55655	-0.32640	0.73264	-1.07956	-1.79718	-1.00610	0.58440	-0.16791	0.07900	0.67138	0.71898	1.64953	-1.38594	-1.52907	1.02030	0.30339	1.41253	1.05087	0.57386	-0.37703	-0.83779	0.13067	0.43187	0.78484	-1.44501	-0.94561	1.27361	0.29401	1.44037
-1.01930	-0.41142	1.08096	-0.18529	0.23728	-0.02309	0.95509	-0.49667	-1.41348	-0.35091	-0.38120	-0.31998	-0.26678	0.26488	-2.74702	-0.53209	1.38707	-0.45154	1.27504	-0.65336	0.56161	0.12606	0.44700	-0.67137	0.18686	0.19823	-0.55659	0.71686	-1.24106	1.13411	0.59270	0.12725	0.01299	-1.00352	-0.43505	0.22550	0.21515	1.33058	0.53081	1.03715	0.68985	0.95248	1.54042	-1.02024	0.64476	0.67684	0.22799	-1.44437	-0.29610	-0.67069	-0.77931	-0.29380	1.48167	0.96812	0.16427	-0.12221	-1.51459	-0.24830	-1.09359	-0.10172	0.46214	1.18827	0.87198	-0.82920
-2.21922	-1.05730	-0.70281	0.00005	-0.82327	-1.12325	0.68129	1.00672	0.29380	-0.43641	-1.13915	-0.74591	1.16698	-0.16042	-0.23688	1.40282	-0.51677	-0.12323	1.19419	1.99827	0.24480	2.02082	0.25524	-0.34084	-1.42242	-0.15832	-1.41330	-1.66228	0.07902	1.31808	-0.30565	0.42215	0.15044	-1.47883	0.85860	-1.20459	1.33298	-0.07203	0.19189	-1.26100	0.80661	-0.18680	-1.51130	-1.92779	1.51143	-0.26250	0.96943	0.59431	1.98553	1.70318	-2.05876	-0.91998	0.88503	1.00191	-0.19507	0.45618	0.24278	0.10733	-0.67755	-1.84873	3.96039	-0.03208	-0.98469	0.37815
0.22209	0.24875	1.50634	-0.03676	0.73965	1.00379	-1.17647	-0.12602	0.03023	-0.63106	-0.65434	0.63137	-0.17845	-0.17075	-0.62560	-1.07172	0.79912	0.39259	0.05427	0.04214	-0.69130	1.08492	1.55455	0.74127	0.68964	0.52992	0.81890	-0.07287	-0.98343	-2.24990	-1.25918	-0.09140	-0.01200	-0.58064	0.74399	-0.45902	-0.13974	0.31165	0.14813	1.74830	0.82955	0.29142	-1.46831	-1.86108	0.78283	0.59273	-2.79283	0.49680	1.54192	-0.07257	0.31766	-0.19829	0.14500	0.70792	-0.45209	0.71155	-1.42011	0.28138	0.57258	0.50309	0.42619	1.99733	1.98065	1.01054
-0.36419	-1.32733	-0.58935	-0.26891	1.78909	1.89625	0.43002	-0.02166	-0.06657	-0.14802	-0.21901	-0.07256	0.87171	0.29792	-0.04958	1.99172	0.46299	0.98438	-0.81028	-1.41936	-0.51705	3.16829	0.16443	-1.25348	0.74873	1.98083	1.07272	0.36010	1.22329	-0.31453	0.45933	-0.18514	0.82851	-0.72132	-0.56327	-1.01147	-0.51791	2.39922	-1.63038	-0.06442	-0.37556	0.44789	1.61359	-0.87107	-1.45701	-2.47535	-1.15952	0.72432	0.52846	-0.18390	0.20741	0.04736	0.90024	0.45726	-1.33419	0.08473	-1.90884	-2.38479	1.01088	-0.31569	-1.33045	-2.12508	-1.27909	0.32743
1.74922	-0.01315	1.10150	-1.02356	-0.91497	-0.94094	-0.80347	-0.98864	-0.64055	-0.19182	-1.65078	0.24762	-0.58965	-1.47604	1.05503	0.95777	0.22817	0.72322	0.94683	0.01299	1.05811	-0.07869	-1.04255	-0.17205	1.11886	0.97442	0.18855	1.59105	-1.45614	1.34685	0.49713	-1.94531	0.77618	0.75322	0.47916	-1.36963	1.69858	1.47036	-0.81297	0.38807	0.63085	0.23135	0.12326	0.32539	0.44403	-0.09077	0.91258	-1.14302	0.13515	0.17030	-0.86372	-0.68383	-0.82108	-0.20557	-0.07559	-0.64232	-0.13814	-0.77977	-1.73032	-0.12554	-0.84175	-1.46751	0.34582	-0.77770
2.53805	-1.11786	0.68641	0.87740	-0.50096	-0.87911	0.28301	-0.36085	-0.34481	0.23632	-0.97434	0.85752	-1.47692	0.73773	-1.02721	0.82168	-0.35121	-0.27376	-0.69052	-1.03197	-0.76524	-0.18619	-0.30632	1.24241	-1.39937	0.07721	-0.28290	-0.63346	1.65553	-0.69089	1.12408	0.89218	-0.81703	-0.33762	-0.24953	-0.17091	0.32562	-0.87899	-0.44851	-1.15040	-0.35425	-1.12763	-1.64202	-1.75642	-0.82696	1.36970	0.00939	-1.67315	-1.04444	-1.17339	-0.55905	-1.38865	0.11442	-0.07207	-1.22661	0.31135	-0.14739	0.52169	-0.78839	-0.44269	0.81927	1.35749	-0.35906	1.55259
-0.89831	-1.60116	0.96689	-1.11261	-0.41672	0.20252	0.62541	-0.52907	1.04843	0.73998	0.84072	-1.30595	0.19244	-1.10533	1.01000	-1.15681	-1.07490	-0.22329	-1.21804	-1.68523	0.76176	0.04360	-0.19406	1.65892	-1.45609	1.65906	0.14617	1.36385	-1.08759	0.34335	0.00970	-0.05177	0.52136	-0.23135	-1.28402	-1.11361	0.09160	-1.38028	0.26421	1.76809	-0.95592	0.54099	-0.86630	0.52873	0.39383	0.05868	0.37816	0.17242	-0.24159	0.81728	-0.10883	0.46847	-0.40342	-1.78030	-0.67402	1.03944	-0.85084	0.41180	1.20240	-0.36480	-1.67679	0.80757	2.48162	-1.56966
-1.66204	-0.25028	-0.39784	0.97111	0.27738	0.10819	1.08658	-0.35249	-0.05145	0.13875	1.04584	0.42334	0.89480	0.20277	-0.53076	1.68763	-0.01758	-1.31069	-0.95889	0.59414	-0.04157	1.88614	-1.94372	-0.58919	-0.08848	1.47000	1.36575	-2.15904	-2.33767	-1.91355	0.43924	-0.04303	-0.39866	-1.37428	-2.08766	0.42676	-0.83886	-0.02383	0.21966	1.31404	-0.04282	-0.45712	1.00352	1.31182	0.98679	0.09257	-0.08810	1.07140	1.73088	0.42069	1.09046	-1.42579	-0.13991	-0.59932	0.43514	-0.49463	-0.54567	-1.33202	1.28546	0.10270	-0.08193	0.37913	-0.38422	0.34076
0.79658	-0.48174	1.24662	2.23564	0.38281	1.09507	-0.10046	-1.39241	-0.80345	-0.36302	0.76591	-1.24183	0.56606	0.70980	0.10514	-0.04555	0.17259	2.47071	1.77074	1.16416	1.02363	0.68887	0.07856	0.23567	-0.47743	-1.09142	-1.85978	-0.26674	0.24098	1.50813	-0.45127	-0.85720	-0.09975	1.94229	0.75352	1.78307	-0.27366	-1.97107	0.19383	1.19258	-1.27083	0.17670	-2.55417	-0.14943	0.77019	-1.39572	-0.25187	0.49565	2.52283	1.45720	-1.40624	-0.97958	-1.52228	0.22827	0.06548	1.15439	1.61429	-1.71617	1.41740	0.13358	0.34797	-0.11979	-1.65138	1.41975
-0.64235	-0.05670	0.38662	0.14484	0.08754	-1.19768	1.46302	-1.34664	-0.52341	0.28024	0.57372	2.13478	1.33290	0.39642	0.99680	-1.62139	0.77316	-1.56523	0.66343	-0.19413	1.09190	0.11836	0.87420	0.45447	0.33192	-0.83421	-0.29362	-0.31122	-0.47946	0.63929	1.96982	2.36837	0.55449	-1.54255	0.33140	1.85459	0.58336	1.56398	1.17854	1.47467	-1.05035	0.07745	-1.50704	-1.35835	-0.71034	0.49817	-1.16014	1.11746	-0.27017	-0.53090	-0.61486	-0.51284	-0.60956	-0.75129	-1.47639	0.18239	0.88209	1.45761	0.59942	0.49788	-0.88647	-0.52365	-0.08772	-1.26735
2.16743	-0.19960	-0.30366	0.03139	0.66377	-1.36029	-0.43347	-1.56265	-3.23857	1.49194	-0.45486	-1.49225	-1.34273	0.27425	-2.19275	-1.06340	-0.55106	1.53375	2.00668	-0.51947	0.88014	1.81414	0.97843	-0.38519	-1.55833	-0.69111	0.68513	1.42765	1.77399	0.67411	0.47166	-1.72231	-0.68405	0.68677	2.31051	-0.19554	-0.83952	-1.07174	2.05607	-0.77811	0.46528	-1.01440	-0.84030	-0.01676	1.50699	2.31665	2.56875	-2.45713	-0.34619	1.08468	-1.32649	-1.38223	-1.60665	-0.41815	-0.80932	0.52018	1.35469	0.78174	0.31364	-2.26760	0.42361	2.05151	1.64308	0.61460
-0.47607	-0.59156	-0.22858	0.92294	-0.04285	-1.14115	0.59985	0.24481	0.81725	-1.57054	0.16883	0.18372	2.34197	0.48446	1.45825	-0.42549	0.47292	-0.76397	-1.15058	0.46546	0.28293	1.24150	-2.13127	1.29596	1.12874	-0.67041	-0.33829	0.35485	1.35233	0.17349	1.34621	-0.00831	-0.88676	-0.02192	-0.90703	-0.63396	-1.18986	0.42376	-0.85731	-0.88879	-1.26555	1.60782	-0.03993	0.92354	0.41344	-0.39934	-1.36017	0.01503	0.27115	0.02212	-1.73989	1.77976	0.24865	-0.65965	-0.57184	-0.22629	0.29125	-1.65025	-1.66000	-0.09933	0.39413	1.65565	0.41447	-0.72553
-2.53771	1.35121	2.12497	-1.41880	0.21845	-0.58711	0.37482	1.05751	0.34585	-0.87256	1.72696	0.35557	1.67479	0.08917	2.49095	0.98158	1.83308	1.10473	-0.77196	0.45571	-0.10820	-0.51831	0.38068	1.55033	1.34585	0.63451	0.20785	0.47330	0.62767	0.64463	0.12547	-0.12736	0.46725	-0.44114	0.08861	-1.65144	-0.85182	0.51487	0.60926	0.05854	1.54486	0.91963	0.08139	-0.21097	-0.31955	-1.72146	0.08818	-0.40824	-0.76993	-1.23217	0.17689	0.98193	-0.71248	-0.41862	1.51872	0.91678	-1.80855	-1.52753	-1.16846	1.80700	-0.58077	1.44739	-1.13651	-1.02905
-1.00950	-0.79690	-0.61093	-1.24419	1.87580	-0.71005	1.25529	3.00694	-1.13072	-0.76892	-0.59717	-1.03222	1.26594	-1.00119	-0.73948	-1.78317	1.35859	-0.95442	-0.87536	-1.12271	0.56143	1.49915	-3.12403	-0.16489	0.52735	-0.29532	0.33787	-0.30353	-0.05766	0.70233	-1.82503	-0.95869	1.54622	1.35930	-0.13869	0.18533	1.13474	-0.23054	0.41676	0.08953	0.21449	-0.11755	1.26293	-1.67550	0.69385	1.06672	1.59760	-1.16662	0.27610	-0.84697	0.74489	-0.73973	-0.22228	1.03926	1.19289	-0.02959	-0.12387	-0.01377	0.30308	-0.02179	-0.63277	0.67431	-0.67008	-1.25268
0.20259	-0.89989	0.45395	-2.01863	-0.14787	0.08870	1.04109	0.27339	-0.55614	-0.06480	-0.12459	0.34499	-0.41177	-1.90026	0.02119	0.85070	0.86260	-0.54172	0.45368	2.12531	-0.32642	0.63147	-1.13828	1.84394	1.08002	1.43141	-0.21426	-1.61891	0.89027	-0.21993	0.97120	0.60375	0.65089	0.73938	1.20855	1.24476	0.80149	0.56146	-2.96792	-0.56073	-3.31896	-0.36294	0.20510	0.52554	-2.16770	0.52828	-0.29353	-0.45777	1.63580	-2.75077	-0.37141	1.37978	-0.96469	-1.38113	2.04905	-2.14605	-1.31499	-1.70543	0.09687	0.15070	1.41926	0.24219	-0.08511	-0.38645
-0.23794	-0.00554	0.11203	0.84446	-1.40079	0.39770	-0.59329	-0.44967	0.21085	-0.73715	0.42990	-0.06466	0.38592	1.02673	-0.81796	-0.32346	1.03921	0.82198	1.81018	-1.01115	0.00795	0.04186	0.59551	-1.53340	-0.72266	-0.15937	0.91182	-1.56766	1.82287	0.81666	-0.53444	-2.04904	-0.26643	1.84243	-1.46048	-0.35921	-0.47180	0.35035	1.11307	0.05041	-0.10027	-0.85171	-0.27002	0.19838	-0.33384	0.90585	1.70909	0.74117	-0.67936	0.69201	0.52711	-1.51420	-0.10049	0.45472	0.51584	-0.24797	0.14274	0.58202	2.59275	0.15731	-1.04783	-0.99623	-0.04294	-0.46723
2.70960	0.07367	0.13748	0.39087	0.20377	-0.77686	-0.06592	0.59160	0.47906	0.53253	0.85150	1.94044	1.65267	0.44580	0.74782	0.60923	-0.47360	-0.67361	-0.70333	0.34226	-0.27542	0.71419	-2.32520	-0.48817	1.07787	-0.50092	0.95629	-0.20145	-0.13727	0.68019	-0.56212	0.59729	0.02265	-1.30525	-1.36729	-0.63899	0.03016	0.53473	-1.33497	-0.09692	-0.06858	-1.69086	0.43202	-1.06887	0.27898	-1.49175	0.14346	1.30900	0.20118	-1.81174	-0.77342	0.15963	-0.60617	2.36789	0.26122	-0.08239	-0.35321	-0.15509	0.08432	-0.93498	1.06743	0.85748	-0.02029	0.01273
0.44754	0.10709	-1.35935	0.07864	-1.40398	-0.15309	1.09463	0.48710	1.11330	1.34325	-1.98796	0.41152	-1.53484	-0.43941	1.08699	0.96523	0.14144	-0.51537	1.03381	0.03558	0.41232	1.77888	0.16356	-1.10967	-1.93747	-0.64697	-0.56301	0.49877	1.21534	-1.12075	0.69108	-0.70162	-0.58956	-0.55805	0.23445	0.16689	-0.22086	-1.18570	-0.52889	0.09551	0.09598	-0.72577	0.68610	-0.64542	1.51725	3.33401	1.55404	0.13351	0.33933	-0.60874	0.32091	-1.43757	-1.26070	-0.46587	-1.13143	0.33596	0.18219	-0.02973	-0.21364	0.76786	0.83850	1.17140	-0.13324	0.48550
-2.39859	1.46734	-0.84290	-0.33501	-0.95111	0.02174	-0.19816	-0.45387	-1.48621	-0.69128	0.57674	-2.80472	-0.31176	0.61259	-1.33013	-1.21973	-1.21150	-0.90435	0.65569	1.96438	-0.83245	-0.51746	0.67179	0.65648	-1.34925	0.44630	0.60485	-2.32420	1.34974	-0.75064	-0.84714	-0.14578	-0.66375	-0.59388	-0.82585	0.59277	0.55986	0.23660	0.22598	-1.09683	-0.27239	-1.30343	0.87816	1.19650	2.23997	0.77882	0.73458	-1.03879	-0.65140	-0.41718	1.06244	-0.05797	0.82045	-1.02370	-0.86253	0.97153	-0.05532	0.01483	-0.68488	0.41264	-0.07564	-0.89521	1.36665	1.33626
0.76786	0.70222	-1.20187	1.08283	-0.93634	-0.23900	0.85248	-2.37480	-0.42988	-1.42456	-0.70466	0.86268	1.27532	-0.31032	-0.27547	-1.08204	-0.35351	-0.44495	0.67531	-0.95910	-0.17239	-0.17444	-0.80492	-1.87977	0.03259	-0.38129	1.24850	1.21220	-0.65247	0.12316	-0.23785	-0.56404	-1.24295	1.75564	-0.08355	0.39521	0.83625	2.37854	-0.80684	-0.15474	1.56282	0.36976	-0.72823	1.37276	0.21422	-0.37367	1.21001	0.03340	-0.46495	0.67499	0.12440	0.18658	-1.27144	0.62982	-0.23387	-0.47282	-0.24023	0.51245	-0.34754	-1.17943	0.30799	-2.06549	0.03539	1.07418
0.77416	-0.37427	-0.74337	-1.25736	-0.77040	-2.01284	0.60578	0.32500	-0.81420	-0.31662	-0.02304	0.43883	-1.31875	0.84456	0.03162	0.25224	-1.58812	-0.08446	0.10180	-1.13679	0.70464	0.71360	0.95127	-0.34498	0.31282	-0.71800	-0.81851	-0.01350	1.14644	-2.52485	0.71948	-0.54632	0.32603	-0.26121	-1.59153	0.58883	-2.32822	0.08598	-0.29691	0.29869	0.21650	0.02097	-0.48803	-0.49711	1.04506	0.72821	0.63780	1.06053	-0.07102	-0.38985	-0.35078	-2.42220	-0.59297	0.17309	0.34073	-0.91985	0.44858	-0.15439	1.98334	1.22121	0.74702	0.62272	-0.56025	0.29659
0.22190	0.71101	0.30352	0.61058	-1.83036	0.15350	-0.89212	-0.79517	0.84144	0.58483	0.93442	1.08152	-0.38961	1.55249	-0.20688	1.53213	0.62775	1.69688	1.19065	-0.71981	0.36727	0.43139	-0.51607	0.94916	0.60808	-0.59079	-2.28121	0.55316	-1.47168	-0.10653	1.17860	0.32213	0.16337	-0.28130	-1.56362	1.11933	0.84322	1.73304	0.25615	-1.55128	-0.75912	-1.57512	-0.94938	0.63821	0.64510	-1.04338	0.01228	-0.53347	0.18972	0.21479	-0.65932	0.46185	-1.12554	0.26806	1.26237	1.44063	0.71864	0.16986	1.42886	0.90804	0.47296	0.29658	-0.91347	-0.99426
0.79386	-2.00253	-1.09480	-0.83561	1.17358	0.37932	0.65096	-0.03104	0.14477	0.08490	2.20395	0.39204	0.76477	-1.09957	-0.70791	-0.03929	-0.96817	0.80649	-0.64657	-0.57822	1.46204	-1.08866	-0.82889	0.04487	2.20133	0.44354	-0.66769	0.10547	-0.37274	-0.64242	0.01471	-1.68238	-0.47381	-2.02851	-0.44076	-2.44571	0.65438	0.95814	-1.67026	0.59324	1.26623	0.68150	-1.31380	1.46707	-0.73160	0.19868	0.13622	0.59186	1.21949	0.61318	1.74544	1.14622	0.49221	-0.28960	-0.71384	-0.09811	0.58290	-0.18646	0.45147	-0.06439	-1.09655	0.10544	1.96738	-1.44236
-2.16588	-0.55414	-0.65491	-0.09116	1.11407	-0.45355	-1.28635	1.36543	1.65236	-0.21974	0.32769	0.29400	-0.48002	0.40894	-0.14178	-0.84473	0.32875	0.57143	-1.01976	1.14101	-0.00366	-1.67677	-0.69723	0.57716	1.40767	-1.50794	-0.65884	2.21862	-0.33699	0.63230	-1.96412	1.70855	1.38111	-0.42254	-0.37016	0.26775	0.67301	-0.68132	0.82484	-1.82132	-0.54282	-0.05374	0.41320	0.81446	1.52677	2.13790	-0.76197	-1.50939	0.36658	-0.76289	1.28944	0.53868	0.04018	1.60667	1.37017	1.29593	-0.34390	-0.81952	-2.17170	-0.20854	-0.93386	0.55098	-0.95545	0.60435
-0.84614	0.36959	1.22832	1.39600	0.70149	-0.79919	-1.20711	0.87180	0.85326	0.29998	0.85521	-0.16198	0.51782	-0.63373	0.15707	0.53824	1.01978	0.12647	0.54075	-1.23699	1.38194	0.92130	-0.97555	0.69447	0.03904	-0.05049	-0.92132	-0.02406	-0.13534	-0.55453	-0.57220	-0.44917	-1.27057	1.31680	-1.40215	0.80513	0.01282	-1.32756	-0.90505	-0.18984	0.89884	0.88584	1.21490	-0.91928	-0.67417	-0.63118	0.73135	0.49935	-0.07167	1.46461	0.20244	0.56298	0.38571	1.04375	-1.07803	1.03106	0.33574	1.56157	-2.04715	-1.16564	0.21462	-0.90895	0.17010	0.29604
1.23011	1.06908	0.15277	0.46820	0.60663	-0.60327	0.60204	0.91801	0.48873	-1.25033	0.49101	-0.19992	-0.92720	-0.33484	0.20164	1.07740	1.02666	-0.14328	1.78268	0.09608	-0.52222	0.40069	0.03840	0.67162	0.64063	-0.11168	-0.47062	0.33405	-0.26431	0.48806	0.62832	2.33085	-0.63702	-0.69986	-0.20510	0.54996	0.51585	-0.13840	1.35992	-0.64382	1.07663	1.79948	-0.47938	0.42099	-0.01466	-1.20320	0.24217	1.11605	0.11033	1.44671	-0.17929	-1.32465	1.76938	0.73448	-0.91397	-0.69594	0.82281	0.71774	-0.23773	-1.76247	0.06748	0.13464	0.11709	0.20663
0.84091	-2.18341	-0.04403	0.76250	0.87521	-0.46232	-0.06210	-1.21769	-0.75617	1.62875	0.57664	0.31066	0.47124	0.84699	-1.30117	-0.04941	-0.76460	-0.66661	-1.06041	-0.40808	1.19020	1.22490	0.78386	-1.18442	-0.97439	1.56016	-1.24380	0.86485	-0.27452	0.30742	-0.07236	-0.00927	0.13073	-0.62074	1.58649	-0.62835	0.33530	-1.26280	-0.94419	0.53904	-1.40205	-0.51894	-1.67327	-0.74273	-0.29883	1.55103	-0.15318	0.88919	1.73812	0.06486	-0.44940	0.34601	0.25284	-0.45344	0.49771	2.57131	1.47192	-0.03135	-0.10491	0.97150	0.08231	-0.91055	-0.36269	1.09839
-0.49108	-1.96893	-0.42299	0.09985	1.42948	-2.06937	1.01296	-1.72519	0.21148	0.23041	0.96652	0.31028	0.62752	-0.17527	0.32872	-0.93172	-0.85821	-0.51542	1.06923	0.30622	0.42851	1.77395	-0.84552	-1.19284	-0.28543	-0.34095	-0.12835	-0.46465	-0.30329	-0.50695	-0.71528	-0.55664	0.67515	-0.75282	0.16725	-0.35566	-0.20613	0.38999	-1.68226	0.85339	-1.13464	0.21706	-1.07213	1.16224	0.47291	0.80800	-0.11919	0.85661	-0.44669	0.59788	-0.47574	0.33199	-0.29031	0.38685	-0.17265	-0.30592	-2.12985	0.13045	0.06406	-0.95803	1.22464	0.59776	0.57125	-0.27871
-1.07497	-0.98599	-1.10277	1.14927	0.46293	1.31133	-0.17624	1.19133	0.59927	-1.57334	-1.20549	0.95144	1.57938	-2.50018	1.28080	-0.10241	0.16895	-1.72738	-0.38986	-0.30158	-3.52726	-0.75096	-0.94031	0.68628	0.34718	1.47648	1.40752	-0.42124	-0.67750	-1.13179	-0.72481	1.95312	0.92342	-0.37796	0.54231	-2.16845	-0.05739	1.56971	-1.39084	1.00733	-1.62143	-0.02290	-0.48019	2.51222	-1.04798	1.22280	-1.58702	0.72168	1.93564	0.27633	-0.39434	0.22273	-1.22819	-1.09839	-1.57519	-1.24903	0.83427	-2.15165	-0.51818	-1.96305	0.13736	-0.78441	-0.06899	-1.21961
0.83840	0.97700	0.46554	1.21288	-1.10399	1.42124	1.79730	1.15747	0.51523	-1.64082	-0.51305	0.66419	0.82401	1.51348	-1.26914	-1.08944	-1.23032	-1.30107	-1.31192	0.02629	-1.55811	-1.55036	1.09123	1.44074	-0.11907	-0.87637	-0.29236	-1.25737	-1.03969	0.36882	-2.12659	0.39717	0.61763	0.58831	-0.80746	1.77374	0.79130	-0.63165	0.42255	-1.54610	-1.17423	-1.36026	-0.91602	-0.16597	-0.72536	-1.12865	-0.47306	-1.19527	-0.19112	-0.43151	-0.55219	-0.53308	0.41824	0.05910	0.51969	-0.38996	1.06154	-0.37857	-0.75072	0.19296	1.01068	0.12159	-0.66689	-2.17590
-0.22485	1.37335	0.24095	0.10877	-0.90689	-1.00949	1.01847	0.45522	0.23593	0.26159	-0.35611	0.30045	-1.24574	-0.60225	-0.23515	0.56223	-0.00425	-0.34660	-0.92362	0.98038	1.77659	-2.34797	0.57592	0.88538	0.87818	-0.10088	-0.01816	0.61041	0.18159	0.66026	-0.83751	-0.58273	0.91340	-0.15550	-0.92683	1.12261	-1.34649	-0.13457	0.12759	0.77597	1.11371	0.64819	-0.81459	0.97968	1.73994	-0.76206	-0.54538	-0.41874	-2.27533	-0.39276	-0.05387	-0.72083	-0.08273	0.72740	-1.63751	-2.39433	0.94004	-0.50900	0.15917	1.47544	-0.48530	-2.33025	0.15159	-1.03249
-1.10832	0.15902	-1.27121	1.07156	0.72696	-0.29547	0.85051	0.56840	-0.46046	-1.79286	0.55708	0.47077	0.29006	-1.36732	3.23281	-0.11732	0.54122	0.61574	0.53654	-0.50832	-0.84923	0.12700	-1.37645	0.96191	0.48500	-1.71557	-0.19620	-0.78421	0.12973	0.20834	-2.20901	0.85287	0.47513	1.14415	-1.13569	-0.04407	-0.07501	2.17780	-1.62748	0.24140	1.24108	0.02839	-0.07069	1.77830	-0.85352	-0.91461	-0.51078	0.36353	-0.41456	-1.52488	-1.34171	-1.99322	1.54033	0.96600	0.07996	-0.80465	-1.65484	1.49665	0.80604	-2.03241	0.24252	-1.36064	-0.12668	0.03569
-0.15196	2.41371	1.75963	0.31985	0.28863	1.11970	0.48579	-0.68364	-0.21639	0.16429	1.80808	-1.44881	1.49545	-0.33705	1.93602	-0.56408	1.43998	-1.81747	-0.13964	-1.86423	0.22245	0.31194	1.71456	0.96434	-1.64631	-1.08248	-0.68615	1.81131	-0.58645	0.85573	0.07623	0.14838	0.88372	1.18046	0.65381	0.23556	-2.11032	-1.21599	-1.05329	0.80313	2.32597	1.24427	-1.37136	0.42574	-0.94804	0.36103	-0.30631	1.71958	0.62548	-0.74943	-1.68508	-0.59367	0.06564	1.55243	0.39273	-0.05469	0.51022	0.60215	0.81247	0.85086	0.29952	1.68729	0.74863	-1.30469
0.13974	-0.16925	-0.30571	0.37171	-0.29314	-0.67833	1.53479	-0.11554	-1.15434	0.20465	0.28304	1.12508	-0.13205	-0.89172	0.51859	-1.12787	-0.88970	-0.91087	-1.64660	0.36259	1.08069	-0.54847	-0.10235	-0.47977	-1.01959	-0.79694	0.62814	2.24009	1.41202	-0.51399	1.14315	-2.21417	-1.18749	-0.03788	-0.84419	1.32283	-0.92895	0.15235	-0.54072	-1.26887	-1.37782	0.36706	1.57798	1.65409	1.28624	-1.01493	0.45148	0.54504	0.36366	-0.40841	-0.70610	0.48215	2.25985	-2.83438	-1.76131	1.49632	-1.04220	-0.91987	-0.45095	-0.26543	-0.79797	-1.61469	-0.70617	0.25610
-1.06288	0.51449	0.64254	1.10634	-0.46596	-1.18916	-0.08375	-1.01631	0.47891	-0.06800	-1.16131	-0.61661	0.21612	0.58968	-1.73045	0.50769	0.11096	-0.23853	-0.76441	-0.03549	-2.82424	0.59919	0.27356	-0.17334	2.38788	-0.41860	0.23420	-0.53533	-0.13396	-0.27500	-1.05443	1.45845	-0.37117	0.27111	-0.28633	-0.94988	0.78657	-0.28420	1.18631	-0.02387	-1.12257	-0.50999	1.45643	0.24643	-0.65627	0.30880	0.51400	0.55441	-0.45700	1.77033	-0.56296	-0.47468	0.19204	-0.64555	-0.27617	-0.59228	1.64708	-0.16998	-0.31388	0.83743	0.37211	0.35616	-0.45310	2.11524
-0.10166	-0.16403	-0.79856	0.87462	-1.27679	-0.63483	-1.82137	0.43017	-0.01885	0.30240	0.83797	-0.89162	-0.14596	-1.08817	-0.38956	0.96542	-1.06375	0.17797	-0.03432	-0.84801	-2.29332	-0.79989	-1.06426	-0.71572	-0.90449	1.38468	-0.09563	0.67591	-0.31211	-1.23236	-1.01433	-0.38915	-0.88313	1.06371	0.90175	0.87342	1.26518	-0.16322	-0.42130	-0.71651	1.00007	0.51585	0.09480	-0.28049	-0.91802	0.35130	-0.13913	-2.30154	0.82744	0.00708	0.09673	-1.09538	0.60842	-0.38731	0.79156	1.04291	-2.43052	0.30499	-0.50589	0.00169	-0.62097	1.12379	0.71330	0.41759
-2.17477	-0.59000	0.25403	1.64679	0.86749	0.95946	0.13241	-0.70979	0.72428	1.70497	0.92984	0.42802	1.76329	-0.54376	0.41775	1.31229	0.37256	0.65970	-0.59552	1.20097	-1.61500	-0.59939	-1.25054	0.05331	0.15981	1.04202	0.19232	-1.19475	-0.99739	-1.36975	-0.08226	0.54175	-0.63654	-0.53871	-0.73332	-0.90452	0.01361	2.19788	-0.95389	-1.00033	-0.46087	0.67397	1.36208	2.35551	0.93710	0.39960	-1.17257	1.23998	0.73182	0.56430	-0.34813	-0.19000	0.09970	-1.55714	-0.24141	0.80414	-2.47477	-0.42688	0.90848	1.51788	-0.85621	-0.46761	-0.34692	0.73470
-1.19812	0.18943	-0.44010	1.29237	-0.38403	-0.55521	1.47637	0.81734	-2.37153	-0.34160	-0.62637	0.05851	1.47589	-0.09037	-0.79877	-0.51090	-0.57662	-0.13385	1.04806	0.31500	1.15746	0.68314	-1.52563	-0.52002	-0.30662	-0.16668	-0.40513	1.70324	-0.79286	-1.77447	1.33810	-1.20818	-0.39177	-1.34924	-1.20632	0.97993	-0.71718	-2.34993	-0.34550	-0.50061	1.84455	0.81280	1.87797	-1.63999	0.29817	1.11667	0.50817	0.66242	-0.00248	0.79372	-1.45345	2.22149	1.36635	-1.78613	-0.27438	-1.49821	-0.08545	0.70694	1.11448	-0.44768	0.79669	0.58843	0.22091	-2.92787
-0.41131	-0.17248	0.41507	-0.17907	1.32630	-0.51050	0.79200	0.43913	0.63987	0.14049	-0.41324	-0.43734	0.26543	0.01585	-0.64734	0.67557	-0.16857	0.79882	-0.79470	0.88133	-0.96239	0.13211	0.72648	2.01585	-0.16141	0.66321	-0.62735	-0.83933	-0.15518	-0.24067	0.85559	-0.10785	-0.70939	0.51555	3.29856	0.51658	-0.47027	0.40680	-2.00244	1.00247	0.57090	0.54002	-0.33137	0.20347	-0.65257	-0.77115	1.24911	-0.39384	0.85060	1.17898	1.65683	0.41838	0.76072	-0.58647	-0.57483	0.10603	0.08616	1.03574	-1.35078	-0.16124	1.05558	0.29329	0.68016	-0.88847
1.56914	1.47350	-2.39649	-1.89439	0.75422	-0.90919	0.37787	0.12331	-1.01277	0.95788	0.71932	0.39585	-0.46653	-0.03017	1.47071	0.25685	2.17663	-0.72433	-1.91445	1.17927	-0.25274	-0.03454	-1.47405	2.05197	0.91518	2.19175	0.27781	-0.36752	1.15732	-1.17788	0.77924	0.90998	2.54654	0.85075	-0.63295	-0.12423	-1.86850	-0.50972	1.63832	0.07769	0.60759	-0.93067	-0.23346	-1.59616	-0.26425	-0.99818	-0.10472	0.30018	-1.58841	-0.12097	1.69861	0.93777	-0.86494	0.49987	1.30440	-1.40916	-0.90400	-0.40668	-0.77548	1.37920	-1.21572	0.55101	0.36735	1.25252
1.22312	-0.81221	-1.09707	0.33418	-0.51253	-3.16596	2.32886	1.17476	1.84766	0.40692	-0.67219	0.24759	-0.66837	1.18428	0.37932	-0.00918	0.13612	0.47418	1.37732	-1.52877	1.21962	-1.04990	2.76226	-0.32562	-0.91028	1.31879	0.55497	1.79245	-0.44175	1.19011	-0.18143	-0.36924	-1.43849	0.25220	0.65662	0.80458	-1.34386	-0.41962	-0.26371	0.24173	0.01420	-0.21737	0.90701	-0.43056	0.45659	0.72981	-0.88333	0.82390	-1.03726	1.95049	-0.46905	-2.48398	0.71938	-0.14468	0.27695	1.41630	-1.03834	0.99840	-0.43658	0.00452	-1.63384	1.84367	-0.48706	0.45911
-0.85821	-0.13762	-0.81030	-0.47558	-0.00719	0.26642	0.64163	0.93758	1.01342	1.07575	1.24381	0.63641	1.00345	0.58701	-0.43639	0.97203	-2.07478	0.74874	-0.79024	-0.37530	-1.25801	0.68179	1.10021	1.47378	-2.08325	0.43601	1.44365	-0.32559	-0.19277	-0.73257	-0.28183	-0.40916	2.52003	-0.96386	-0.11217	-0.19946	-0.43889	1.08200	-0.09948	-0.21300	-0.87311	-0.21013	0.94787	1.23827	0.91662	-1.06843	-0.36807	1.09335	-0.70410	-0.05214	-1.79990	0.39532	-0.08811	-1.29856	1.49789	0.25966	0.21048	-0.02111	-1.11753	0.97768	-1.44763	-1.10625	-2.35511	0.51578
1.47491	-0.25000	-0.41000	-0.08970	0.26060	0.00733	-0.02828	-0.94901	-0.23431	0.14422	-0.48409	0.65937	-0.36535	1.98542	-0.12895	1.91111	-0.44350	0.38696	0.30803	-0.50298	-0.20476	-0.76901	-0.00557	-0.33169	-0.55357	0.44858	0.11445	-0.76020	-1.53421	2.52182	-1.22278	-1.81606	2.06574	-0.33182	1.29594	0.28792	-1.11800	0.82195	-0.00925	0.59221	0.76542	-1.85153	-0.55304	0.50417	1.07036	0.04136	-0.91018	0.43388	0.72771	0.44800	-1.28183	-0.18444	-1.89248	-0.41214	-2.57588	0.03640	0.24043	1.43846	0.48425	-0.16873	0.85858	-1.35433	-1.07204	2.21124
0.15109	0.21331	-1.26288	0.99321	1.03544	0.79692	0.12910	0.73962	-0.04557	-0.65253	-0.17048	-0.23267	-1.17153	-2.41153	0.28523	1.41083	-2.13881	-0.37432	-1.02605	-1.31568	0.42346	1.27026	0.28585	-0.98875	0.13397	-1.30303	1.32750	0.87498	-0.68880	-2.35035	-0.09323	1.40171	-0.02938	0.95235	0.24336	-0.43744	-0.91051	0.19699	1.13712	-0.30431	-0.07008	-0.60600	-0.53945	0.58532	0.02989	1.65566	0.23185	0.78203	-0.50468	-0.66659	0.92145	0.65444	-0.49953	-0.12737	0.15515	0.63273	-1.10062	0.37923	1.06746	0.33444	0.56750	-1.15988	-0.41152	-0.27976
-0.40472	1.32526	-0.83442	0.06806	-1.07446	-1.01054	-0.25452	-0.92031	0.66870	-0.76213	0.04062	0.31749	-1.75621	0.90412	0.69367	0.29408	-1.45904	-1.81240	-1.13213	-0.77388	0.81151	0.02687	1.22724	1.22823	-0.58663	-0.57044	-0.00252	0.22779	-1.07879	-0.16804	0.41526	0.56710	0.33518	-1.26082	0.56210	-1.07361	-0.03271	0.89316	1.29303	-0.17358	1.49159	1.94362	-0.16012	1.19472	-0.04254	-0.38582	-0.46039	1.15940	1.36836	-0.46943	2.04074	-0.99434	-0.63336	-0.94662	-1.31235	0.54298	0.03333	-0.53949	0.50875	1.15313	0.96248	-0.94459	1.26231	-1.46532
-0.59020	0.29830	-0.87796	-1.45506	3.11384	0.73282	-1.11814	0.15586	0.19499	-0.61135	1.36506	-1.23617	-0.41712	0.42257	-1.80988	-1.91400	-0.12708	-1.05909	-0.20843	1.30503	-0.15210	0.17426	-0.10708	0.78582	0.22806	-1.40604	0.47970	-0.37055	2.35992	-0.12166	-0.61899	0.34707	-0.24222	0.56322	-1.33972	0.34302	3.06128	1.55497	-1.56797	0.59198	-0.15164	2.15262	0.37821	-1.23435	-1.53491	-0.06708	0.87630	0.03189	1.83015	-1.34484	-0.48273	-1.22103	-0.92346	0.76576	0.58798	0.59878	1.67871	-0.53273	0.69714	-0.55675	-0.84759	0.20677	-2.38657	0.58253
-2.47732	0.02759	0.77862	-0.98828	-0.07842	-0.81135	-1.08603	1.14886	1.10667	0.46860	-0.32392	0.85237	1.31358	0.34707	1.79000	1.23752	-1.12758	0.41918	-0.02865	-1.70619	-2.20818	0.01075	0.39841	0.63303	0.02985	-0.87465	0.15429	-1.72266	-0.53825	-1.65908	0.98655	-1.37872	0.57240	1.86039	1.11221	0.77174	-1.28596	0.38629	0.26954	-0.70097	-1.78327	0.80998	-0.34435	-0.31333	0.68908	-1.40068	-0.66032	-0.44463	-0.09290	0.31645	1.41994	-0.57948	0.10657	0.61495	-1.32498	-0.49510	1.32845	-1.60160	1.38126	-2.13400	1.20336	-0.95229	0.27578	0.97462
-0.67195	-0.82407	-0.00433	0.33898	-1.47159	-0.95339	-1.83230	-0.20230	-2.63053	0.63660	-1.55755	0.31981	1.87047	1.65241	0.69146	0.08414	0.18881	-0.58208	-0.43502	-1.79467	1.04653	-0.57578	-0.29760	-0.52547	-1.28888	-0.86002	-0.11176	1.18773	-0.37301	-1.33460	-0.15815	-1.10825	-1.44131	0.20750	0.00894	1.49907	0.92399	-0.34272	2.77429	-0.91793	-0.99310	-0.70173	-0.97399	1.83868	-0.76577	-0.87225	1.65117	1.63636	-1.47164	0.59668	1.28943	0.51671	2.15417	0.37484	-0.08822	0.34632	0.06358	0.98404	-0.69740	-1.39059	-0.51667	0.86125	0.23917	0.40047
0.99450	-1.30033	0.14404	0.20443	-0.48478	-1.49982	-3.46410	0.29630	1.82831	0.76650	-0.64157	1.14760	-0.93736	1.00421	-0.51249	-2.28919	-0.29913	-0.33520	-1.84354	0.97898	-0.36662	-0.20325	-1.64392	-0.18890	1.38734	0.28762	-0.71567	1.11952	0.03414	2.06002	-1.15362	-1.53651	0.27369	-0.49132	0.29110	0.02920	-0.60278	0.69815	0.45520	0.63349	-0.41647	-0.77733	1.02523	0.18218	-2.90693	-1.70559	-1.00963	0.32293	0.32249	-1.14572	-0.45946	0.77999	-0.88497	-1.06447	-0.32104	-0.75075	1.19533	-0.75892	1.99503	-0.28261	-1.30939	-0.81522	0.62930	-0.43064
-1.58452	-0.10873	0.56352	-0.72933	-0.49029	2.34468	0.14150	1.48377	-0.05854	1.21479	-0.10741	-0.43792	0.81977	-2.71111	1.25631	-0.00306	1.32702	1.47672	0.67433	-0.42095	-0.44404	0.76182	-0.82832	-0.89092	1.54427	-1.24250	-0.08815	-1.43471	-0.51485	-0.29313	0.75784	-0.71391	0.86457	-1.20905	0.76327	-0.62169	0.97415	0.32924	-0.14782	1.05621	-0.87861	0.72631	1.80186	0.22116	-0.52964	1.80238	-0.98370	-0.56452	-1.32439	0.69507	0.68800	-0.12455	-0.83032	-0.40658	1.59895	0.08490	-0.24697	-0.76724	-0.35764	0.11282	-1.21727	-1.66017	-0.35451	0.35399
-1.06284	0.50364	1.27623	0.34714	-1.15188	-0.16605	-1.54810	-1.14611	0.76895	0.45333	-1.64593	-1.44524	1.52041	-0.56163	-0.86371	0.17353	-0.63683	-0.63488	1.74904	-1.26298	1.05011	0.52739	1.57156	0.97308	0.61751	0.14880	1.16873	-1.00628	0.43734	-1.68528	-1.17522	0.31941	-0.18637	-0.05697	1.37182	-2.21652	-1.20157	-0.22816	-0.59706	1.89625	-0.61628	0.18043	1.13519	0.62326	1.33327	-0.44540	-1.02182	-0.41894	0.92397	0.32452	-0.27383	-0.05603	0.04338	1.50357	-1.22863	-0.96766	0.03158	0.97917	0.79613	2.36981	1.18373	1.83168	0.74411	0.45007
1.00697	-0.04969	-1.42928	0.13799	2.23387	0.87931	-0.34484	-0.08828	0.17546	-0.21269	1.98732	-0.20182	1.11658	-2.33650	0.64780	0.53833	-0.68755	-0.35873	-0.32006	0.48296	-0.44209	0.34837	1.57323	-1.10256	-1.01892	0.76474	0.64204	0.01450	0.43263	-0.33763	1.22043	0.90290	0.62425	-0.44121	1.41681	1.11855	0.71483	1.37050	1.23150	-0.50975	-0.37164	0.63317	1.06477	1.52520	-2.41684	1.84763	0.29748	0.21511	-0.59894	0.34129	-0.32665	1.07638	-1.11933	0.19508	1.13215	-0.94924	0.03020	-1.00102	-1.52840	1.95747	0.77597	-0.45643	0.00568	0.76933
0.99413	0.05209	0.21032	-0.89163	0.26945	0.14032	-2.54537	-1.77222	-0.29525	1.82744	-0.47836	-1.95805	-0.96105	0.75373	-0.35912	-0.29401	0.70639	-0.42759	0.73846	-0.80315	-0.12859	-0.57471	-0.20701	0.10666	-0.98780	0.48717	0.28311	0.61663	-0.13306	-0.76582	-1.38219	0.61008	0.08582	0.09716	-0.11562	-0.22071	-1.30876	0.14669	-0.88492	1.33515	1.07804	-0.19743	-0.16815	1.46760	-0.60446	0.14143	0.41240	0.38641	0.85422	2.22276	-0.72260	1.14093	-0.06828	1.81844	0.35158	1.06991	-0.61147	0.00128	1.17487	-0.69850	0.38443	-1.28278	-1.53262	-0.85413
0.42363	-1.08525	-0.32281	0.81867	-0.55405	-0.95085	-0.49490	-1.20498	-1.75254	3.09011	-1.01658	-1.66948	-0.77422	2.05435	-0.78552	-0.25519	-1.28811	0.15574	1.22338	-0.39680	-0.07211	-0.49915	-1.08322	-1.23344	-0.97185	-0.31340	-1.39982	-0.97060	-0.48771	-0.65942	-0.21505	-1.16577	-0.59572	-0.24394	-1.98544	-0.72262	0.55321	-1.52894	1.52731	0.79958	1.01964	0.72652	1.80556	-0.69612	1.73629	0.62189	1.64829	-0.66946	-0.46114	0.98346	0.70489	-2.84781	1.45943	-1.28223	0.94989	2.09208	2.27241	-0.00868	0.24241	-1.57330	0.56742	0.26221	2.58000	0.21478
1.03846	0.42801	-1.27494	0.78784	0.87794	0.20876	-0.63560	0.12197	0.19148	-0.02852	-1.81443	-1.94715	-0.22420	0.51858	0.10401	0.00051	-0.35274	-0.92618	1.08318	-0.31022	0.23222	0.73166	-0.44640	0.86592	0.31895	-0.01660	-1.00596	-0.21910	1.52373	-0.10667	-2.44544	-0.48948	0.13329	1.34752	2.43445	-0.77282	1.21513	-0.93792	-0.29969	-0.68635	-0.11952	0.37403	-0.98093	-0.61464	0.86600	0.09909	0.91365	-0.67874	1.72197	-0.91094	-0.37234	0.97507	2.02258	0.19419	0.87714	-0.33524	0.85446	-1.01128	2.39710	-1.32878	-0.89360	-1.40456	-0.58714	-1.49230
0.42800	-0.39094	-0.61630	-0.48433	0.73537	-1.03652	1.45767	-0.23160	0.69246	0.68947	1.52751	0.34790	-0.61700	-0.71668	-0.44815	-0.89030	-1.46221	-0.01373	-0.41320	1.16209	0.41397	-0.52666	0.27727	-1.74085	0.32594	-0.07700	-0.03945	1.00690	-0.28920	1.57526	-0.68076	-1.06578	-0.88920	0.13462	1.49324	-0.02810	2.40579	0.65787	1.88688	-1.02718	0.43672	0.46688	0.78891	-0.21882	0.04235	-1.03287	1.36918	-0.36595	1.21575	-1.99465	-0.44142	0.48666	-0.48081	0.75278	-0.78486	-0.87752	-0.09011	0.14283	0.24547	-1.04291	-0.52023	-0.18422	-0.24112	-0.37368
1.60608	-0.70571	-0.19627	-2.28668	-1.22596	-1.35139	1.52717	0.14193	-0.45104	0.79886	-0.69469	0.49722	0.91071	0.99597	-1.18980	-0.42576	2.29730	0.02082	0.36999	0.51984	-0.34307	-1.29552	-0.96707	0.02738	1.10549	-1.82275	1.99290	0.34257	0.73990	1.04844	0.07930	-0.84750	0.29727	0.40590	-1.53727	-0.12094	0.31945	-0.03134	0.26256	1.13757	-1.51936	-0.87342	1.46576	0.26738	-0.88339	-0.97692	1.46519	1.77529	2.54986	0.65837	-0.46401	1.43672	-0.99946	0.50215	0.30756	-1.08953	-0.87020	1.09625	0.36063	0.05352	-1.15943	-0.46274	0.80930	-0.76784
0.01149	0.92384	0.64878	0.72438	-0.09672	0.67054	0.48494	0.82955	-0.30479	-1.09126	0.01250	0.86759	-1.71239	-0.15507	0.90877	0.41719	0.44691	-1.35009	-0.76057	0.03551	0.58776	3.26314	-0.26894	-0.66880	-0.18073	1.43870	0.92873	-0.26520	1.08833	0.37641	2.16995	-1.63754	-1.49273	-0.48891	0.59448	-0.46506	-0.26161	0.56126	-0.81836	0.07331	-0.31235	1.13395	-0.66037	-0.65986	-0.87074	0.41149	-0.84075	-0.60941	-0.02924	-1.70767	1.10653	-1.08045	0.06101	-1.47332	1.50796	0.09399	0.90867	-1.34610	-0.34999	-0.56949	0.05081	1.27224	-1.12178	0.64083
0.45154	0.13589	-1.91025	0.92900	0.21934	-0.18272	0.79427	1.67261	-1.08943	0.46429	1.71649	-2.47873	-2.23778	-0.03973	-0.02188	0.53825	-0.17724	-0.69294	1.22442	0.38054	0.60375	0.16423	-0.77941	0.36292	0.16342	0.05623	-0.96927	-0.51367	-0.45398	0.13857	-1.34199	0.38258	-1.23983	-0.77638	-1.07728	-0.54945	-1.39763	2.08109	-0.15825	0.94818	-0.69167	-2.47029	-0.60797	-1.25446	-1.56496	-0.64326	0.45439	0.62903	0.11030	-0.78563	0.64207	-1.33689	0.69667	1.64824	-1.00436	-0.64962	0.54413	-1.02557	-0.72984	-0.04064	-0.06977	-1.53549	-0.05584	0.85194
-1.28481	0.61287	0.42118	-0.45389	0.39663	0.20572	-2.05052	0.35366	1.12388	-0.89327	-0.47869	0.30708	-0.09265	-0.71077	-0.36994	0.53877	1.37178	0.63067	-1.27661	0.00012	0.55421	-0.58777	-1.51413	1.62264	1.29352	-0.61968	-1.31531	-0.29108	-1.37591	-0.18434	-1.46184	0.32024	0.41500	-1.25568	1.84712	-0.34344	1.25724	-1.27963	-0.34861	-0.23639	0.20083	-0.75073	-1.45916	0.70095	-0.77125	0.40590	-0.67933	-1.21219	3.02194	-0.66078	0.84554	1.48811	-0.81091	-1.65249	1.10088	-1.49806	-0.47949	0.25259	-0.42967	-0.43149	-0.58826	1.19473	-0.75959	-0.10894
0.51288	1.06464	-0.30822	-0.04983	0.72827	-0.77597	0.06625	-2.24221	0.94915	-0.55488	-1.07441	-0.77876	1.04876	0.75613	-0.94079	-1.06639	-0.00317	1.59586	-1.37709	-1.81492	1.06263	0.05858	0.96678	-0.13759	1.04929	-0.57565	-1.35198	-2.08024	-1.24913	-1.04237	-2.29088	-0.52399	-0.95451	-1.06976	-0.87040	-1.06134	-1.75780	0.93125	-0.38323	0.30888	-2.09783	-0.08311	0.98589	-0.43037	0.58187	1.91631	0.12352	-2.46051	-0.78865	1.20748	-1.36164	-0.53687	1.24472	-0.10502	-0.63566	0.44520	0.70849	0.60241	0.71611	0.24980	0.84895	1.39248	1.15382	0.98171
-1.85442	-0.40430	-0.21209	2.03241	-1.88926	-1.85388	-1.13785	-0.59462	0.28082	0.45017	-2.11353	-1.34527	-0.46295	1.23473	-0.31955	-0.90402	-1.30984	-0.51955	1.05446	-2.15345	1.23359	-0.13667	0.88863	-1.66106	-1.30451	0.61868	-0.46241	0.44896	-1.02984	1.04695	1.03480	-1.88127	-1.69504	1.75700	-0.82472	-1.21294	0.55019	0.80833	0.09545	-0.00016	0.46248	-1.08936	-2.10141	-1.47534	-0.27067	-0.63326	1.25535	-0.23505	-0.82901	-1.29695	0.55626	-0.04282	0.27939	-0.06692	-0.23288	1.73729	2.14657	0.27847	0.33077	-2.19451	1.22616	0.29543	1.71148	-1.02993
2.84398	-0.08253	1.42629	0.22968	1.27487	-1.53604	-1.41212	-0.59051	-0.36030	1.13059	0.03912	1.02393	-0.55004	0.24907	-0.39518	-1.05262	-0.49181	0.18887	1.30814	-1.89689	2.54519	-0.81607	-0.25370	-1.07732	-0.98395	-1.80694	-1.40158	0.98502	1.37687	0.78012	2.22414	0.45294	0.31747	0.15098	0.32818	0.67248	0.93114	0.96085	-0.82025	-0.64612	2.97344	-1.55021	-0.64202	-1.02673	0.85023	0.48613	0.41930	-0.26818	-1.20569	2.02077	-1.55781	0.79860	0.21319	-0.10529	-1.25585	0.58909	2.10484	0.99707	1.18691	-2.74982	0.95963	0.20328	0.07384	0.91656
-0.51304	-0.36143	-1.22817	-0.42629	0.55970	0.18273	1.04654	1.13618	-1.32084	-1.79566	0.73512	1.04982	0.65105	0.50815	0.54379	0.37023	-0.25189	0.99784	-0.69243	-0.31122	0.20504	-1.02854	-1.07788	0.43937	0.69415	-1.07935	0.62261	-0.63935	0.16778	-0.18296	-0.12546	-0.67336	1.95845	0.67739	-0.86806	-2.66231	-0.93986	0.62346	-1.53472	-1.07231	-0.85818	-2.00782	0.33464	0.29343	-1.32135	-1.35724	1.04403	0.53961	-1.34605	-2.18115	0.56200	0.23806	-0.44411	1.18983	0.50749	0.42459	-1.58635	-1.55005	0.26869	-0.76350	-1.09573	-1.54479	-0.32817	-0.40753
-0.03582	0.86652	1.01226	1.41709	-0.69463	-0.47197	2.95637	-0.23827	-0.07660	0.36062	-0.30297	0.29288	-1.08035	-0.08107	0.09374	-0.35497	-1.72860	0.48253	-0.78057	-1.31259	-1.01622	0.97111	0.44455	-0.55462	-0.40526	1.74742	0.57497	2.12472	1.34086	1.20040	1.19695	-2.34082	0.10118	-0.07871	-0.67829	1.57876	-0.66208	1.43720	-0.90117	-0.57885	1.19279	-1.07220	-0.11204	0.45919	1.34325	-0.42404	-0.13693	0.93902	0.96161	1.23407	-1.11657	-0.69972	-1.21195	0.57355	-0.52477	-1.15110	0.55337	0.40695	2.68313	1.51966	0.52439	0.64586	-0.24838	0.93869
0.42122	-0.38145	0.66436	0.21566	-1.28002	-2.03846	-1.27619	-0.39260	-1.02023	-0.16847	-1.00856	-1.53071	-0.63414	2.14369	-0.75548	-1.84044	-0.60845	-0.01474	0.35670	-1.20742	-0.82622	-0.19149	1.27811	-0.64270	-0.50136	0.26588	-2.61520	1.17181	1.49999	-0.59135	0.67911	-0.38809	-1.60109	1.37751	1.03850	-0.15368	0.52471	-0.17536	1.31411	0.95378	1.43785	1.71958	-1.01547	-0.91285	1.87330	0.27700	0.82512	-2.49204	-1.93711	-0.55417	-0.76967	-1.02549	-0.28690	0.85653	-0.65931	2.05607	0.70339	2.11662	1.70821	-0.02201	3.58490	0.39721	1.42939	-1.75918
1.03706	-0.90057	0.23507	0.13289	0.00680	-1.48063	1.52741	-0.11560	-0.28017	-0.10824	-0.09450	-1.02257	1.05506	0.07574	1.39938	-0.48351	1.15149	0.73291	-0.70362	-1.28094	-0.84608	-0.19974	-0.03329	0.16015	0.76238	-0.59667	-1.04822	-1.81208	0.01229	0.33552	-0.75653	0.21560	0.89651	1.71162	0.22508	1.54380	0.58515	1.34237	-2.34277	-0.25753	-0.68101	-0.08683	1.08812	-1.33976	1.84963	1.07796	2.58063	-0.05915	-0.79176	0.36502	-1.13642	1.91410	0.70165	-0.04959	1.44845	1.56276	0.02391	-0.36872	-0.42102	0.40055	1.73132	0.12919	-1.46603	0.26545
0.79587	1.32753	0.58528	0.30340	-0.06239	0.55085	-0.36241	-1.45271	0.20084	0.41312	0.91897	-1.25844	-1.05192	-0.75168	-1.15074	1.27931	-0.40204	-0.76824	1.96127	-0.10754	1.22614	0.71660	1.07890	2.25591	0.68530	-1.65689	0.23848	-0.11930	0.41932	-0.44697	0.83452	0.04425	-1.57144	-0.86485	-1.34738	-1.25656	0.67191	-1.63481	0.66789	-1.05135	-0.17712	-1.46147	-0.25778	0.55762	1.45964	1.72316	1.67480	-0.19567	-2.15206	1.02067	0.46513	-0.95389	0.43049	1.37321	0.35904	-0.79142	-0.50745	0.92872	1.33755	-0.47084	0.48508	-0.01327	0.03215	1.15720
0.35566	1.05000	-0.89106	-1.78629	0.97840	-0.60094	1.20945	-0.44891	1.75091	0.24107	-2.44117	-0.06345	-1.78693	0.64076	0.35672	-1.70359	0.73763	0.16380	1.17653	-1.73391	1.21627	-1.49262	-0.32201	-1.87516	-0.39156	-0.33228	-1.29256	-1.19145	-0.54928	0.55377	1.74075	-0.31187	-2.03178	-0.84793	1.51395	-0.82516	-1.35538	0.27926	1.06231	-0.39357	-0.44865	-0.01881	-1.17157	-1.29994	1.33361	1.26342	-0.43043	-2.15199	-2.05980	1.21165	-1.59964	0.32120	1.11306	1.61189	-1.69965	1.88213	0.46849	1.36532	-0.23677	-1.22272	0.80304	1.76435	0.94049	-1.25887
-1.33493	-0.56537	1.32658	0.96377	1.33913	-0.19872	-1.29933	0.62996	1.16478	-1.21835	-0.58147	-1.98370	0.02044	-1.00107	0.10901	-0.90791	0.60327	0.93690	-0.65369	-0.02498	-0.22705	-0.10131	0.04885	0.61706	-0.48946	0.37324	0.19886	-0.85725	0.71588	1.88872	-0.33968	0.63866	-0.78228	-2.07745	0.86565	1.71396	1.22320	1.57973	0.71796	0.70743	-0.90420	-0.89436	0.34780	1.43021	-1.29769	-0.56895	-2.04405	-0.29907	1.28003	-0.23346	0.94915	-0.88634	-0.42857	0.85611	1.71850	-0.04233	-0.44991	-1.24274	-1.42222	0.71992	0.49485	0.77572	-1.38896	-0.16000
1.07280	0.11709	0.38904	1.49878	-1.02400	1.10063	0.15171	-1.34993	-0.78501	1.80240	0.97164	1.01828	-0.70501	0.05648	-1.75450	-1.87696	-1.42714	-0.57864	0.38554	-0.74156	-0.35250	-1.40174	0.37576	-0.55254	-0.99425	1.09035	-0.09438	1.80213	-0.22512	1.43367	-0.80305	0.61414	-1.15859	1.44436	2.14978	0.24649	-0.33051	-1.13172	-0.02709	1.63547	0.06065	0.11829	-0.14205	0.79348	-1.48989	2.09231	1.14756	-0.40632	-0.35540	-0.54954	-0.25767	-1.53615	0.92324	1.34393	-2.08131	1.04061	-0.24235	-0.65916	-0.13919	1.00687	1.40812	-0.64529	1.44241	-1.00729
1.07963	-1.52468	-1.70771	-0.60356	-0.30487	0.14725	0.26004	-0.47947	-0.57546	-1.47927	1.29156	0.11943	-0.87149	-1.08828	0.56601	-0.31786	1.25148	0.65782	-0.96772	0.28744	1.90956	-0.71566	0.90933	1.59980	0.88925	-0.56249	1.50445	-0.33612	-0.13141	-0.33830	-1.41193	-1.23620	1.67593	-0.02540	0.33543	0.27874	1.49200	0.87371	-0.94274	-0.89441	1.35065	-0.48106	0.54795	-0.13720	1.23496	-0.92659	-0.59964	0.61055	-0.28612	0.68571	-1.24534	0.62708	0.83884	-0.77788	-1.38587	-1.43059	-0.13585	0.30997	0.11739	1.77321	-1.39398	-0.24314	-0.34970	-0.01747
-0.10702	0.15819	-2.19271	1.45180	1.18179	1.14749	0.53298	-1.75968	1.11380	-2.21040	0.39937	-0.06757	0.15059	1.13282	0.37085	-0.55767	-0.18686	-0.08022	-1.28578	-1.18714	-1.83203	0.46623	-0.32792	1.97472	0.48446	2.26540	0.35493	-0.41194	1.77554	1.57148	0.09059	2.29881	0.30348	0.89696	0.22012	1.02948	-0.23683	0.26410	0.34435	-0.87612	0.14751	-0.57499	-0.69094	1.31843	-0.12479	-2.17235	-0.11606	0.49531	-0.85575	-0.08060	1.09891	0.66953	0.33345	-0.18080	0.69313	-0.40294	0.41679	-0.48169	0.53117	1.48110	-1.33390	-0.58526	-0.15980	-0.34599
-0.18372	-0.79025	-1.07995	-1.78569	-0.17469	-0.37703	1.60522	1.10538	0.27105	-1.34078	0.87603	2.45354	0.69726	0.04805	0.96596	0.68725	1.31609	0.41855	-1.11512	1.66933	-0.75890	1.43831	-2.16200	0.90807	1.25696	-0.19702	1.05704	-2.43313	-0.61248	3.12279	-0.14023	-1.08998	-1.29573	-0.42529	1.51702	-0.06323	1.00882	1.01832	-0.71104	1.51992	-2.31111	0.51739	2.33411	2.17348	0.44385	-0.71884	-0.63683	1.12005	1.26042	-1.86061	0.65766	1.54748	-0.71916	-0.27415	1.35300	-1.09762	-1.83156	-0.72095	-1.24190	1.94092	-0.54233	0.13684	0.65345	-2.75243
-0.65130	-0.52840	-0.17535	-0.73464	-1.86840	2.11837	-0.44412	0.68736	0.73157	0.03464	0.07149	-1.80301	-0.35579	0.10131	2.05290	-0.89268	0.35099	0.61122	-0.51618	-2.09557	1.34581	-0.96150	0.92763	0.09910	-2.00272	-0.76090	0.05618	-0.75739	0.44520	0.29117	-0.05336	-0.66855	0.11300	0.87643	-0.01470	-0.40918	-1.13905	0.01109	0.36235	-0.79084	-2.76087	0.86113	-0.15267	-0.95017	0.68924	-0.91161	-0.81280	-1.72669	0.10461	0.06608	0.69014	0.34782	-0.30538	0.56543	-0.57890	-0.02792	0.39333	-0.22899	2.17632	0.25533	-0.70321	1.42735	-0.60276	-0.31675
-0.21328	-0.72632	1.22856	-0.43766	0.18157	0.44462	0.69463	0.46823	0.22641	-1.34358	0.64633	0.25439	0.79813	-0.71376	1.42076	-0.04591	0.59805	0.65800	-0.19952	0.25059	-1.45902	0.27126	-1.49154	0.83319	1.37492	0.91140	1.51984	-2.01147	0.30547	2.08570	0.65755	0.92223	1.08847	0.14515	0.24171	-1.40311	-1.78805	1.45995	-0.56032	-1.45434	0.87312	1.67121	1.07320	0.10466	-0.59078	-0.00712	0.59057	1.61700	0.55766	-1.41559	1.34109	0.58157	-0.56254	-1.13365	0.60549	-1.30017	-0.06168	1.62275	-1.66608	-0.04583	-0.51064	-1.92181	-0.31328	-1.49812
1.79159	-0.29959	-1.02173	-0.02350	-0.05821	-0.70395	-0.21566	-0.81347	-1.25594	0.59086	0.27646	-0.10179	-1.37139	0.83434	-0.77584	1.71231	-0.49459	-0.32321	-0.45413	-0.58103	0.29737	0.59695	0.32247	0.61065	-0.40170	-1.38064	-2.40958	0.51942	0.44814	0.47970	1.23503	-1.27785	-1.34868	0.69703	1.37888	0.49791	0.66130	-0.74800	-0.51368	-0.12717	-1.07590	-0.76040	-1.14509	-0.21472	-1.13081	-1.60704	-1.20436	-2.42067	-2.05755	1.45919	-0.29951	0.26596	-1.47918	0.22788	-1.43965	-0.42641	1.20696	0.81453	1.41898	-0.10126	-1.58805	-0.09088	1.89406	-1.23848
-2.05639	-0.33375	0.57410	-1.93200	0.61991	-0.25674	-1.28002	-0.22952	-0.75840	0.35943	-1.57513	-0.84948	0.09051	1.32518	-0.22029	-1.42913	0.01011	-0.45778	0.09727	-1.66776	0.11032	-0.84176	1.34646	-0.91633	-1.24651	-1.55127	1.16685	0.76823	1.52664	-0.11460	-0.28263	0.74612	-0.31497	1.40280	1.03595	1.42522	-0.57519	-1.76554	-0.51470	-0.91705	0.26035	-1.72986	-0.71707	-1.24775	1.28432	1.25684	1.01947	-0.66913	-1.50731	0.43166	0.75759	-1.27443	1.17027	1.25605	-1.72704	-0.56219	0.28713	0.28264	3.10853	-0.74578	0.68556	0.73731	-0.40620	-1.03160
-0.83993	0.83436	-2.36074	0.40577	0.66203	1.00762	1.78783	0.76943	0.92147	-2.09904	0.11004	1.92984	0.99698	0.00057	2.33237	0.27656	0.19996	-1.13604	-0.16691	1.24065	-0.87704	2.30486	-0.66964	1.27314	-0.83625	-0.82973	0.80295	0.01738	-0.22448	0.19869	-1.32167	-0.69282	0.55191	0.04795	0.80224	0.03211	-0.06772	-1.19344	-1.27555	-0.68962	-0.38695	0.40191	2.59033	1.02238	0.07985	-0.55663	-0.15858	-0.52187	-0.21485	-1.20967	0.76913	0.97415	-0.59167	0.75097	-0.31206	-0.65573	-0.38414	-0.23955	-0.45630	-0.92186	0.18784	-1.59501	-0.97945	-0.01818
-0.00523	-0.52494	0.86361	-0.28764	0.90082	0.30846	1.25872	1.62042	0.51044	0.21251	0.22844	-0.78660	-0.46028	0.15635	0.29115	-0.68956	1.34619	0.30890	0.26379	0.58170	0.66164	-0.73502	0.04828	0.61922	-0.57246	0.52113	0.50518	-0.27477	-0.61727	1.70149	-0.66608	-0.07058	-0.07727	-1.72236	-1.26180	1.35971	-1.43732	0.44580	-0.64750	-0.19133	0.67488	-0.40731	0.35744	0.74035	0.24772	-0.76843	1.86897	0.34810	-0.21287	-0.20704	-0.06321	-0.65793	0.64831	-0.50912	0.82596	-0.33378	-0.29229	-0.96174	-0.55530	1.50371	-0.99490	-0.54015	0.61792	0.14236
-1.08607	-0.63947	1.53247	0.71028	0.45923	-0.46010	-0.06294	0.17095	-1.08111	-1.61396	-1.71177	-0.27982	0.71881	-0.82127	0.86305	0.27632	-1.91351	0.20657	-0.98799	-0.62398	0.01552	-0.58883	0.94467	-1.31389	0.87616	-0.92931	-1.40729	1.79867	0.43927	-0.14325	0.41101	-1.06190	-1.11776	2.17985	1.40688	-2.10154	-1.31755	0.35827	0.90077	-0.56897	0.49188	0.58590	-0.50485	0.54185	1.19437	2.94841	1.53477	-2.21496	-0.24500	-0.55058	0.24903	1.19719	2.36463	-0.14754	-0.77794	0.97213	-1.76795	1.80010	0.22727	-1.04179	0.47627	0.14223	-0.85122	2.18648
-1.38025	-0.32467	-0.53720	-1.22989	-0.47800	-0.49806	0.74188	0.53757	-0.34031	-0.79006	-0.03666	-1.00860	0.80001	0.17472	-0.17288	0.08074	0.03307	-0.28626	1.41731	1.94263	0.03654	0.96690	-1.36249	1.63392	0.31209	0.53769	1.93840	-0.25664	0.51542	-0.91897	-1.28460	-0.23167	-0.89905	1.13865	0.45736	-0.26887	0.59699	2.46687	-1.10194	-0.21423	-0.91730	0.92987	0.95986	0.97652	-0.22794	0.06345	-0.28807	0.27253	0.32572	-1.49749	1.44123	0.47366	-0.11341	-0.34891	0.21417	-0.19609	0.44792	0.19108	-1.81739	1.82382	-0.94872	0.35170	0.14151	0.95172
-0.78059	0.67964	-1.54028	-1.39462	1.07306	-1.14396	0.80060	1.78048	1.88951	0.64973	0.29888	-0.20600	1.58581	0.76398	-1.10026	1.67611	-2.35429	-0.48070	0.31368	0.05267	0.81297	0.77942	0.11097	1.37261	-0.59398	0.32238	-0.67019	-0.16124	1.10431	-0.42349	0.57491	1.04426	-0.24939	0.95473	0.62845	-0.12579	-0.66104	0.03309	-0.25043	-1.83311	0.97088	0.36995	-0.90041	-1.44970	-0.89707	1.23202	-0.42254	-2.65901	-0.25448	0.69710	-0.95699	-1.70384	2.56514	-0.76015	1.02075	0.71796	-0.04049	0.49564	-0.00282	-2.04380	2.25870	-0.00649	1.49198	-0.59214
0.33116	0.73944	-3.20406	-1.42991	0.86926	-1.13567	0.01504	1.28979	-0.09974	1.06265	-1.22023	0.87661	0.36696	-1.10248	-0.23005	-0.25798	1.76033	0.77303	-0.51002	2.16344	0.16570	1.60332	-1.40906	-1.72526	0.29335	-0.17425	2.52047	0.57636	-1.62080	-0.23075	1.09078	1.64482	0.63430	-0.88684	0.23246	-1.87828	1.03289	2.02523	0.45009	-0.23879	0.69820	0.05806	0.02571	0.38481	-1.92314	-0.37931	-0.70352	0.42847	-0.96846	0.03131	0.29403	1.03440	-0.18416	-1.32043	-0.35331	0.55705	1.12214	-0.18200	-0.54171	1.55637	0.60020	-1.65293	0.64922	-1.26414
-0.41840	1.19289	-1.09834	-1.98932	0.50558	-1.22842	-0.67670	0.39555	-0.22432	-0.15462	-0.71473	0.96883	-1.60287	-1.16539	0.82006	1.97589	1.24572	-1.17184	1.25996	0.94430	0.96970	0.01849	3.11469	0.11319	-1.21650	-1.82566	-0.14632	-2.19117	0.80949	-0.54367	0.86614	-0.92519	1.50525	0.84795	-0.27598	-0.84249	1.12345	-0.23891	1.22050	1.19679	0.13672	0.60744	-0.13884	-2.27149	0.19117	-0.45636	-0.76888	1.67056	-1.61414	-0.00707	0.20204	0.04091	-0.09445	-0.52764	-0.11999	0.00336	2.89977	-0.15910	-0.12643	-1.01090	-0.74035	-0.37621	-0.70305	0.06158
-2.90210	0.45973	1.35291	-0.69323	0.85409	1.98341	-0.86538	1.13080	0.96564	-1.06446	0.99461	-0.00535	0.94185	0.52740	-1.53336	-0.11200	0.94071	-0.76389	0.57912	-0.14810	-0.50040	2.61872	0.86868	2.23343	-0.54855	1.06220	0.68923	-0.11413	-3.14413	1.73048	-0.94447	-1.51958	1.26362	-0.90086	0.97433	-0.55917	0.76823	0.67750	-0.48820	-1.60865	-0.73477	1.79884	0.85780	0.75592	-0.53074	-1.69456	0.00209	0.30716	0.34117	-0.53021	1.36404	0.16024	0.39681	-1.01184	0.41029	0.52022	0.02327	-0.34550	-2.46193	0.66553	-1.53722	-1.24488	-1.04109	0.52956
-0.83537	-0.43892	-1.69898	-0.04502	0.58247	-1.16731	-0.35991	-1.86108	0.18886	0.38655	-0.57115	-2.10725	-1.24118	2.42317	-0.51407	0.67169	-0.52084	0.20847	-1.72876	-0.66570	-0.13944	0.11909	-1.09270	2.96023	2.17579	2.94547	0.85260	0.13769	0.04035	-0.98547	-0.29129	0.33147	-1.07161	-1.07898	-0.23388	0.21404	0.77178	0.28885	0.15291	-0.28033	-1.49742	0.27877	-0.31174	-0.60642	-0.07627	-0.20191	-0.21811	-0.56536	0.21892	0.89318	-0.49165	0.09348	-1.12255	-0.71578	-0.79193	1.01188	-0.49469	-0.81720	1.79343	1.95305	-1.60261	-0.19098	-0.48334	0.26752
1.62858	0.31417	0.00958	1.23578	1.06248	-2.58885	0.60372	-1.78576	1.02660	0.76986	-0.22131	0.65249	-0.38787	0.55234	0.56131	-0.54049	-0.01429	-0.33904	1.99398	-0.57810	0.22528	0.98533	2.01443	-1.24194	0.26015	-0.09527	0.38045	2.09550	-0.12885	-2.26285	1.14858	-0.78179	-3.28140	2.71864	0.96576	0.15517	-0.84456	-0.84421	1.40649	1.19923	0.09115	-1.42256	-0.58437	-1.95565	0.95684	1.57107	0.45559	1.34804	-1.12031	0.80589	-0.69354	-0.43012	0.57027	0.66408	-1.22188	0.51931	-0.61466	0.57322	0.17430	0.21052	-1.34206	0.82063	-0.68472	-0.56847
0.41602	-0.14085	-1.51326	1.02310	-1.96048	-1.77782	-1.35442	-1.54424	0.85530	0.06405	0.08690	0.02816	0.10045	-0.08702	-3.71802	1.14970	0.36262	-0.38742	1.55545	0.55343	-0.95497	1.19981	0.61898	1.40072	-0.24968	0.04243	-1.68953	-1.11348	0.30311	-0.91356	-0.10588	0.31439	-1.43919	-1.73533	1.93151	0.66188	-0.12299	1.50045	-0.82250	-1.85943	0.07943	0.11930	-0.46064	-0.78469	0.95571	0.23152	1.31207	-2.09301	1.72598	0.61755	0.39703	-0.00997	0.44352	-2.06737	-0.19308	-1.92349	0.30881	0.18052	0.41201	0.79394	-0.52211	0.39583	-1.09663	-0.02539
-0.14194	0.00116	2.14214	0.29020	-1.30663	-0.43764	-0.49184	0.29469	0.33055	1.73947	1.68939	1.87867	0.15341	0.87784	0.01235	0.87228	0.53831	-0.57401	-1.55012	2.38421	-1.55117	0.11115	-1.09825	1.06745	0.15616	-0.33215	-0.99122	0.31565	-0.26714	1.02452	-1.26378	0.49701	-0.18431	0.65575	-0.59869	-1.32158	0.35923	0.93817	-0.56995	1.05378	-1.56752	-1.48595	0.87146	1.61306	-0.31926	0.37384	-1.13494	-0.58368	0.68925	1.09012	1.43026	-0.38037	-0.01226	-0.16462	-0.48712	0.68291	0.76818	-1.45235	-0.88927	-1.74124	1.12154	-0.14983	-1.67097	-0.26656
-0.10873	-1.77554	1.06805	-1.02866	-0.27324	1.13627	-0.52297	-0.74345	-0.84835	-0.20313	-0.50457	-1.41666	-0.27985	-2.14762	0.02500	-0.13243	-0.54204	-0.53547	0.33813	-0.27009	-0.82973	-0.43458	0.63635	-0.21325	-0.19327	-0.12552	0.01417	0.00688	0.37678	0.67403	0.90555	1.72085	-0.22957	0.49908	0.46625	0.22339	-2.41450	-2.37326	-0.07452	0.45638	0.73399	0.18168	-0.59348	-2.40635	-0.18560	-0.61646	-0.14949	-0.04450	0.23597	-0.72047	-2.19550	-0.57126	0.07132	1.05419	1.93257	-0.81825	-1.25615	1.44788	1.12432	-1.35151	1.26700	0.12517	0.10537	1.13724
1.19642	-0.59289	0.57720	-1.06349	0.05655	1.18974	1.35333	-0.90892	1.39990	0.03938	-0.33401	-0.13961	0.99566	0.30193	-0.53008	0.69350	-1.35305	0.90460	-1.19934	0.24113	-0.04490	-0.04423	-0.25447	0.57238	0.16019	2.50423	1.41155	-0.71272	-1.31012	0.75191	-0.68775	0.35892	0.88137	0.38868	-0.96602	-0.37979	3.58916	-1.02506	-2.11365	-0.43662	-1.71713	-0.11059	1.54255	-0.13865	0.35231	2.49662	-0.15095	1.92837	0.50855	0.75396	1.26382	0.90392	-0.92204	0.49724	-0.03289	-1.64741	-2.10992	-2.13490	0.82932	0.96581	0.06082	0.04109	-1.27926	1.27276
0.34269	0.05246	-0.72652	-1.11060	-0.27231	-0.73718	0.39854	-0.43329	1.02671	-0.58660	0.02241	0.16273	-1.36180	-1.18995	-0.38644	1.72111	1.24236	0.57176	0.71585	-0.27269	2.35746	0.32637	0.49227	-1.03418	-1.03171	0.75578	0.74631	1.11672	-0.59584	1.61286	0.07527	-0.44643	-0.76037	-0.04716	1.50237	-1.34332	-0.10088	-0.75543	-0.84081	0.39225	0.18629	-1.42324	-1.00279	0.96275	0.11158	-0.27821	2.80929	0.05038	-2.21147	-1.05714	-0.22668	-0.88159	-0.53688	0.20170	0.17755	0.75202	-0.44406	0.47687	-0.69435	-0.04827	-0.69458	-0.19200	-1.26541	-0.81398
1.46936	1.41382	-1.44474	-0.19218	1.26551	1.41700	-0.61541	-0.80454	-0.61323	-1.10814	-1.33398	-1.45820	-0.12700	-0.63611	-2.09764	-0.41913	1.15937	0.35613	0.74108	0.47653	0.23139	-0.30957	-0.96554	-0.97873	0.85308	-0.72946	-0.74013	-0.86945	-0.77438	0.87353	1.46968	-0.36043	-1.41767	-0.37596	-0.19988	-1.86096	0.04008	-1.38392	-0.04856	0.27266	1.47970	-0.66879	1.06894	1.37829	0.35121	1.57342	0.44550	1.06208	1.20598	-0.00515	-0.95659	1.86064	-0.65295	1.24490	-0.72056	0.75966	-0.72754	0.15632	1.18228	0.93887	0.29924	0.02297	1.16287	1.67165
1.90089	0.40580	-0.38202	-2.56098	0.90023	-0.58606	-0.53585	0.21093	1.14447	-0.71356	-2.70855	-1.18005	-1.26812	0.22759	-1.25159	0.30422	-2.17510	-2.61697	0.09130	0.22873	0.47038	-0.82114	2.03540	-2.20476	-0.44311	-0.85764	-1.68448	0.39504	1.34950	-0.63975	-0.23856	0.94341	0.26569	1.20972	-0.22287	-1.21490	0.40333	-1.31694	0.56313	0.75275	-0.43695	-1.26877	0.52333	1.00672	0.18108	-0.85671	0.33756	0.57342	1.16011	0.80161	-1.33247	-2.48701	0.48164	0.35767	-1.07681	-0.31953	1.22359	-1.04872	0.77515	-2.19768	0.01624	2.29143	0.97556	-1.28687
-1.44029	-0.41148	-0.39557	-1.55914	0.00271	-0.21253	0.62074	0.32897	-1.21486	1.03983	0.11496	-1.49193	-0.20672	0.43164	1.26993	0.32793	-0.29773	-0.08150	-1.32249	-2.36715	0.08583	0.03595	-0.88341	-0.24854	0.45628	-1.04972	0.66405	0.93465	0.57246	0.66562	1.43380	-0.38482	-0.23361	1.52938	0.58984	0.50928	-0.15114	0.30230	-0.33193	0.88602	-1.45166	-0.20356	1.43062	-0.58250	-0.38316	-0.27034	-0.97345	0.30654	-0.95041	0.52565	-1.32206	-1.15364	1.09952	1.24414	-0.59782	-0.91216	-0.01228	1.88716	0.46140	-0.36949	1.56633	-0.18472	1.87209	-0.01872
-1.58134	-0.40778	1.02426	-0.71486	-0.37570	-0.01245	0.70887	0.51416	-0.09093	1.22286	-0.87623	0.47133	-2.25712	0.92991	0.35788	0.46647	-0.76295	0.27919	-1.08730	0.30083	-0.85534	0.21249	0.46481	-0.71933	-1.51471	0.83263	1.33209	0.84412	-1.41189	-0.55787	-0.43878	0.56217	1.88878	0.50167	-0.91218	-0.50889	-0.08798	-0.77100	-0.38145	-1.44073	0.33012	-0.42701	0.08987	-1.50153	-0.92538	-1.16043	-0.49678	-0.71967	0.38057	-0.52680	-0.68260	0.76488	0.39224	-2.60890	-0.50711	-0.56169	-0.56431	0.50416	0.68975	-0.80795	1.00573	-1.42575	-0.26130	-1.22911
-0.23448	0.98454	-1.09222	-0.49923	1.79316	0.07815	-1.49172	0.17105	-0.44937	-0.49178	0.44397	-0.11201	-0.73423	0.04228	-0.03090	1.27273	0.63903	-0.05392	1.76090	-1.67961	-0.88268	-0.01792	-0.49462	-0.77110	-0.54754	-0.62184	1.63895	-0.96603	1.80760	0.08953	-0.00541	0.91561	-0.00470	-0.81918	0.33150	-1.04951	-0.05788	-1.68734	-1.18639	-1.72317	0.20181	0.31739	-0.05289	-1.98591	-0.11599	0.05528	-0.13943	-1.81782	-0.47181	-1.09616	-1.38065	-0.35808	-0.93509	-2.03917	1.95860	-0.38216	-0.34679	-0.02971	-0.34745	0.29002	1.00947	-1.13300	-1.44782	0.20449
-0.95296	0.19297	-0.13465	2.01311	-0.38748	0.59025	-1.07472	-0.05441	1.05397	1.27840	-2.43489	-0.94274	0.28795	0.29058	-0.75897	1.48761	1.77083	-1.73515	-1.62427	-0.64911	-0.26310	-1.25936	-1.11407	1.51481	-0.80802	1.26163	-1.36434	-1.06005	0.94806	1.16128	1.04769	-0.31585	0.53811	0.17785	1.00562	0.71042	-1.48777	-1.48491	0.59570	-1.28715	0.37299	0.63440	-0.91422	0.23071	-2.07158	1.92128	-0.10471	-0.16717	-0.25845	0.65875	0.03321	0.70494	1.10303	0.65314	-1.59123	-1.53457	-0.46941	-0.61599	-1.00327	-1.04472	1.50035	1.32155	0.02197	1.27795
-0.35964	-0.12140	0.80741	0.74419	1.36000	-0.95783	-0.19325	-1.73375	0.50822	-1.05753	0.38339	0.60893	0.57650	0.85778	1.46144	1.37449	1.55858	0.26647	-0.92063	1.31684	0.51163	0.06127	0.58698	-0.53032	-1.44977	-1.05155	-1.04045	0.97594	0.35930	-0.67648	0.05255	-0.27517	-0.36414	0.40700	0.46991	-0.67380	-1.21887	0.73468	-1.03342	1.42117	-0.56451	-0.47350	-0.97140	-0.41338	2.34166	-1.00552	-1.02592	-0.65108	0.23027	2.20118	0.19955	1.30016	0.76695	2.09444	1.83434	-1.19347	1.45106	0.98852	0.67235	0.44091	0.75472	0.73732	-1.22629	1.92157
-0.21169	-0.02067	0.03658	-2.09975	1.45759	1.75177	1.10944	2.23421	-0.09255	-0.42681	1.72725	0.28903	0.00310	0.87979	0.22120	1.74603	1.98200	-1.75699	1.77841	1.40536	-0.62896	1.51885	2.64760	-0.13383	0.21551	0.54099	-1.04663	0.21417	0.35530	1.40385	1.02852	1.49951	0.91589	-1.42236	1.14001	-0.19266	1.53895	1.06413	-1.41518	-0.95035	-1.49518	-0.59730	-0.04305	0.63625	0.65177	-0.95613	-1.33485	1.32187	-1.02994	0.09762	-1.51749	-0.25830	-1.39298	0.79331	-2.99781	0.07590	2.88092	-2.07595	-0.40135	-0.79170	-0.82688	-0.06143	0.72771	-0.17933
0.79966	-1.10933	1.29747	0.76683	0.87289	-0.27572	-1.33161	0.10175	-1.35237	-0.82717	-1.35952	-0.01231	-0.59676	0.61720	1.06739	0.32770	0.71266	-1.30041	1.89164	-0.57908	-0.37889	-1.07720	1.79044	0.13693	0.40001	-0.70737	-1.55285	0.84692	1.04409	-0.87968	-1.35638	0.27477	-1.00329	-0.25791	1.21967	-0.50846	-0.25790	-0.10710	-0.04016	0.18418	-0.79064	-1.99361	-0.30264	-0.11230	1.15783	0.39475	0.17538	-1.19818	-0.95270	-0.46482	-0.05301	-0.42053	1.66920	1.62961	0.06114	-0.98006	-0.04719	0.25498	-0.30984	-0.16805	1.08495	-0.32770	-1.56576	-0.08905
-1.01141	-0.24933	-0.61620	0.79325	-1.96481	1.10534	-0.89020	0.73227	0.05637	-0.33274	0.53141	0.87872	-0.37582	1.25585	-0.92164	-0.87064	0.43035	-1.18499	1.98142	0.22705	0.53938	-0.89764	0.38697	-0.47079	-0.69199	0.12125	0.75358	0.81593	-0.68358	0.18717	0.57869	-0.34123	-0.10921	0.08315	-0.44240	-0.46335	-0.24300	-1.47577	0.74224	0.79253	-0.69933	1.19191	1.08109	-0.41931	-0.41076	-1.36114	-0.21619	-1.10883	0.75780	1.05213	1.19954	-1.02222	-1.42255	-2.69763	-0.58560	0.55387	0.35167	0.67503	-0.30343	-0.08170	-0.55222	2.16177	-1.05345	1.82757
0.31652	-1.45079	-1.01635	-0.65916	-1.72367	1.45993	1.37173	0.11995	0.36235	0.86435	-0.40654	-0.26247	-0.70167	-1.92058	-0.64248	1.49360	1.62666	-1.29597	-2.29899	-0.12592	-1.46096	0.63476	-0.11107	-0.08332	1.27045	0.90980	2.08485	-0.36180	0.08918	1.23516	0.76076	-0.86921	-1.98575	-1.05256	1.03600	-1.17187	2.04819	-1.07202	-0.09249	-0.65798	-2.09082	0.35251	-0.63468	0.87260	-0.58788	-0.34146	-0.40565	0.58685	-1.48549	0.98502	1.29903	1.43414	0.20788	0.70608	-1.24681	-2.11011	-0.28975	-0.42642	-0.07389	0.24926	0.67246	-1.55752	-1.51807	-0.41285
0.50899	1.45684	-0.28878	-0.48812	-0.30070	-1.64446	-1.34396	0.26965	-3.02790	0.45923	-0.99727	1.73950	0.95800	0.99410	0.77077	-1.21672	1.83665	0.16359	0.17809	-0.06953	2.00860	0.04809	0.80357	-0.94665	1.64221	0.03279	-1.96122	0.86858	-0.08843	-1.30047	-1.47181	1.62476	0.87330	-0.11556	1.49535	-0.47048	-2.20863	0.02991	1.49927	0.43562	0.83572	0.50174	-0.82640	0.44930	0.34357	1.01423	-1.54412	-0.24179	-0.70650	0.13439	-1.10279	-0.91073	1.17053	1.98349	0.19687	1.22022	-1.18892	0.60808	-2.23085	-0.05893	1.49435	0.08679	-0.31688	-0.37258
-1.44984	0.41616	-1.63949	0.38315	1.36519	-0.42218	-0.20762	0.00280	-0.68079	-0.62116	-0.49958	-0.33981	1.09076	-1.73389	0.81163	-1.05956	1.72572	0.07685	1.00576	0.82294	1.58063	-0.18059	1.20866	1.02818	-0.81360	-1.64507	1.99196	-0.08941	-0.75210	0.33886	-0.19405	-0.71581	0.35769	-0.52416	1.47025	-0.96009	-0.55522	0.53712	0.65516	-0.25795	-0.60688	0.64644	-0.85811	0.80795	-1.76741	-0.80903	-0.69683	-0.34365	-0.79691	0.70859	0.52803	-0.51951	-0.23392	-0.24477	0.34037	2.03452	-0.54230	-1.00078	0.25709	0.73165	-1.02885	0.16585	0.86657	1.07883
0.94762	-0.40853	0.96436	1.04069	-0.43547	0.43109	-1.25753	-1.06887	0.29591	0.93546	1.39082	0.39359	0.72621	-2.68717	1.64245	-0.32457	-0.42003	-1.46537	0.91007	-0.51755	-0.32813	-2.04980	0.71118	0.19357	0.92837	0.90853	-1.46301	0.11564	0.24582	2.29539	-0.59976	0.19077	1.32407	1.27663	-0.56938	-1.33669	-0.92047	-1.67287	0.86580	-1.26803	2.20597	0.66059	0.96647	0.13205	-0.38641	-0.39149	-0.90109	-0.77035	0.14589	1.37002	-0.10533	0.81020	-0.25263	-0.52417	-1.05273	-1.60787	-0.69467	-0.29011	0.29605	0.47037	2.74598	0.07261	0.65139	-0.30001
-0.16944	-0.29372	-1.49816	-1.55796	-0.00038	2.17735	1.97970	0.99030	0.48546	-0.30128	2.19213	-0.61862	1.17565	0.80713	1.27638	0.80227	0.83490	1.31024	1.87318	1.02625	0.09661	1.03336	-0.26098	-0.87499	-0.64654	0.56042	0.66157	-0.06006	-0.70643	0.65707	0.22639	-1.61916	0.08659	-0.68769	-0.13935	-0.42426	1.19199	1.49948	0.16451	-0.02772	-0.73123	-0.34874	0.85677	1.03223	1.68961	-0.52231	-1.16537	-0.78391	1.57006	-0.20685	1.24125	0.26677	-1.84960	0.60044	1.28752	0.24208	-0.74645	0.83200	-1.67742	-1.04097	0.63040	0.52693	1.84445	0.12131
-0.64331	1.51599	-0.63369	-0.02092	0.63078	-1.27901	0.73243	-0.41672	1.64773	1.16404	0.54636	-0.51679	0.97696	-1.77286	0.30618	0.33079	-0.97206	-0.06924	0.39340	-0.41695	-0.21306	-1.73550	1.26781	0.10087	-0.09229	0.91327	0.13324	-0.95785	-0.35799	-1.10084	-1.02860	0.97871	-1.53678	0.83425	-0.24381	-1.40428	0.24416	0.99092	-0.55942	1.00319	-0.46233	-0.42369	-0.46182	-0.12591	0.70549	0.42491	-0.37919	0.32073	-0.57662	-1.36215	-0.06159	-1.37626	-0.84735	0.30166	-0.89950	-0.50899	-0.15335	0.76074	0.44080	0.29688	1.07707	-0.36601	-1.65981	-0.80245
-0.80129	0.07874	-0.03363	-0.58220	1.45582	2.25483	0.11949	1.29542	-0.18341	-0.60678	0.27634	-1.08588	0.86838	-0.38904	-1.41960	0.40609	-0.26445	2.10537	-0.39343	-0.10645	-1.18336	0.92577	-1.32267	-0.42482	1.23712	1.67545	-0.56041	0.90270	-1.95987	1.02975	-0.06546	0.88809	2.07880	0.47590	-2.46160	-1.70115	1.15665	-0.76972	-0.23926	-1.09637	-0.14353	-0.38402	0.37641	1.02010	-1.39480	-2.15461	-1.48437	1.54124	2.61643	0.13481	0.08398	-0.08605	1.71873	-0.16492	0.39566	-0.32138	-1.28489	0.23003	-0.83563	0.40093	1.62629	-0.49129	-0.13991	-0.05433
-0.29347	-0.05492	-0.02976	-0.03148	0.29199	0.56893	-1.65414	0.39408	-0.34399	0.86840	0.33002	1.24600	-0.46168	1.54190	0.00439	-0.82059	0.75327	0.23950	1.73357	0.21996	-0.49876	-0.64971	-3.03275	-1.15085	-0.44141	0.58723	1.79639	-0.26871	-0.67948	1.19901	-0.82746	0.46666	-0.63395	0.47162	-0.68819	0.71040	0.28380	-1.00150	0.60432	-0.35591	-1.91197	-0.95985	0.11677	-0.74191	-0.68335	1.37979	-0.38580	-0.35644	0.06498	-0.02169	0.26366	0.64591	-0.37737	0.49695	-0.15004	-0.72040	-0.67718	-0.11515	-1.80399	-0.54831	0.06612	-1.97984	0.06596	0.44744
-1.12526	-1.40344	0.12380	-0.79113	0.40600	1.05797	0.63474	0.34718	0.01713	-0.96207	-0.34815	1.32103	0.49825	-1.97901	1.67618	-0.07774	1.04421	-0.17428	1.42984	0.19092	0.41468	-1.26452	0.07023	0.76373	-0.36423	1.24555	0.82122	-1.23513	0.49059	-0.81840	0.68615	0.52337	-0.69136	-1.48983	0.30261	-0.71865	-1.22359	-0.55432	-0.26533	-1.30577	0.09708	1.00245	-0.46770	-1.15555	-0.56212	-0.93303	1.35681	1.01528	-2.76723	0.00148	0.49150	2.06338	-0.12235	-0.69980	1.23008	-0.77599	0.57464	-0.99184	-1.94899	1.67802	-0.96150	0.83735	0.99537	-0.79552
-1.73247	1.36080	0.79113	-1.61149	1.43448	-1.26354	0.65485	-0.69941	-0.22102	0.32489	0.67109	0.15304	-1.11023	0.11262	-1.18239	0.73369	-2.80868	1.55398	-0.02316	1.08818	1.06803	-2.31221	-2.32400	-1.25839	-1.00634	-0.47581	0.46320	0.58457	-1.48156	0.24845	0.18289	2.05940	-0.57304	0.21700	1.24706	0.10085	-1.87859	-1.46822	-1.62155	2.07420	-0.13467	-0.31934	0.35706	-0.41392	0.56642	-0.94082	-0.49078	0.31832	1.33790	0.23505	1.06793	-0.00505	-0.80204	1.33641	-1.51992	-1.45132	-1.81325	-0.22136	-0.47918	-1.22711	2.29327	-0.84385	0.01085	-0.39268
-0.71072	-3.17554	-0.56550	-0.08552	0.47489	0.31243	-0.13383	-0.65132	1.33312	-1.19882	0.37681	2.38120	0.37308	0.07280	1.77593	0.07271	0.04213	-1.47444	1.44018	0.69244	0.14979	0.72682	-1.34925	1.44211	1.03645	0.15969	-0.36673	-0.66138	-0.47517	-1.27117	-0.01915	0.74211	-0.39228	-0.38071	-0.76675	-1.91245	1.67647	-0.11151	0.39012	1.54178	-1.70456	-1.96180	0.86047	0.88892	-0.37836	-0.98010	0.66743	-0.48129	1.51235	-0.23762	0.58025	1.47181	-0.66727	-0.75264	0.92974	-1.38163	1.31123	-0.57952	-0.18180	0.45977	-0.07090	0.39461	1.00311	-0.08507
0.02015	0.52307	1.34681	1.62249	0.01237	-1.38451	-0.88462	0.82065	0.89385	0.36846	0.34885	-0.66003	-0.01683	0.98225	-2.53806	0.04098	-0.13085	0.41817	0.21375	-2.54299	-1.79804	1.51312	-1.05936	0.10500	1.11271	0.30980	1.18732	-0.85985	0.03224	0.52186	-1.14366	0.39165	1.01523	-0.64229	-0.68163	0.29633	-1.28691	-1.14098	0.41891	-0.37186	0.96342	-1.48554	-1.81610	-0.31852	-0.76554	0.20360	1.70222	0.98057	-1.42901	-0.65453	0.21334	-2.43242	-0.30511	-0.36727	-1.96132	-0.80010	-0.83408	-0.28267	-1.90385	3.38398	0.21299	-0.66269	1.15990	-1.63982
0.04716	-0.81033	-0.30975	-0.54231	-1.68017	0.26972	0.06188	-0.85707	-0.85880	-0.33493	-0.78119	-1.70248	-2.75364	-0.86021	0.51089	-1.39172	2.12734	-1.47672	-1.21850	-1.01046	-0.10902	0.37971	0.20091	-1.68808	-0.95514	1.63490	-0.82593	-0.26179	0.64800	0.52891	0.62140	0.51968	-0.07899	0.51301	-1.06193	2.81911	0.14599	-0.23873	0.59761	-1.35244	-0.36164	-1.67124	-0.34800	0.50753	0.01015	1.24477	1.63660	-0.30395	-0.36950	0.80348	0.55135	0.44572	0.12259	0.21227	0.89100	-0.69811	0.49879	1.43201	-1.88374	-0.07389	0.42795	1.44151	0.56283	0.27696
0.43522	-0.92767	0.69144	-1.06674	0.08092	-1.67226	0.63624	-0.03228	-0.15936	0.94974	0.56627	-0.59679	0.39791	0.84839	0.20382	-1.22361	-0.84282	-2.03113	0.25392	-0.14711	1.06869	0.26918	1.35715	0.00700	-0.66779	0.25915	0.61158	-0.24484	0.38984	-0.99310	0.73592	1.09823	-0.30600	-0.19381	-2.31506	-1.53640	2.53544	0.45507	-1.38586	-2.17238	1.30604	-1.82825	-0.89164	-1.94315	0.61380	1.15817	0.12048	-0.11236	-1.19657	0.71169	0.39034	1.75698	-0.08319	-0.08507	1.79512	1.27285	1.41235	-0.19113	-0.38018	-0.98993	-1.91012	2.38114	-0.79577	0.77383
0.25255	-0.83128	0.82634	1.11011	1.73669	0.57163	-0.06382	0.60917	-0.53031	-0.49379	-0.70804	-0.41983	-1.17433	0.23981	1.32642	-0.20498	-0.34605	0.53245	-0.86010	0.26076	0.10189	-0.78355	-0.52632	0.05438	-0.02199	-0.67687	2.66224	0.18367	2.02476	0.00302	1.18212	0.06879	1.15494	-1.45414	-1.48614	-0.15863	0.93226	2.52564	1.25304	0.80812	-0.53878	-0.27115	-1.35804	0.03725	-1.24564	-0.80237	-0.77317	1.21486	0.68515	-0.19994	0.38477	-0.46974	0.51480	-0.55762	-0.51812	0.95141	-0.09166	-1.61313	0.02258	-0.20835	-0.18227	-0.80635	0.91849	-0.66176
-0.81487	-2.16075	1.27898	-0.38862	-0.51104	-1.95929	3.56696	1.05372	-1.95651	-0.14255	-1.96541	-0.94505	0.00517	-2.11045	-0.19171	-1.52437	-2.12160	-0.79854	0.27559	-0.63803	0.38570	-1.04223	-2.27215	-1.78005	-1.93403	-0.47024	-0.40184	-0.58224	-0.45283	-0.41381	-0.09620	1.29306	1.66210	-0.96266	-0.91628	0.93675	-0.76850	-2.35730	-1.63813	-0.00135	0.71178	0.00881	-2.82110	0.59040	-0.20374	0.06833	-0.45168	1.52735	-1.44397	-0.65835	-1.39070	0.44562	-0.65361	-1.55452	0.25108	-0.17110	-0.35360	-1.53298	0.95087	-1.34386	-0.26179	0.14698	1.27564	0.23212
-1.60611	-0.10681	-1.94444	0.29028	-0.00466	0.83552	-0.36961	0.73421	0.23037	-0.36070	0.13206	-0.93609	-2.18019	-0.60886	-0.77704	-0.41227	0.48575	-0.61997	-2.35782	-0.25954	-0.64975	0.95190	-0.58609	-1.51959	1.34787	-0.30682	-0.77223	1.42159	1.27786	-0.07560	-0.82315	0.44208	1.39627	0.68191	0.30763	1.06869	0.34903	-1.13246	-0.43410	-0.96138	0.72093	0.55813	0.70686	-0.93143	-0.21148	0.10562	-1.12753	0.73915	-1.52753	-0.63456	0.47845	-0.84204	0.30292	-1.14670	0.23670	0.98797	1.29414	-0.76757	-0.04460	1.29660	-0.15661	-2.79543	-1.54181	-0.91764
0.75506	-1.73067	0.88080	-1.60846	1.75602	1.17783	-0.16961	0.83742	0.10843	-2.77386	1.94212	0.64410	1.06581	-1.04565	-1.00929	0.63467	-0.71193	1.04746	-0.27238	2.13724	0.92633	1.05201	0.90011	2.30426	-0.82106	-0.43136	-0.51133	1.07254	0.78674	0.62655	-2.15499	1.03816	0.07852	0.21507	0.60746	-1.41498	1.16962	-1.01477	-0.41696	0.46519	-0.04491	3.59025	-0.47725	-1.09734	-0.09055	1.07074	-0.29628	0.02358	-0.13051	1.08239	0.06268	1.35237	-0.71168	-1.42569	-0.51243	-2.57053	1.32832	-1.63363	-1.15253	-0.13067	1.90960	-0.21201	-0.02124	0.17786
-1.02473	-0.91253	0.57858	1.84783	0.10911	1.35265	0.02480	-1.11163	-1.26344	-0.41295	1.84964	0.58320	-2.19761	-0.60078	2.05494	0.49689	-0.20270	0.24926	-0.64140	-0.11760	-0.45126	-0.34389	-0.83499	2.13538	-0.70941	0.43678	0.90894	0.64776	-0.79842	0.20846	-1.16281	-0.00036	0.23721	-0.16662	-1.23298	0.00068	-0.40039	0.72045	0.17540	0.20368	0.24135	-0.29200	0.76713	-1.13536	-0.10671	-0.79986	0.87418	0.36146	-1.10868	-0.72755	-0.81378	3.30929	0.35883	0.01157	-0.44138	-0.84062	0.35425	0.56778	1.00931	-0.04456	0.02818	0.38775	0.15749	1.39389
-0.96597	0.27976	0.28452	-0.46619	0.81255	-1.06341	1.24533	-0.50930	-0.65499	0.89088	0.77361	0.48653	0.29280	0.57947	0.01626	-0.58772	-1.56889	0.51509	0.77683	-2.40574	0.20997	1.17449	0.09443	0.56144	-1.85884	-0.33722	-0.44898	0.23928	1.08724	0.31496	-1.27981	1.23261	-0.47420	-0.69085	-0.50998	-1.33305	-0.35601	-1.01633	0.18332	-0.37166	0.95010	1.06609	0.80543	0.79818	0.74503	-0.13716	1.17337	0.82407	-0.12278	0.71903	0.64263	0.05094	1.36334	0.64345	0.89211	-1.29944	0.45475	-0.24624	-1.24055	-0.12125	0.76096	0.66803	-0.82441	0.50105
-1.36640	2.00088	0.73064	1.23018	0.11426	3.32412	-0.47884	1.41089	1.41579	-1.42447	-0.06514	1.29348	1.24835	-2.24056	1.35823	0.44066	-0.05225	0.16456	0.21118	-0.79994	0.86513	0.02219	0.50519	0.13698	-0.47907	-0.62245	0.97333	-0.72084	0.80877	0.61685	-0.91530	0.63360	0.17351	-1.88635	-1.21915	-1.56221	1.05881	0.48470	0.06654	-0.39857	1.47503	1.67998	-0.43234	1.55769	-1.73179	-1.88998	-0.90882	-0.94876	1.98121	0.36641	-1.84599	1.07774	-0.09962	0.04342	-0.41724	-0.65785	0.22367	-1.00008	-1.26831	0.18955	-1.21220	0.28092	-1.35797	-1.78677
-0.59913	-0.93031	-0.38040	0.38319	0.80923	0.67561	1.07575	-0.18051	-0.06373	-1.58947	-0.11190	-1.14999	0.65074	0.18645	0.13526	-0.45417	-0.04390	-0.15778	-0.88179	0.84025	-0.36618	2.37347	-0.69415	-0.32130	0.13140	1.50205	0.10599	0.10191	0.91853	-0.25867	0.14776	-0.27322	0.88706	0.67667	-0.29764	0.67493	2.22607	-0.81547	-0.13998	-0.38737	-0.36852	-1.29917	-0.24776	-0.38134	-0.19574	-1.76481	-0.66033	-0.17100	-0.15253	-0.56999	-1.01744	-0.17040	1.14576	-0.53676	0.07413	-2.35692	-0.05736	-0.50444	0.10664	0.46233	-0.10992	0.12366	-0.10888	-0.53670
-1.26359	-0.03392	1.32772	-0.36139	-1.33619	-1.19872	0.10425	0.75930	-0.22830	-0.51052	-0.02521	0.42749	-0.58083	-0.41332	0.57087	0.44499	0.88609	0.26060	-0.08457	-1.80858	0.64373	1.65864	-0.28215	-0.68660	-1.19867	-1.45379	-1.51713	0.73130	-1.57200	0.00590	-0.55623	-0.15830	-0.62199	-0.40092	-0.24279	-1.62789	-0.18348	-0.53335	0.06047	-0.87323	2.08485	1.27053	-0.38920	-0.34198	1.15608	0.50309	1.02904	-0.76740	0.05156	0.06007	0.67946	0.57451	-0.46745	-0.98738	0.30429	-0.70976	-0.62772	0.30395	-1.11986	1.18473	-1.32078	1.09202	-0.75002	-0.57635
-0.25921	-0.09689	1.54417	-0.68913	-0.57980	1.78643	-1.39559	1.47368	0.19240	-0.49499	1.88940	-1.84197	0.82054	0.29724	-0.61826	0.65138	-0.49024	0.35422	-0.72476	-1.37452	0.99220	-0.86247	-0.01784	-1.03414	-0.54108	-1.16090	-1.81200	1.02442	0.62449	-0.79736	0.22511	-1.35163	-1.23017	-1.53787	1.03191	0.41975	0.22752	-0.27723	-0.87932	-1.00336	-1.84278	-0.92924	1.90528	-0.36961	0.18670	-2.28636	-1.21047	0.42230	1.35631	-0.02301	0.15537	0.26020	-2.55233	-0.13773	2.54170	-0.38064	-1.42354	1.06070	-1.09626	0.41333	-1.43703	-0.65732	-1.14246	2.34278
-0.05468	0.04462	-0.63873	0.35107	0.99615	-0.47762	-0.18688	0.30634	-0.41799	-1.79789	0.18096	1.37476	0.13438	0.71329	1.90298	-0.29137	1.15653	-0.23716	0.47252	-0.70155	-0.80111	0.68521	-0.58968	-0.55325	1.00994	0.79979	-0.77447	0.54718	2.43824	0.64291	1.01963	-0.10807	0.39964	-0.72000	-0.89638	-0.15202	0.40895	0.62740	1.65675	0.46127	0.28826	1.13800	0.49312	0.59060	-0.95438	-1.25962	-1.66763	0.84953	0.75399	-0.31147	-0.12439	0.42036	2.11575	0.61784	-0.62677	0.95669	-1.75978	-1.18833	1.96462	1.08508	2.17759	-0.55785	-1.07454	-0.76344
0.36198	-0.62712	-0.94623	-0.73207	0.70807	0.90629	-0.66066	-0.76176	-1.27347	-0.65975	0.00025	1.43470	-0.31536	1.54507	0.07337	0.24778	0.11246	-0.09763	-0.26447	-1.33606	0.87874	0.72034	0.24479	-1.23649	0.84926	0.77008	0.84049	0.05636	0.34412	0.75048	0.88618	-0.70981	1.01847	0.72352	-1.11552	0.48460	-0.11829	0.93020	-1.88699	-1.02797	0.24971	0.09524	0.64484	-0.17626	-0.63572	-1.98082	0.23138	0.09381	-0.69587	1.14160	-0.47202	-1.01168	0.39477	0.59786	-0.13076	1.17725	1.47035	-0.80665	1.44069	-2.01048	-1.09701	-0.30674	-0.46888	0.23862
-1.80035	-0.77929	-1.16418	0.10588	0.31175	1.10302	0.34276	0.59630	0.34422	0.68418	-1.63194	0.58609	1.45061	-2.42802	0.76013	1.49480	-0.19137	-1.75705	0.49281	0.21685	-0.71617	-1.07792	-0.10938	-1.38203	1.47611	2.42028	0.66186	-1.12179	-1.62636	-0.42936	1.71339	-0.57954	0.74574	-0.27987	0.27366	-1.65066	-0.38224	-0.16190	-1.00460	1.00172	-1.00637	2.43497	-0.74185	0.16431	0.96495	-2.12183	-0.34432	-0.28393	0.28667	-0.37529	-0.51033	-1.58877	0.65819	-0.59212	1.59355	0.22205	0.72946	-0.63270	0.99862	-2.31908	-0.21579	0.95825	-0.68477	-0.29702
-0.97293	-0.82949	1.80784	0.12508	-1.26637	-1.44405	-1.05345	0.79121	-0.84566	1.23209	-0.22843	0.42740	-2.34406	0.46767	-0.72468	-0.08975	-0.62223	0.37761	1.42230	-1.95904	0.22601	0.30343	-0.24920	-0.68827	0.84427	0.16491	-0.04149	0.42285	-0.25920	-3.54914	-0.06952	-0.35503	-2.73352	0.16087	0.12217	0.05753	-1.10112	-0.99494	-1.21803	-0.46259	1.59828	0.26286	-2.28085	-0.18362	0.67988	0.32057	1.38792	0.06176	-0.18719	1.38268	-0.00117	-0.85816	-0.33585	2.09775	-0.50010	-1.94383	1.06313	0.93556	0.24258	-0.00473	1.73380	0.93521	0.72508	-1.03923
-0.37932	0.68607	0.76487	0.42598	-0.54166	-0.65178	1.66880	0.82184	-0.14602	-0.49201	-0.35650	-0.06472	1.15852	-0.09419	-0.07008	1.62182	0.51730	-0.38734	0.31152	-1.47070	0.69066	-0.10923	-1.51424	1.66460	-1.18506	-1.34610	1.57147	0.50064	-2.64236	0.51616	-0.41628	0.33164	0.83594	-1.97979	-1.18545	-2.61002	0.85662	-0.30693	1.22932	-0.57590	-0.54101	0.15592	0.73507	-1.10224	-1.50786	0.54293	1.62746	-1.41126	0.22273	0.42056	-1.40677	0.20109	0.43102	0.42828	0.38491	0.29408	-1.54629	0.33964	-0.23651	1.39764	-0.83429	-0.62225	2.21615	-1.14838
1.61012	-1.61095	-0.20925	1.26647	0.12138	-1.33722	0.12712	1.20460	-0.57649	1.54550	-0.83233	-0.82097	-0.66964	1.63606	-0.46121	-0.63910	0.02156	-1.21417	-1.12012	0.21044	0.28738	1.73161	0.58440	-1.14348	0.77991	-1.39894	-0.50445	0.30919	0.25129	0.33453	0.36014	0.62499	-0.27488	0.86574	0.56627	-0.73205	-0.77863	0.34584	0.23358	0.10186	1.13770	-0.62750	1.07206	0.23379	0.07503	1.13470	0.43562	-0.58423	-0.20099	-0.34936	1.67750	-0.70606	0.24013	1.23891	-1.73442	0.22539	0.84435	-0.21585	0.16067	1.16249	-0.15714	0.73246	0.73690	0.74639
0.65431	2.14136	-0.80696	-1.30184	-0.06419	-1.28134	0.19109	1.43276	1.72225	2.41162	-0.84694	-0.33748	-0.97618	-1.28699	-0.86725	0.86001	0.78810	0.23447	-0.06343	-0.17204	0.42165	0.00341	-0.67667	-1.37964	-0.54654	1.45873	-2.02037	1.40748	0.18082	1.73039	1.09500	0.34614	-1.35930	0.73635	-0.37833	-0.75628	-0.43151	1.21086	1.24368	-2.09823	-1.19221	-0.39069	-1.13358	0.92791	1.78462	0.07282	2.08004	-0.17136	-0.91036	1.07857	1.31159	-1.29825	-1.47850	0.30761	1.18040	1.40508	1.51856	0.05382	2.38619	-0.89313	0.14567	1.29308	0.10487	0.99107
-1.37774	0.18912	1.30652	0.56973	-0.41922	-1.14713	-1.07189	-0.54605	-0.46865	-1.29271	-0.02597	-0.18202	-1.18428	-1.58183	1.47552	0.31838	-0.21545	-1.58018	2.15489	-0.35546	-0.38664	-0.68396	0.20860	-1.99878	0.37287	-2.01103	0.59507	1.81622	1.32086	0.64430	1.37343	-0.54411	1.19654	-0.28138	0.88552	1.83764	1.60705	0.99417	1.21598	1.41126	1.25749	-0.59659	-0.83108	0.43917	1.48833	-0.05085	-0.17734	-0.37753	0.48969	0.54568	-1.71282	2.15913	-0.02616	-0.03848	-0.09703	-0.37509	-0.61063	0.53300	0.12117	-0.36100	-0.20927	0.68844	0.92120	-1.35801
-0.20157	0.64501	-1.27472	-1.24898	-1.97205	0.35504	-0.29414	0.33098	-0.42617	1.09752	0.11590	0.23128	2.40427	-0.25604	0.52629	0.51554	0.01726	-0.16041	-2.20727	0.67655	0.91991	-1.15895	-2.48681	-0.28903	0.41351	0.57128	-1.24969	-1.02030	-0.74672	-2.07714	1.87291	1.35265	0.62961	0.16744	-0.87482	0.40553	-0.35129	-0.21815	0.11003	0.66258	-0.25119	-0.29867	0.52413	0.10722	0.39534	-0.10307	0.89263	1.63902	0.65742	0.57122	0.30594	0.75656	-0.68705	0.17550	-0.15793	0.57864	-0.28541	0.23881	1.81688	0.32735	-1.54668	0.68687	0.22716	-0.34935
-0.47387	-1.16178	-1.23842	-1.72546	-1.41663	-0.46236	0.72734	-0.09765	-1.00058	0.64653	-0.68934	-1.46392	-0.22411	-0.85563	-0.84079	-1.49857	0.40431	0.15521	-0.05503	-0.67599	-1.25281	-0.37232	1.11790	1.96051	0.04431	-0.80412	-1.23731	0.60949	0.03253	1.22196	0.70845	0.09855	-0.35999	1.23691	-0.01722	-1.86764	0.01262	1.24843	-0.49392	-0.86340	-1.40052	0.93633	0.73341	1.03106	0.61917	1.52423	0.42783	0.18819	1.08383	-1.33700	-0.63797	-0.67331	-0.01875	0.60849	0.15844	-1.88624	0.30642	0.15302	0.81483	0.46002	-1.22893	-0.30638	0.46579	1.51299
0.10353	1.15116	-0.50282	1.97686	-0.40721	0.06737	0.25391	0.59021	-0.45620	1.07674	1.57649	0.36302	1.78833	-1.11150	-1.34056	-0.10124	0.67868	0.94271	2.00260	-0.90940	-2.34049	1.03147	1.59499	-0.62891	-0.44393	1.76391	-1.46077	-1.50900	0.08843	-0.54911	-1.17005	1.21180	0.21579	0.81495	-0.41812	-0.69785	0.37368	0.07194	-0.57324	1.22276	-0.12500	0.82548	2.05375	-0.74533	-0.80883	0.46022	-0.55588	0.24932	1.37794	0.31842	-0.03759	0.87606	0.03896	-0.17327	1.76473	0.87899	2.23251	-0.29309	2.15463	0.08393	1.02735	0.26458	0.34027	0.77221
0.47661	0.48854	0.53469	0.43322	-0.73365	1.19818	0.66628	-1.22350	-1.61432	-1.30173	0.96726	1.21675	0.72067	0.35096	-1.26278	-1.29048	-0.02259	-2.62278	-0.91531	1.15349	0.67609	0.58278	-0.85905	0.49496	1.96502	-1.18189	0.40899	0.23695	1.62625	0.23823	0.06403	-1.65287	1.15642	0.63842	0.11040	0.49934	-0.60681	-0.86458	-0.05679	0.51815	-1.62755	-0.81622	-0.31084	-2.20999	-0.94904	-1.82791	0.74555	1.30080	-0.25755	3.47530	0.17849	-0.43163	-0.68472	0.05671	-0.90935	0.20981	-0.29987	2.82312	-0.73560	0.99210	-0.63398	0.78307	0.55164	0.39381
0.28820	0.48269	-0.11213	-0.64291	0.15044	-2.41452	-1.01207	1.32028	-1.26698	2.41019	0.27238	-1.26317	-0.77749	-0.93300	0.36269	-0.06182	0.17271	1.22330	-2.00241	0.97749	-0.23654	0.91360	3.11130	0.84069	0.11684	1.22627	-1.93555	-1.67483	-1.20107	1.09765	-0.24553	-0.95249	0.45190	0.79254	0.42192	-2.17050	-1.98184	1.32752	0.32090	0.36274	-0.90159	-0.47309	1.49972	-0.17210	-0.58319	0.40693	0.59288	-0.84093	-0.13687	0.31585	0.71314	0.59128	-0.46317	-2.01870	0.10611	0.93225	0.16338	0.54438	0.60861	1.52815	1.95812	-0.57065	0.80883	0.30334
-0.04342	2.06653	-0.11237	-0.98041	-1.28552	-1.24459	-1.11702	0.75948	-1.26013	0.25242	-1.03827	0.28480	0.14841	0.64154	-0.54693	-0.67654	-0.63639	-0.09876	-0.08897	1.38023	-0.31282	0.21490	-2.32608	1.11286	0.16903	-0.57498	0.44755	0.13082	0.21321	-0.55272	-0.81519	-0.10402	-0.12760	-0.77157	0.62899	-0.13205	-1.88093	-0.88645	-0.26882	0.66572	0.33952	0.18188	-0.34163	0.66599	1.93850	1.16605	-1.21956	0.40658	0.04085	-1.69099	-0.54829	0.07265	-0.60835	0.19606	-0.65594	-0.07746	0.11352	2.63707	0.17727	0.16547	1.08049	0.15888	0.94733	0.38742
0.38863	-0.87792	1.23460	2.95223	0.04685	-0.28921	0.39156	0.89255	-0.03785	0.49659	-1.59950	-0.61932	-0.00648	-1.61176	-0.44206	2.15822	0.96386	-0.97254	-1.07847	-0.64483	-1.21072	0.58742	0.49337	-0.23936	-0.92112	-0.61899	1.14010	-0.47496	1.38708	0.19764	-1.42988	-1.17906	-0.73178	-0.41141	1.45660	0.78532	-0.05477	-0.06781	-0.46793	0.29296	0.07082	0.35831	1.27804	0.53932	0.15313	-0.33438	3.18004	-0.55790	-0.05857	-0.21238	0.77095	-0.40081	0.44425	-0.44705	1.26819	0.57296	0.25801	-0.56126	0.75826	-0.16255	0.50747	0.24288	-1.14067	1.68247
-0.79383	0.05724	0.33455	0.24977	1.56813	-0.06452	0.10680	-1.48652	1.07213	-1.11193	-0.62125	-0.12946	-0.83839	-1.44473	1.55365	-0.25024	0.56374	0.94596	0.34488	-0.96847	0.50673	-0.31352	0.44760	-0.89181	0.60862	1.12480	0.41160	-0.82600	-0.15128	0.94554	-1.32578	0.12225	-1.11210	0.54615	-0.76557	-0.04315	0.56595	0.63723	-0.63377	0.81124	0.98864	-0.11393	0.86735	-0.26062	0.13331	-0.50968	-0.69374	0.52167	0.08037	0.42716	-1.15857	-1.51634	-0.88028	-0.88167	-0.65645	-0.72348	0.43954	-0.65679	-1.97978	-0.98805	0.03011	-0.69164	-1.26538	1.63167
0.69431	1.30151	0.13454	0.59685	0.72367	0.18369	1.24801	-0.16066	-2.26296	2.19943	0.53949	-0.24799	-1.48834	0.31514	-0.68630	-0.65145	-2.08970	-0.51135	-0.29538	0.17432	-0.89587	-1.27233	2.59309	0.22017	0.26777	-0.40264	0.18681	1.85617	-0.19916	-0.03865	1.48316	-0.51936	-1.09165	0.50000	0.60795	-0.90073	-0.47496	-2.07960	1.59344	0.73350	-0.25437	0.00397	-2.50156	0.36333	-0.25818	0.73437	0.67826	-0.69800	0.71769	0.71777	-0.12854	1.02675	0.84143	-0.87151	-1.26261	0.20746	1.36120	1.57515	1.14404	-1.10532	-0.69508	0.92871	-0.14922	-0.80767
-0.42865	-1.02644	1.48519	1.40050	1.34384	1.19304	1.91660	0.89026	-2.18098	-0.67711	-0.18321	0.16541	-1.03206	-0.87299	-1.45558	-0.77632	-0.32616	1.01988	-0.02864	0.92943	0.60685	1.54108	0.20226	1.29625	0.54298	-1.22752	-1.59422	1.24641	1.38560	-0.12262	1.65453	-0.28489	-0.83747	-0.39191	-1.66370	-0.76204	1.01262	0.94335	-0.63382	0.52423	0.75140	-0.19867	1.96048	1.07484	0.12118	0.46488	-1.41632	0.51925	0.46464	0.85944	-0.11631	0.50256	1.38926	1.57182	-0.77770	0.06368	0.14569	-0.17925	0.09247	-0.65338	-1.67058	0.70989	-1.36815	0.45718
-1.48187	0.11738	-0.58781	0.76678	1.27327	-0.66906	1.07166	0.73394	1.59149	-1.42226	2.40216	-0.17320	1.24355	-1.10134	-0.69167	1.78511	-0.52572	0.81824	1.05442	0.74988	-1.54685	1.84779	-1.84786	0.92983	2.88371	3.50138	-0.03238	-1.77349	-0.83040	1.76177	-0.71431	1.61707	0.63094	-3.33043	0.71249	1.24143	2.06541	0.04099	-0.88353	-0.00617	0.00948	0.37191	1.39977	0.41812	1.11481	0.21076	-2.17486	2.11887	2.29339	-1.08724	1.71902	0.45437	1.72695	-0.99851	1.12035	-2.35248	1.90045	-0.49146	-2.15471	0.39556	-1.92480	-0.69181	-0.23513	-0.73437
0.60064	-0.47930	1.45478	0.89456	1.64904	-0.79890	-0.69929	-0.07437	-0.16756	0.59057	-1.65705	-1.00315	0.68878	1.08917	-0.84982	1.21530	-0.05851	-0.32673	0.76402	0.18402	0.43229	-0.68694	-0.73494	0.34968	0.60962	-0.53514	-0.44470	1.14105	-0.73772	0.51659	0.77639	-0.50108	-0.20868	0.21129	1.05062	-1.57750	0.13689	-0.57374	-0.10884	1.11706	1.00790	-1.65575	-0.65003	-2.71377	-0.21945	-0.50641	0.35043	0.13231	-1.67738	2.10839	-0.87131	-3.09471	0.72102	1.16629	0.04737	-1.00398	-1.68080	-0.72376	-0.16220	0.04888	0.04521	0.81301	-1.27305	-0.92123
0.64391	-0.56901	0.01855	0.89797	0.26111	-1.15098	-0.92821	-1.00831	-1.88685	-0.68217	-1.95715	0.27279	-0.90158	-0.47942	0.99347	0.14262	-0.35878	1.44841	1.29532	-1.89439	0.56667	-0.77778	-0.24624	-0.61656	0.46560	-0.87395	-0.15212	0.79187	0.45315	-1.67345	-0.55835	-1.63480	0.00923	2.21567	-1.37000	1.11823	0.04885	1.21445	0.96614	1.03667	-0.15680	-0.12352	-0.36709	-1.85817	0.49404	3.14565	2.00762	-1.09245	-2.03760	-0.10942	-0.72795	-0.50744	1.03592	-0.82719	-1.67379	0.60969	1.07371	0.48719	-0.60768	-0.56520	0.93495	-1.21778	-0.70503	-1.63528
-1.09778	-0.77826	-0.78698	1.90704	-0.56789	0.03125	0.22641	1.87185	1.32410	-0.53894	1.33910	-0.52737	-0.32123	-1.15247	-1.10184	-0.42335	1.99507	0.59467	-0.94978	1.10293	-0.89044	0.99471	0.93834	-0.58260	0.37309	1.81082	0.95391	-0.60662	0.98939	0.05234	-0.34380	-1.36220	-0.09428	1.31611	-0.89667	-0.58251	2.07435	0.68297	-1.85948	-1.30058	-0.29910	0.30341	-0.96833	-0.08511	-0.56798	-0.18118	-0.52749	0.68104	0.83359	0.73388	-1.62538	0.87856	0.23641	0.58036	0.26481	-0.51734	-0.28653	1.39433	-0.67515	-0.74467	1.30855	-0.43488	-0.22200	-0.01069
-0.22645	-0.20925	-0.90187	-0.06750	0.75278	-0.62487	0.45757	0.27903	0.04638	-0.05874	0.58934	0.12104	-2.31288	-2.63585	1.22119	-0.63527	1.51993	2.03589	-0.56205	-0.89067	-1.03103	-0.17648	0.61225	2.13289	1.14638	1.05854	-0.63226	-0.54747	0.00968	0.07290	0.31996	-1.08140	1.55929	0.46147	-0.36698	-1.74278	1.12818	1.47965	-0.16978	0.80966	1.34044	0.02622	-0.07464	-0.45840	0.92598	1.07064	-2.09113	-0.40856	1.25225	-0.52206	0.18294	0.18615	0.21512	0.25831	2.64891	-0.80412	-0.84668	-0.13741	0.59472	1.10147	0.08874	0.86641	1.57169	1.22843
1.22109	1.56308	-0.46685	1.48768	-0.73125	-0.36017	-0.79500	0.22489	-0.26243	0.51567	1.34822	-0.25605	0.92825	-0.30511	-0.01726	0.04563	-0.70734	1.38461	-1.92238	1.81905	0.24300	0.11529	0.01469	-1.61265	-0.84459	0.94761	0.12750	-0.16431	2.03602	-0.54387	-0.81456	-0.28741	0.17882	-0.14974	-0.09841	-0.17904	-0.02294	1.30219	1.13473	-1.03453	0.72812	0.23327	-0.56529	1.50645	-1.31827	0.23046	-2.12894	0.13755	-0.22895	0.73637	-0.84152	0.47413	-0.24119	0.37001	-0.59683	-1.44231	-0.73761	-1.05738	-0.13026	0.18402	-0.83073	-0.48441	1.08300	-0.88801
-0.82682	0.21860	-0.97309	-0.11677	0.92237	-0.42450	-0.24358	-1.10372	-0.83711	-0.24296	0.08242	-1.09275	0.15839	-0.30936	-1.70839	1.74103	-0.95004	-1.57800	-1.34040	2.06040	-0.28016	-0.51461	-0.37744	0.95549	0.16396	-1.83944	1.75322	1.03400	-0.20629	-0.39866	0.46313	2.12780	-0.53679	0.89100	0.34305	1.92623	-1.54718	1.22780	-0.35171	-0.71154	-0.03850	0.45466	0.53073	0.43621	-0.06111	2.02909	1.33153	-1.25370	-0.83821	-0.51305	-0.92331	-0.36250	-0.34639	0.14659	-0.09330	-0.88838	-0.00458	-0.42863	0.11232	0.46116	-1.72584	0.57504	1.44170	-0.39880
1.16641	0.03041	-1.15848	-0.88377	0.16759	1.67385	-0.08158	0.50430	0.48334	-0.05787	0.40381	0.32584	0.91158	-0.75213	0.74348	1.33752	-0.87003	1.62071	-1.31393	-0.22432	-0.72914	-0.41331	-0.72816	0.49794	1.12548	-0.23996	1.54944	-1.13791	0.07694	0.85796	-0.04192	2.49020	-0.97140	-1.29813	1.16617	0.90197	1.26677	-1.19500	-0.42790	-1.64455	-0.00362	1.48109	1.06393	-0.65870	-0.32055	-1.01796	-0.48828	0.88459	0.78897	-1.07924	-0.18991	1.83984	-1.46121	-0.84338	1.26103	-0.77187	-1.59182	1.08865	1.44217	-1.00726	-0.14609	0.47443	0.23830	0.60537
0.92267	1.45236	1.75904	0.62779	-0.32274	-0.51085	0.39372	0.27036	1.10613	-0.42282	-3.00176	-1.00123	0.69051	0.99446	-2.45489	-0.25792	0.20427	-0.09218	1.28493	-2.03114	-0.97110	-1.19032	-2.02549	0.02379	-2.18962	-0.33935	-0.85510	-0.96125	-0.26036	-2.41782	0.07412	-1.84098	-0.40587	0.04885	0.83260	-0.42876	0.68105	-0.57978	0.84424	0.60832	0.47795	-0.06928	-0.29054	0.58384	1.86002	1.23504	-0.52245	0.00451	0.13310	0.04716	0.75700	-0.10481	0.04713	2.30581	-1.70133	-0.10494	-1.41173	-0.12139	-0.40079	-0.84107	1.01248	-0.18271	-0.11304	-0.06734
-0.43569	-1.21717	-0.43742	0.95868	-1.75168	0.33173	-0.86761	-0.20584	0.06902	-0.09745	-0.02972	0.25891	0.50737	0.25833	-2.03379	1.55569	-0.22252	-0.29706	-0.57987	0.28677	-2.01478	1.67603	-0.66435	-0.11281	-0.26788	0.47398	-2.44880	0.32427	1.57006	-1.73506	1.61082	-0.65719	-0.98474	0.89912	-0.19788	-0.70415	-0.20188	0.15303	0.59259	-0.03940	0.60418	0.23430	-1.01893	-0.88786	-0.73676	0.26776	0.27245	-0.38483	-0.57292	-0.20244	-1.22785	-0.31136	-0.51600	-0.58835	1.56213	0.54974	0.98419	-0.71734	-0.42675	-1.58405	0.69679	-0.46241	-2.26688	0.00689
1.80130	-0.47726	-0.25632	-0.24170	-0.11672	0.25487	-0.25988	-0.37162	-1.07096	-1.83291	0.54010	-0.20093	-1.25459	0.39779	0.74837	1.40968	-0.29318	0.96320	0.24616	-0.05909	-1.13372	-0.25075	0.40403	0.27839	1.83613	-0.34744	-0.87310	-1.14552	-0.79801	-1.80738	1.75640	-0.57465	-0.65855	0.56861	0.72376	0.87301	0.58737	-1.26567	-0.95910	-1.72992	-1.36708	-0.91296	-0.35626	-1.42753	1.13838	0.85291	0.26626	-0.65071	-0.27077	2.93833	-0.59420	0.28835	1.08925	-0.19459	-0.24641	-0.17821	-0.08878	-0.43852	0.45974	-0.41744	-0.02183	-1.57039	-0.41419	-0.88262
-0.95352	-1.00763	0.00807	0.73142	-1.91568	1.42687	0.85928	-0.17519	-0.71598	-0.18395	0.03483	1.41437	0.42485	-0.59358	-0.18163	0.91019	-1.98250	0.96857	0.60537	0.76815	-0.51773	1.19761	0.24304	-0.21539	0.88456	-1.10670	-0.55908	0.65489	-0.57660	0.85221	-1.50317	1.58477	0.73686	-0.97464	-0.76334	-0.37197	-0.22321	0.24238	-0.59392	-1.33890	0.28761	1.10735	-0.65445	1.66018	0.31778	-0.53924	0.14564	1.66814	-1.51423	0.62148	-0.38915	0.62970	0.36572	1.84096	-0.93288	-0.42632	1.67909	-0.64787	1.29932	1.55831	-1.12325	-0.83986	1.50793	1.37598
-0.50035	-1.07563	0.58258	-0.14048	1.24418	0.51473	2.04353	1.07076	3.46447	0.61369	0.30806	-0.93704	0.89736	0.34128	-0.50093	1.19629	-1.14491	-0.27723	1.54435	1.46662	-1.02512	0.76711	-1.05659	-1.77521	0.17621	0.34721	-0.02679	1.28352	-0.37275	-0.65250	-0.62279	0.31180	-0.76538	0.20449	-0.39127	1.12523	0.66047	0.10264	-0.25911	-1.04305	-0.81737	1.32717	0.05484	0.35228	0.07816	0.24007	0.94083	-0.51250	3.13001	0.95771	1.99185	1.98222	0.26496	-1.30381	-1.02622	-1.64773	-0.71198	-1.25056	-0.11374	0.49486	0.75848	-1.85272	0.43081	-1.27765
0.67791	0.31047	-0.24039	1.03291	-1.17290	-0.96786	0.72220	-0.86983	-0.44055	2.20396	-0.96180	-0.16732	0.03561	-1.34007	-0.39030	-2.79332	1.66271	-1.38595	-0.11500	-1.31038	0.60176	1.49069	0.43979	-0.58627	1.75164	-0.65755	-0.14638	-0.21086	1.71100	-1.04738	-1.38427	0.61351	0.17487	-0.07014	-1.69938	0.52679	-1.66604	1.27466	-0.56483	0.00007	0.30809	-0.96496	-0.79569	0.03802	1.18280	-0.73756	0.60377	0.36743	0.76405	1.39297	0.38535	-0.75993	0.17291	1.54690	-0.80791	-0.33166	1.29720	-0.77389	-0.61873	0.22542	0.45998	-0.06968	0.47711	2.11886
0.72115	-1.69726	1.26316	2.54750	-0.27290	-2.35273	0.63070	1.19679	-2.05444	-0.12653	-0.01057	0.12375	-0.89284	1.24499	-0.72918	-0.63493	-1.17691	-1.80969	0.07942	-1.76480	-1.53879	-1.16334	0.98586	0.71583	-0.75265	-1.94829	-0.88144	1.40004	0.29055	-0.88436	-1.63037	0.67843	0.35149	1.45833	-0.56551	-0.00282	-0.51049	-1.15036	-0.15410	0.56630	1.00414	-1.68898	-0.95698	0.67501	1.58029	-0.06664	-0.21499	-0.21188	-0.80094	1.05928	0.92869	-0.08487	0.69421	0.61728	-0.91370	0.81376	0.82108	0.07103	1.16118	-0.42978	-0.15791	0.63966	-0.13249	-1.89057
-1.04530	0.87955	0.88251	0.22175	2.74402	1.07233	-0.67211	0.97848	2.50802	-0.57050	0.83081	0.17681	2.48680	-1.43132	0.31990	1.03975	-0.25079	-0.15762	-0.51072	0.96226	0.99690	-2.42037	-0.07832	-1.68512	0.06872	1.17666	1.56130	-1.01432	0.02756	-1.01236	0.71269	-0.07848	1.60968	2.33669	-0.26142	-0.24588	0.02915	-0.32971	-0.75607	1.72960	-0.71767	-0.92414	0.57297	0.76784	-0.57384	-1.27082	-0.45932	0.91970	0.90128	1.63888	1.88983	-1.06915	0.71600	-1.14692	0.97114	1.42091	0.18976	0.45238	0.80103	0.79973	-0.67331	-1.23962	-0.09855	1.19046
1.49625	-3.12360	0.12405	0.49474	-0.50794	1.36461	-1.82104	0.01356	1.33491	-0.76321	-0.00275	1.06249	0.50793	0.15136	0.29851	0.15965	0.61538	-0.64915	-1.72589	2.15893	0.60077	-0.97744	-3.03759	0.81279	0.27107	1.01411	0.75623	0.64978	2.08830	2.84437	-0.18993	1.03703	-0.09148	0.54783	-0.37909	0.41950	-0.21349	-0.61450	-0.39848	-2.02637	1.01242	0.67215	0.90209	1.29445	1.43908	-1.88996	0.70815	-0.27153	1.59854	0.43535	0.46663	0.22125	0.04965	0.23502	0.48247	0.57964	-1.08614	-2.39356	-0.21295	0.03965	-0.52942	1.29715	0.72610	-1.03329
-1.55679	-0.99393	0.23735	0.86804	-1.40359	0.86587	-0.99670	0.68156	0.24489	-0.56384	0.50819	1.28187	-0.60627	0.50000	0.66089	-0.41808	1.13763	0.79042	-0.41029	-0.13919	-0.84062	-0.45548	1.22587	1.16376	0.56561	0.06541	0.70874	-0.12845	-0.55626	-0.47922	-2.38853	0.07848	-0.21416	-0.45044	-0.31479	-0.31700	-0.78937	0.00577	0.05262	-0.23549	-0.09356	0.66674	-0.54787	-0.15629	-0.91079	0.26460	0.62103	0.20639	-0.84596	1.51563	-0.51985	1.49332	-0.07782	-1.24872	1.35039	-1.38542	-0.28290	-0.80599	-1.44144	-0.16889	-0.21209	-1.90188	0.22696	-1.57648
-1.30156	1.49042	1.23933	-0.98536	0.53996	-0.67530	-0.11271	1.57569	-0.45066	0.62586	-1.72341	0.51432	-1.72813	2.24431	0.51744	-1.27594	0.64962	-0.69499	0.13953	-0.55659	1.24008	0.42268	0.78555	-0.15138	-0.16477	0.14012	-2.89453	-0.03179	1.53429	-0.04214	1.47914	0.77971	0.29999	0.34686	-0.94288	0.93566	-0.59925	-0.15749	-0.48961	1.45261	1.62783	-0.32827	-0.35559	0.89686	0.89624	1.57506	1.30292	-2.12598	-0.92581	0.41517	-0.66854	-2.66289	0.69258	1.08740	-0.30367	0.09679	1.18111	0.64853	-1.07524	-0.05778	2.02930	0.87375	0.81043	-0.24157
-0.28448	0.68239	-1.27005	2.47751	2.34637	-1.15472	0.95707	0.05847	-0.24919	1.01376	-0.49047	0.37367	-0.62161	1.48926	0.18824	-0.21716	0.92930	0.85230	-0.76867	-1.85158	1.69485	0.93286	-0.18572	-0.17319	-1.65861	-2.49001	-0.38244	-1.29660	0.58626	0.37297	-0.23993	1.34698	-0.49985	-0.00387	0.55029	0.03873	-0.69030	-0.28479	-0.46505	-2.53527	1.07644	-0.69094	-0.73032	0.86410	-0.45919	0.40993	-0.61533	1.05682	-0.17758	0.23123	-0.33183	-0.04688	-0.18545	-0.99286	-0.88441	0.62075	1.10494	0.21751	1.49096	-0.59226	0.13542	2.61900	1.12545	-0.32081
-0.45786	-0.77069	1.96764	-0.57394	-0.27903	-1.17719	1.29788	1.58883	-0.52693	0.67325	1.33740	-0.46524	0.98252	0.84302	0.41012	0.70110	1.59967	-0.59743	-1.02021	0.11734	-1.37872	0.83926	0.32654	0.38453	-0.91424	-0.41479	-1.01445	-0.64837	0.22075	-0.11819	-0.17406	-0.06421	-0.57847	-0.83721	0.28768	1.61884	-0.08428	0.10628	-1.00470	0.92761	1.41058	-0.60683	0.10482	0.33565	-0.06536	0.32054	-1.02542	0.19929	-0.15117	-0.35431	0.22394	0.65226	0.75215	1.21450	-0.15162	-1.59004	0.13662	-1.12147	-0.32046	-0.84524	1.36134	0.40137	-2.11704	-0.50716
-0.67482	-0.99053	1.59309	-1.41523	1.83848	0.59971	-0.24182	-1.13010	0.88310	-0.21235	0.95585	-0.88783	0.95463	0.64914	-2.56970	-1.27298	-0.21533	1.51088	1.32862	-0.48540	-0.17617	2.27480	-0.49351	1.10047	0.88110	0.75815	-0.24371	-0.08520	0.11384	-1.24052	0.30923	-1.76357	0.73870	0.59252	-0.38327	1.09421	-0.04838	1.04847	-1.17502	-0.42130	-2.11410	0.11806	-1.33880	-0.48115	1.31353	0.07464	-0.55394	-0.42029	0.57612	0.00145	0.49704	-1.24094	-0.87749	1.05350	-0.78058	1.42381	-0.64461	-0.27039	0.19846	0.51246	0.19998	-2.16672	1.32608	0.34344
-0.33202	-0.60144	1.13858	0.87723	0.06312	0.47801	1.95167	-0.29324	1.70830	0.55229	-0.95943	1.37969	-0.46266	0.82768	-1.87794	1.23149	-0.20797	2.03022	0.52964	1.52437	0.15437	-0.57150	0.58235	-0.48759	-0.60786	-1.13025	-0.24481	2.19585	-1.16462	-0.11620	1.12674	1.52954	-0.54527	-0.05463	0.23703	0.57371	-1.31827	0.43604	-0.10573	0.99649	-0.22191	0.91490	-0.14248	-0.67225	1.95479	0.52396	-0.13092	-0.43051	0.62186	-1.33781	0.50280	0.28551	1.05444	0.01961	-0.84716	-0.52327	0.90886	-0.97838	-1.11491	0.56989	1.24681	0.09259	0.69284	0.70237
0.33764	1.31938	0.03733	1.34251	-0.63843	-0.92848	-0.11176	0.27408	-1.84233	1.12449	-2.26630	1.14934	0.52187	1.34895	0.49303	0.55297	1.60848	1.82521	-1.18150	-0.33539	0.40019	0.72787	0.48482	-0.25041	0.64953	0.61113	-1.75604	-1.22732	2.82850	0.71507	0.19161	1.40913	0.66009	0.54943	-1.69281	1.25821	0.20338	-0.85525	-0.45242	1.41576	-0.18126	0.93645	-0.67651	-0.37858	0.13246	0.87941	2.88567	0.99795	0.91649	-0.79120	-1.83965	1.30689	-0.17531	-1.22261	0.09654	-3.39809	-1.23830	1.58774	0.09385	0.83616	-0.26548	0.58066	0.34789	0.17689
-1.34834	-0.65729	-0.59782	0.33774	-0.24517	-0.78131	2.74900	-0.97442	-2.14194	2.05910	0.07809	1.14670	1.38838	-1.49443	-0.76835	1.75117	0.22922	-2.00508	0.18691	-0.48493	-1.37453	-0.18406	-0.13825	-0.97110	-0.07709	0.24736	-0.71563	-1.20411	0.66529	0.59119	1.36075	0.09002	-0.30660	0.03428	0.81178	-1.70237	1.59133	-0.81551	-0.05976	0.32193	0.40760	0.23365	-1.23643	0.78897	0.24346	-0.58901	-1.15041	-0.88690	-0.73122	0.96381	0.22227	-1.15457	-0.07199	-0.37024	-0.58035	-0.01319	0.33021	-0.96008	0.67632	-3.58762	0.55976	-0.40762	0.03596	-0.69065
-1.99183	-0.31458	-1.46185	-1.21978	-0.27087	0.15502	1.11987	-1.01942	0.69832	-0.51512	-0.22637	0.97829	0.11488	-0.20769	0.02466	-0.19511	1.07658	0.25589	-0.99269	-0.21922	-0.51701	0.27923	-0.96887	1.73855	2.17054	0.22615	1.97605	-0.46745	-0.50052	1.21010	-0.58596	0.71449	-1.75512	-1.01434	-1.15272	-1.16457	0.21156	-0.14809	0.53531	0.76398	1.68799	-0.26840	0.52642	0.29309	0.91978	1.64282	-0.03235	1.12962	-0.14585	-0.53052	0.17021	2.49011	-0.84257	1.26486	0.29215	-0.52959	-0.63946	0.08907	-0.04999	0.76889	-1.17141	-0.70464	1.42506	0.51670
3.39972	2.17805	1.67157	0.06075	-2.49602	-1.11550	-0.61348	1.02554	-0.54989	-0.98134	-0.05968	0.11000	0.66807	0.90786	0.52240	-1.32013	1.25198	-0.70818	-0.02270	0.69820	-1.09565	0.24964	0.32998	0.15152	1.05823	0.92944	-0.45710	1.10640	0.79754	1.13217	-0.86925	-2.01398	0.35193	0.96594	-1.18820	0.91574	-0.88064	-0.27722	-0.07745	1.80702	0.85777	-0.46547	1.66877	1.44572	-1.15324	-0.58444	0.91316	-2.14064	-1.65414	0.61572	-0.00464	0.40245	0.91659	0.91867	0.05105	1.45018	1.17322	0.06790	1.40686	-1.35538	0.71385	0.42878	-0.99859	0.77029
1.35863	0.64532	0.96931	0.17486	-1.67719	-1.64022	-0.94332	-0.67686	-1.58460	-0.80698	-1.83270	1.09905	-0.14837	-1.11785	-0.50531	1.29548	1.12431	-0.95396	0.98382	-0.56401	-0.34881	1.29468	-1.49441	0.27371	0.12955	-1.20070	0.56396	-1.51587	0.51112	-1.16940	0.10088	-1.23848	-0.86544	-0.55644	1.36639	-0.85156	-0.73174	-0.66056	-0.48789	0.74613	0.75891	0.21682	-0.34853	0.26939	1.20234	0.44335	-0.52113	-0.55231	0.32918	0.57675	-1.55598	-1.51537	-0.79860	1.40777	0.53197	-0.59422	-1.26488	1.78495	1.92278	0.16036	1.77571	-0.64362	-0.90092	-0.53981
-0.74907	0.16691	-0.72766	0.82491	1.48599	1.49411	-0.33031	-0.05828	1.55120	-0.82132	-0.33613	0.45419	1.63419	-1.88192	0.57302	1.06398	-2.33070	1.85716	0.00789	0.17387	0.50866	0.76090	-0.87547	1.03690	2.01638	1.05054	-0.15716	0.11927	0.19900	0.08378	-0.51236	-1.12734	0.54051	-1.36808	-0.20808	-2.11596	0.61818	0.77109	0.07290	-0.27560	-0.68665	-1.09414	-0.44437	1.04215	-3.02360	0.18187	-0.79347	0.25004	0.52307	-0.78128	0.75768	1.23679	-1.46734	-0.46863	-1.66506	0.24241	-1.23094	-1.70879	-0.62076	0.49647	-0.23512	0.27687	0.12177	1.91020
-0.28499	0.37856	-0.90786	0.36389	-1.53177	-0.56966	-0.33746	-0.94019	-0.32753	-1.34757	-1.49965	-1.35672	-1.22943	0.84993	-1.05796	-0.80545	-1.55804	-0.41490	1.03521	-1.71296	0.95012	-0.59674	0.93539	-2.39968	-0.04936	-0.29400	0.45475	-0.32856	-0.02179	0.84980	-0.00264	-1.05490	0.72907	-0.00231	-0.67498	1.76065	0.15743	0.65933	1.62343	-0.55235	-0.51252	-0.84020	-1.27232	1.36473	0.29387	1.19627	-1.87443	-0.82599	-0.61706	-0.55730	0.32790	-0.27170	0.14894	1.17321	-2.46240	-0.56971	-2.21235	0.45362	-0.01200	-0.36301	-1.53436	1.29640	0.66357	1.70897
0.14969	0.09962	0.23632	1.21173	-0.37336	-0.62564	0.61586	0.18170	-0.09531	-0.91511	0.72225	1.09193	1.33289	-1.79510	0.29311	-0.52629	-0.26920	-0.44521	0.16652	-1.44068	0.71535	0.23530	-1.23161	1.00697	-0.25592	0.23073	0.79296	-0.00819	-0.89164	-0.53340	-1.55478	-0.42044	1.24556	1.32976	0.01818	-0.47830	0.28167	-0.01282	-0.44204	0.20796	1.47441	1.24846	-0.12305	0.95938	0.22404	0.04010	1.23121	0.88894	0.03243	1.55458	0.96284	-1.07791	-0.69373	1.33574	0.12104	0.72599	-0.30296	-2.16056	-0.94448	0.61472	-0.40634	-0.21538	-0.71472	0.54607
-1.40618	0.18670	-0.08963	-0.14237	0.13834	0.70590	-0.61411	1.50186	-0.27859	-1.63710	1.70138	1.24943	-0.92664	-1.77938	-0.42755	0.22596	0.48580	-0.85685	0.10617	0.02459	0.75595	2.23046	-0.26628	-0.97058	1.35067	-0.85133	-0.74935	-0.61995	-0.59871	1.95546	-0.28606	0.86287	-0.14010	0.64726	1.10696	-0.00504	0.59255	0.33171	-1.97371	-0.17310	0.36905	2.59390	0.53721	-1.18459	-1.13027	0.22522	0.20974	-2.03721	-0.78717	1.04897	0.56949	-1.93112	-1.34831	-1.11791	-0.46540	1.22404	-1.32707	0.18805	0.31198	-2.17941	-1.32008	0.10151	-0.36947	0.08307
-1.53976	-1.02739	-0.26961	-0.57348	1.20002	1.13968	-0.39066	0.90880	1.17345	-1.75782	1.62829	1.74576	0.08082	-0.94084	0.86384	-0.37179	-0.36163	0.91624	-0.75377	0.03338	1.31995	1.94040	-1.09221	0.89585	1.41052	1.07189	0.60357	0.07437	-1.79405	-1.34150	-1.25464	0.78146	-0.42032	-0.77921	-0.93879	0.00375	1.06032	1.13905	-1.65334	-0.54428	0.19900	-0.96283	-1.06172	1.11086	-1.16601	0.68594	-0.97671	0.57377	-0.61713	-1.09329	-1.61356	-1.36465	-1.95191	-1.70825	0.32472	0.17751	0.17179	0.01073	-0.83372	-1.43764	-1.20805	-1.07531	-2.73458	-1.15679
-0.04286	1.12968	0.89594	-0.13584	0.27769	0.33808	-0.17113	1.25039	0.94436	0.87897	-0.20975	0.62743	0.55718	-0.30822	2.12574	1.25839	1.61874	1.72720	0.32429	-0.81619	-0.83444	-0.70610	0.28292	-0.75720	-0.18432	-0.46713	-0.12987	1.36353	-0.43665	-0.98571	-1.28544	-0.33192	-1.16728	0.97567	0.19162	-1.10508	0.81714	0.33785	-0.61048	0.05886	1.07013	1.79324	0.62843	1.62321	0.04084	-0.42060	-0.99687	-1.88261	-0.05131	0.88465	0.80970	-0.19279	1.25190	0.31128	-0.23012	-1.13786	-0.50951	1.39449	0.72175	-0.40183	-1.35422	1.13011	2.09776	-0.64642
-1.84225	-0.93606	1.04863	-0.23484	0.00585	1.62707	0.82466	-1.17498	0.30706	0.16360	-0.44113	-1.12100	-0.83922	1.38014	-1.38634	-1.08687	0.18569	1.20841	-1.06910	-0.19341	-1.58868	-0.13466	1.29175	-0.88511	0.25435	-0.85929	-0.64470	-0.66670	0.27230	1.36081	-0.88491	0.10642	-0.65305	1.64895	-1.55345	2.37988	0.04902	0.49481	-0.05666	0.34387	-0.37989	-1.37626	-0.99079	2.21372	0.85396	-1.66724	-0.31325	-0.91487	-1.19676	-0.03180	-0.90814	-0.81892	1.53227	1.60392	0.88544	-0.68748	0.92318	1.26331	-0.45021	-0.92312	0.84042	-0.22597	0.57180	-1.86778
0.24045	-0.08485	1.92406	0.84248	1.35670	-0.20964	-1.25722	-0.97527	0.23932	-1.03124	-0.93797	-0.18155	0.46417	-2.05218	-1.04131	0.49331	1.35302	-0.63068	-1.53318	-0.09353	-0.35207	0.13309	-2.32347	-1.56859	1.66916	0.03408	-1.50095	-0.55018	0.34487	1.57067	-0.01976	0.51822	1.03517	0.41384	0.18982	1.57355	1.33450	-0.56098	0.10396	-1.41245	0.01701	-0.85621	-0.67504	0.67225	-0.56883	-0.64840	-0.02771	-1.14708	0.58005	-1.61468	1.75949	0.75119	0.32493	1.54628	1.44970	0.70124	0.20532	-0.12178	-0.55773	1.23390	-1.09755	-0.82496	-0.53613	-0.10849
-0.94842	0.47946	-0.01181	0.14269	-0.90663	1.92593	-0.92326	-0.23752	0.87937	0.21672	-0.37110	0.11969	1.07538	-0.06493	0.67108	0.10890	1.16215	1.81186	0.31947	0.75198	-1.39131	-0.10998	-1.51608	2.63512	-1.11364	0.10529	-0.91037	0.33358	-0.27403	-0.22662	0.12214	-0.48116	4.26309	0.00429	0.15636	2.58622	-1.16581	-1.25796	0.62384	-0.61973	-1.33248	-1.38888	-0.13759	0.33149	-2.45082	0.89165	-1.41818	-0.20386	-0.46119	0.51954	-0.79026	-0.63834	-2.35246	0.92456	-1.48688	2.10388	0.80174	-1.30671	0.10104	2.12995	-0.38646	0.02659	0.02824	0.05582
0.48107	-0.39764	-1.34020	-0.65721	-1.37686	-0.43740	1.12157	-0.04367	-0.26058	1.57374	1.94685	1.17636	0.07080	-1.05568	-0.48774	0.97773	-0.47810	0.22119	-0.25015	0.53551	-0.76909	0.54028	0.83963	-0.92712	-0.42068	0.42694	-0.44670	-0.00351	-0.62673	0.01980	-1.10971	0.53378	0.33035	-0.78720	0.77051	-0.13161	0.29536	1.36040	0.90106	-1.48978	-1.20866	-1.88049	-0.15232	0.31237	-0.36313	1.54142	-0.72773	-0.91786	0.72490	-1.67709	-1.65460	0.92018	1.65501	-0.50795	-0.67507	-0.25875	-0.09111	1.02247	1.73872	1.25974	-0.51524	-0.78823	0.70223	-2.20174
-1.43973	0.41441	1.61222	-1.46655	1.16645	0.00721	-1.99221	0.70697	-0.17121	1.15277	0.35326	1.14015	0.90374	-0.71285	-1.15403	-1.25737	-0.82506	0.87281	1.32318	-1.52875	-1.86790	0.90024	0.35301	-1.34732	0.90925	1.37724	0.43691	-0.88885	-0.09792	0.49123	0.73114	-0.26219	0.77043	1.44337	-1.96600	-1.81184	0.64582	0.62547	-0.15626	0.22826	1.21161	0.94553	0.68797	1.38000	1.45205	-1.75242	-0.52132	-0.80130	-0.16567	0.85154	-0.57168	-0.75253	-0.05210	-0.33886	-0.86060	-0.41338	-0.25171	-0.10115	-1.53326	-0.56466	0.58721	-0.05745	-0.00690	1.33370
-0.77677	1.00683	1.58495	-0.35735	0.35129	1.55264	-0.51859	-0.59430	1.20841	-1.44064	-1.41739	0.51532	0.46046	0.48097	-0.84210	-1.03578	-0.43166	0.34390	0.24416	-0.31555	-1.19941	-0.51998	0.32517	2.35436	-1.81896	-1.89573	0.75804	0.66486	0.77855	0.13109	1.01247	0.33945	-0.44038	-0.70080	-0.09576	-0.23627	1.27820	0.28638	-1.83881	0.26104	1.07886	0.06426	0.39798	1.36065	-1.50969	0.74535	0.37774	-0.07693	-0.66248	2.69354	-0.68844	-0.17177	-0.21716	1.08428	0.47408	-0.16692	-0.74654	-1.47763	0.15320	1.75862	0.79916	-1.01178	-0.06138	0.52570
0.07391	0.64381	0.12774	0.04759	1.01931	0.51515	-0.80866	-0.10061	0.27769	-2.11163	1.62347	1.57931	0.22189	0.10045	-2.52950	1.06756	1.33534	0.48718	0.02254	0.35873	-0.22672	1.65678	0.70405	0.67877	2.49357	3.61305	-0.41430	1.74532	0.95115	0.36894	-1.91701	0.92412	0.56216	-1.08770	-1.58545	-0.77586	-0.29434	1.93246	-1.70034	-0.21156	-0.87731	-0.67249	1.74420	1.17700	-1.58064	-0.96770	-2.84551	0.75567	0.74536	-0.93782	1.00701	0.89792	-1.00597	-0.91946	1.58137	-0.83785	-0.04306	-1.63287	-1.13187	1.57853	-0.04384	-1.15915	-0.43077	0.79912
0.86898	-1.09067	-0.40931	0.45961	0.73967	0.15360	-1.56814	-1.16979	1.19205	0.17178	-0.37195	1.89384	1.34602	0.74664	-1.16816	0.50171	-1.49437	1.57811	-0.22074	-0.39774	-1.02660	0.02989	-1.17108	0.47558	0.95085	0.61505	-0.30685	-0.35810	-0.21220	0.18424	1.22090	-0.91088	1.29959	-0.61643	1.62681	-0.77206	-0.32788	0.03600	0.64237	1.02887	-0.51189	1.07899	-0.53010	-0.35856	-0.67759	0.94532	-1.42505	0.54455	-0.08655	1.73532	1.02070	0.66166	2.58140	-0.44112	0.33651	0.32731	1.95666	0.49576	-1.52437	1.37223	-0.27487	0.11305	-2.04035	0.55361
1.29558	-1.87582	0.78758	-1.00316	1.56461	2.36940	1.89036	-1.02306	1.12621	-0.25675	0.19506	1.33753	0.94193	-0.34403	0.48027	-0.05234	0.22049	1.40782	-0.85771	2.66964	1.27787	0.43909	-1.27152	-0.40529	0.77925	1.29123	0.73148	-0.09045	0.21373	2.07483	-0.20000	0.89588	0.86554	-2.06464	-1.08657	-0.03351	0.79692	0.38071	0.64800	-1.48924	-2.46035	1.70747	2.38206	1.13409	-1.41511	0.66607	2.01776	0.02779	1.39596	-1.58664	-0.18752	0.71233	-0.39644	0.22107	-0.54436	0.88642	-1.80099	1.31232	2.12034	0.84791	-0.06873	-1.73291	-0.63906	1.60386
-1.94547	-0.05220	-0.53400	-0.27228	0.14540	-0.02657	-0.09716	-0.06400	2.53784	-1.01221	0.84694	0.41838	-0.45936	1.33965	1.27901	-0.81710	0.80133	0.45020	-1.39582	-1.32207	0.81395	-1.15672	1.65379	-1.10584	-1.12439	0.63023	0.61755	-0.49794	0.65118	1.20081	0.30253	-0.30394	-0.06160	-1.87001	-2.29882	1.01032	-0.23726	-1.26195	-0.58310	-1.19958	1.22327	0.04576	1.69342	-0.58782	-0.99912	-0.68730	-0.85250	-0.09345	-0.06341	1.87799	-1.18111	-0.02750	0.27827	-0.73986	-0.25507	1.47307	0.29969	0.17732	-1.01823	0.22336	1.54075	0.87540	-0.67309	2.12072
0.10049	0.00435	0.28764	1.43661	-0.27282	-1.53135	-0.75570	-0.85524	-0.31056	1.73408	-0.77334	-1.12882	-0.29071	0.71313	-0.54038	0.73917	-0.36649	-0.08916	0.79804	-0.14677	1.64405	-0.32163	1.90663	-0.17008	-0.20884	-2.49010	-0.51171	1.77806	2.13907	-2.09140	1.10889	-1.40722	0.72559	0.07728	0.99585	1.41436	0.23403	-1.37208	-0.55240	-0.09697	1.78202	-1.30695	-1.45428	-0.36783	1.35345	0.86215	0.13131	0.69430	0.09257	1.12997	-0.34172	-0.86735	-0.17922	-1.16293	0.26828	1.84148	-1.22719	-0.09760	-0.14652	0.79730	1.00183	1.57861	-0.50270	-0.89344
0.56293	-0.25669	-2.14643	-1.49123	1.97380	1.81568	0.51863	-0.72631	-0.19368	-0.45359	1.43840	-0.01581	0.99587	-0.41129	0.62223	-0.84338	0.27280	-0.08803	0.83175	-0.98717	-1.25923	-0.63041	0.96813	-1.11873	1.25148	1.15744	0.69630	-1.22542	-1.34246	-0.02043	-0.01230	2.13650	0.50062	0.05592	0.39166	0.52943	1.06135	-1.21895	-0.56489	0.22448	-1.55968	1.76921	2.60657	2.34167	-0.90385	0.88451	-3.40547	0.40464	-0.67885	1.62347	-0.67561	1.38725	-2.31466	-1.54596	-0.16214	0.84544	-0.06082	0.64188	-0.36694	-0.80641	0.30529	0.50263	-0.11036	0.56827
-2.92041	-0.08723	2.56480	0.55977	-0.17117	2.02802	-1.07508	-0.02032	-0.04308	-1.40928	-1.25274	1.01346	-1.36726	0.66694	-0.71611	-0.64497	-1.14173	0.48964	0.22519	-0.57860	0.45292	-1.27881	1.18527	3.14541	-0.51643	-0.11698	-1.15304	0.54892	-1.57048	-2.13349	-0.20466	-2.00206	-0.73178	2.57957	0.39969	-0.44853	0.25256	-1.27832	0.61428	-0.16750	1.49444	0.21539	0.51034	-0.40495	-0.43869	-1.52044	-1.16745	0.29245	-1.05210	0.45707	-1.51271	1.63271	0.79067	-0.86022	0.27681	-0.37161	0.39866	-0.26445	2.85590	-0.30047	-0.89916	-1.08743	-0.17292	-0.93100
0.21743	0.87467	0.14404	1.09165	-0.55773	-1.29128	1.20855	-0.79335	-0.26837	0.26634	-0.04375	1.98913	0.78729	-0.17181	0.78734	1.33982	-0.07360	1.10870	0.60603	0.72694	-1.34022	-0.96603	1.45396	-0.57142	-0.80772	-0.29917	-0.65578	0.06170	-0.21248	-0.54555	-0.57904	-0.97535	-2.39747	0.15250	1.46366	1.00882	-0.69905	-0.25133	-0.04903	0.44957	-0.34389	-0.45298	-2.25477	-0.80167	-0.91411	1.44532	1.46348	-1.88377	-2.16318	2.12267	-2.06902	-0.17254	1.68679	-0.75632	-0.08995	0.78438	1.28658	0.63167	0.29659	-2.56857	1.34118	-0.32078	1.16717	1.04848
-0.75982	0.06324	0.21147	-1.83753	-0.79353	1.41750	-0.13865	-1.01600	-0.91666	0.11288	0.36899	0.84176	0.71944	0.64757	0.66874	-0.35454	2.42268	0.52716	0.53766	1.20235	-1.00865	1.61265	-0.73828	-0.29136	0.66264	0.75648	1.38696	-0.13752	-1.97508	-0.59059	-0.64737	-1.06581	0.93301	-0.82004	-0.54541	-1.54549	-0.47065	0.08080	-0.30325	0.32580	0.87335	-0.17867	2.56484	-0.78375	1.33624	0.72157	-0.26150	-0.66510	-1.31667	-1.05420	0.01969	-0.72687	1.88304	2.21944	0.31098	0.82492	-0.73651	0.15757	0.90591	0.01554	0.86984	-0.97200	-0.31742	-0.94645
-0.14951	1.10957	-0.08353	0.57522	-0.97205	-0.48874	0.61222	-0.50352	1.77849	0.35624	1.34097	0.30979	-0.03488	-0.21443	-0.74191	-0.32029	-0.56156	1.72159	0.87068	0.21057	1.12807	1.24967	0.50164	0.46114	-0.54586	-0.40518	0.88762	-0.24992	0.50588	-1.97356	-0.39596	-0.09053	-0.26929	-1.31856	-0.17594	0.11803	-2.19981	0.33745	-1.37299	0.09596	1.12203	0.06588	-0.15966	-0.24380	-1.02610	1.59582	0.27904	0.89314	-0.16081	-0.92952	0.87166	-1.68787	-1.36144	-0.07955	-0.34569	1.63805	-0.27194	0.57702	-0.33270	2.29859	-2.02439	-1.96823	-0.28755	-0.40984
-0.43707	1.15031	-1.10638	0.16662	0.11711	-1.77404	-0.79814	-0.75567	0.25332	-1.23743	-0.24390	0.12691	-2.57820	1.80133	-2.00160	0.37318	1.90904	0.79754	-2.39315	1.03222	1.09281	-0.50094	0.25184	-0.26556	1.42164	0.47565	-0.79438	0.19057	-2.13505	-0.35967	-1.38797	1.86086	0.40510	-2.00658	1.84731	-1.06291	1.24680	-0.16905	-1.02325	0.75547	-1.26479	0.01003	-1.24060	-0.96031	-0.84412	0.04049	-0.34313	1.14621	-0.43459	-0.07891	-0.17817	0.37447	-0.04302	-0.25420	1.24327	-0.01706	-1.05255	-0.36352	-0.53253	-0.59245	-0.46552	-0.69430	-1.30665	-1.36875
-1.40047	1.10006	-1.14393	0.39811	0.78120	1.39821	-1.90869	0.92079	-1.59334	1.99254	1.14302	1.10653	0.15933	-0.34222	-0.48992	3.24781	0.31287	0.84165	-0.75033	-0.85982	-0.38672	-0.07072	0.45827	0.05039	-0.06210	-0.28974	1.94287	0.29719	-1.05767	0.49483	0.21769	2.00557	-0.66559	-2.90046	0.16106	-0.30094	1.91641	0.04476	-0.71730	-0.36094	0.79200	0.04421	0.43181	2.26722	-2.37780	-1.26305	-1.15369	-1.28326	0.56068	0.66777	-0.22757	0.90008	-0.40146	-0.54803	0.31659	1.04136	-0.90502	1.56173	1.94251	1.76978	0.43422	-0.81254	1.68025	-0.23153
-0.25935	0.50339	2.58215	1.70139	-0.81868	-1.91082	0.49719	-0.16242	-2.37353	-1.03171	-2.86437	0.35972	1.66567	1.55388	0.36821	-1.48726	-1.67081	-0.17279	0.08178	0.21780	0.55690	-1.00338	0.38896	-2.19603	-1.21823	1.08059	-1.57391	1.52645	-0.42399	1.02971	0.85753	-3.10450	0.37816	-1.59138	0.08661	-0.23151	0.27090	0.91111	0.27703	1.18913	0.49587	-1.22746	-1.15874	-1.40983	0.99377	0.19341	1.37836	-1.87936	-0.09345	-0.57421	-0.29275	-1.63275	-0.82588	0.46202	-1.46362	-0.63892	0.22227	-1.43988	0.00941	0.06267	-0.61038	0.35326	2.05584	-0.34558
-0.81683	0.65075	0.42929	-0.26410	-0.71222	0.19262	-0.86736	0.09161	0.45766	0.70013	-1.33973	-1.65721	-1.02335	-0.62304	0.35351	-0.82942	-0.65622	0.49146	0.37291	-1.60566	-0.02497	-0.53859	0.27466	1.36778	-0.50137	-0.68370	0.40514	0.25550	-0.36760	-0.53729	1.08536	-0.46635	-1.03584	0.65323	0.21825	0.31291	-1.80292	0.51208	0.60296	-0.14210	1.42450	-0.70103	0.10961	1.25857	1.06740	-0.59745	-0.71269	2.00237	0.59607	0.29846	2.27274	0.94209	1.09285	0.45041	-2.06685	-0.63725	1.67299	-0.06096	0.26789	-1.83225	0.25105	0.01669	-1.24298	-0.99962
0.73184	1.23270	-0.06266	1.13801	-0.44176	0.15758	0.81860	-0.72362	-1.45180	1.62200	0.40585	1.33566	-0.27219	0.74023	1.12704	-0.95768	0.66269	-0.50906	0.31675	0.17542	-0.32962	-1.05722	1.31481	-1.44109	-0.25230	0.26900	-1.32649	1.01510	0.93797	1.51610	-1.60507	-0.04815	-0.62746	1.46897	1.16716	0.40292	-1.49731	0.05467	0.33282	1.46211	-0.59199	0.33804	-0.81059	-0.88917	2.37007	0.97148	0.24178	-1.12593	0.26064	1.16657	-0.51801	-0.27306	-0.74083	1.23673	-1.63490	0.45425	-1.07170	0.22456	0.57061	-0.37173	0.47568	-0.44007	1.09384	1.97378
-1.13043	-1.39422	0.46522	-0.24990	1.18742	0.04397	-0.66247	0.68609	1.69950	0.20429	0.52992	-0.21477	0.60497	1.10030	1.69201	2.31221	-1.19462	-0.33170	-1.78838	-0.13991	-0.51684	-0.49884	0.73811	0.27539	-1.06410	-0.04789	0.56413	0.57878	-0.56610	-0.14940	-0.25524	-0.61134	-0.48771	-0.06025	-0.45460	-0.22328	-0.71673	-1.14869	-0.52377	-0.11778	-1.84699	0.10126	-1.08900	1.56416	0.75572	0.62390	-0.55562	0.10587	0.18000	-0.56983	0.87521	-0.77529	-0.00547	0.08199	-0.74858	-0.31240	-2.05020	-1.63426	-0.95307	0.00014	0.50257	0.56258	0.41856	1.82318
-2.29267	-0.83430	0.35594	0.35176	0.06989	1.65127	0.48919	0.13720	1.77156	-0.01488	-1.42819	-0.08166	-1.08542	0.12736	-1.18048	1.06256	1.52468	0.62473	-1.32034	-1.14994	-1.13022	0.37950	0.24864	0.08549	-0.11655	-0.89419	0.11108	-0.65112	0.68311	1.03239	1.91607	-0.04741	0.30589	-0.89120	-0.85088	0.42999	0.61288	-0.01782	0.55970	-0.54626	-1.52943	0.68770	-0.35593	2.68051	-0.43621	-0.63186	0.55012	-0.07694	0.77927	-0.11722	0.00871	-0.50787	0.89858	-0.92389	-0.77864	0.98683	-1.11223	-3.25697	-0.52444	-0.09559	0.20843	0.73102	-0.90083	0.94615
-0.95552	-2.21436	-0.86467	0.02306	-0.59302	1.88337	0.90008	0.63224	-1.08586	-0.32747	0.45365	1.05218	0.61758	-0.21402	-1.10271	-0.79386	-0.50623	-0.38549	-0.43364	1.25447	-0.21833	0.01095	-1.06190	0.48166	-1.77733	2.47915	-1.54622	-0.18998	0.28177	0.80027	-0.38774	-1.20629	1.57615	-0.99482	0.55433	-2.00894	-1.32604	-0.08902	-0.49733	-2.68655	-1.40118	1.63636	0.53172	1.12806	-1.28723	1.18608	-1.63173	0.90106	0.03545	-0.27514	0.89655	0.36481	-0.89070	-0.13762	-0.78336	-1.76526	0.14605	-0.52963	-0.54595	0.97839	-0.19397	-0.20970	-1.64969	0.75010
-0.01235	0.66580	0.08333	0.19510	0.28316	-1.10819	0.97999	-0.69325	-0.10396	1.18579	-1.10892	-0.08714	0.33214	-1.97331	0.52544	-0.27712	0.85986	-1.01791	0.87547	0.74542	-0.95555	0.84050	1.04956	0.40575	0.83768	-0.18503	0.23550	0.16632	0.15790	-0.16918	-0.73201	-1.49437	1.12016	0.13638	-1.68242	1.01385	0.88072	0.89468	0.36751	2.71951	0.62647	-0.63896	0.66842	-0.87531	-0.09486	-0.82372	0.34889	-1.29911	-0.18309	0.33458	-0.38674	-0.36489	-0.24619	0.71306	1.55919	-1.01798	0.78669	-1.06603	-0.16454	1.30113	1.37728	0.52027	0.08350	0.03632
0.33004	0.33921	2.25608	-0.75755	0.00139	-1.85705	0.86499	-0.05569	-0.99359	-2.05439	0.31306	0.40356	0.11819	-1.54885	-0.53147	0.03906	-0.11452	1.28220	1.27690	1.39726	1.15660	-0.65062	-0.67521	-0.56162	-0.83963	-0.75896	-0.02700	0.04199	-0.88374	-0.43693	-0.57940	0.97380	-0.73196	-0.26793	-0.14345	0.26811	0.95510	0.93745	2.33874	-0.36658	-0.13548	-1.26868	-0.72580	0.57369	2.43260	-0.91347	-0.73866	0.24249	0.05149	0.73295	-0.09818	-1.11976	-1.56620	-1.09045	-0.95924	-0.70556	0.98453	-0.35472	0.65885	-0.13660	-0.34382	0.02784	-0.18395	-1.10145
-0.22918	0.53666	0.87049	1.09633	-1.82611	-1.41489	-0.61507	-1.69956	0.00829	-0.39216	-0.17609	0.74332	-1.05861	0.41661	1.18056	-0.03252	0.77117	-1.18874	-0.23535	-1.39815	-0.18397	-0.38293	0.05892	2.80169	-1.54593	-2.06626	-0.15244	-0.24808	2.34371	-0.53742	0.90030	0.62446	-0.59506	-0.49586	-0.29878	0.16922	-0.42735	1.04669	0.74013	0.18752	0.72159	-0.89572	-1.60844	-0.03529	-0.80341	1.19862	-0.53607	-1.89683	1.84685	0.21504	-1.49039	0.88582	0.20280	-0.33149	-0.06946	0.69229	0.89195	0.30385	-0.93351	-0.18889	0.32788	-1.21146	-0.58368	-1.11005
0.76619	-0.15952	0.26437	0.35745	1.22728	-3.57524	1.10063	0.23671	-0.78769	-0.11431	-0.46075	0.50443	-1.57292	0.99114	0.22362	2.07612	-1.95644	-1.29854	0.84226	-0.80582	0.15373	1.17798	0.18460	-2.19557	0.42081	0.84817	-1.30826	-0.27469	-0.90508	0.02894	-0.45169	-0.06286	-1.05453	0.37574	-0.19824	2.21417	-0.49927	-0.96560	1.51404	0.47787	1.56154	0.14689	-1.52069	0.02195	-0.08306	1.45931	-0.27008	0.26522	0.27746	-1.13833	-0.10285	-1.60433	-0.59127	2.13192	1.18755	-0.94112	-0.13444	0.48838	0.04885	1.01426	-0.86932	0.75773	-0.09737	-0.27154
-1.05905	1.23463	-0.54517	0.89584	-1.41314	1.22496	-0.10361	-0.67373	-0.12905	0.20986	0.37224	-0.26220	-0.43011	1.39903	-1.14395	-1.26219	-1.18173	0.68014	0.03087	-0.84917	-0.40387	-0.28489	0.42487	-0.14506	-0.22500	-0.33359	-0.13755	-0.05463	-1.03032	-1.01653	0.05007	-0.22212	-0.24727	0.75583	-0.44355	0.75853	0.21431	1.65343	-0.82076	0.92744	0.54296	1.69945	1.43438	1.60205	-1.03110	-0.54539	-1.19253	-2.68348	-0.13056	0.49295	1.45044	-0.27894	0.35109	-0.07863	1.14497	0.76529	0.27861	1.53672	-0.78354	0.20828	0.97796	-1.09742	-1.43382	-1.02965
-0.53645	2.03667	0.40639	0.45975	-0.78314	0.97487	0.13342	0.19462	0.57583	0.62887	0.03209	0.04615	1.38905	-0.46281	-0.04665	-1.06891	0.70717	0.17096	0.44191	1.25822	0.34435	0.28548	0.38259	-0.41689	-0.43974	-0.06618	1.38795	-1.46852	0.36990	0.71726	0.09602	-0.01738	-0.24621	-0.25261	-0.48233	-1.81461	-0.10641	-0.08640	-0.67193	-0.89881	-0.88273	0.27551	-1.11173	0.04450	-0.88534	1.13315	-0.85389	-0.06217	0.94051	1.31898	0.91456	2.12362	-0.01181	0.60135	-1.45772	-0.95545	0.90128	-1.97363	-0.31324	-0.25581	0.42828	-0.32178	0.66433	-0.06767
-0.07405	1.51937	1.09981	0.58333	-0.22981	-0.28637	0.21226	0.19279	0.58539	0.64727	0.13314	1.01312	-0.87810	2.06971	0.81102	-0.46071	-0.89899	-0.75800	2.19477	0.58581	2.25495	-0.72103	1.07671	0.25398	-1.16391	-0.35295	-0.54784	0.32727	-0.12451	-0.65224	0.50369	0.59454	-1.07520	0.23254	-0.43421	-0.14453	1.40155	-0.29545	1.69040	0.58029	0.68250	0.71645	-1.06836	-0.02898	1.06135	-1.88758	0.23465	-0.44103	-1.56396	-0.01445	-1.72453	2.83730	1.93120	-0.00132	-1.10585	2.14269	1.37780	-0.01825	0.55555	-0.86981	0.71984	1.31585	-2.10847	0.37981
0.75155	1.67632	-0.34055	0.11628	-1.89951	1.04916	1.53012	-0.70577	-0.67854	-0.43047	-0.03861	0.82288	1.12043	-0.22110	1.07028	0.30785	-0.40478	0.58377	0.56727	0.52471	-1.10214	0.51746	-0.90009	0.02373	-0.62308	0.34207	-0.46269	1.49481	0.84008	-0.87774	0.03831	0.61234	-1.15967	0.37959	-1.13626	-1.06504	-1.70028	-2.01744	0.65336	-0.35519	-0.31436	0.39506	-0.76925	0.41109	-0.14452	0.95268	-1.78257	-0.88608	0.82075	0.26405	0.44847	0.49031	-0.60484	0.38389	0.34842	0.13150	1.10464	0.84706	-0.44967	2.25045	1.53630	-0.03783	1.06731	0.90326
-0.26445	-0.22225	-0.72630	-0.67046	0.53318	1.15285	-0.44334	-0.40411	0.68130	0.59473	-0.80646	0.78100	0.51647	0.53438	-0.22617	2.42266	0.70186	0.71794	1.88338	-0.21772	0.43034	-1.28236	0.91249	-0.13714	-0.00823	-0.63324	0.89724	0.06833	0.75473	-1.09190	0.43189	-1.51730	0.53347	-1.27592	-0.10243	-0.37877	-1.11719	0.16254	-0.48335	0.51498	0.02126	2.09477	1.07412	-0.00956	0.40054	-0.08217	1.11981	-0.58713	0.35822	0.66445	-0.52056	1.14771	0.09251	0.73450	0.76892	-0.16709	1.88819	-1.42943	-0.03843	0.11710	-1.50201	0.20106	1.20126	-1.29017
0.94299	0.22676	-0.72403	-0.97548	1.21049	1.29072	-0.43516	-0.76624	-1.65813	0.36376	1.51552	-0.70179	0.24080	1.03346	0.66768	-1.10754	-0.64207	0.05043	-0.24291	-0.68372	-1.05594	0.23618	-0.79324	-0.97096	0.09858	1.69839	1.00503	2.55603	1.21445	0.58675	0.31982	-0.74359	-0.03141	-0.48035	-0.67723	-2.45133	-0.18007	1.08454	-0.29124	0.02819	0.73458	1.87671	-0.80016	1.55842	0.25735	-0.13175	-0.42441	-0.61145	-0.92387	0.27093	1.68593	0.79466	-0.13163	-1.19862	0.71760	1.14577	-0.12770	2.65186	1.60238	1.16110	0.93918	0.50798	-1.26533	0.28704
0.38461	-2.11519	0.55455	1.31626	0.58358	-1.39098	-0.57430	0.18414	1.11798	0.57691	-0.47808	-0.42087	-0.13199	-0.48775	-1.00014	-0.96404	-0.07638	1.87999	0.41010	0.30440	-0.26177	-0.31295	-0.20780	0.59512	1.11640	0.22382	0.34890	-0.19198	-0.18421	1.22409	0.38000	1.99208	-0.69838	0.63647	0.69717	-0.00209	0.29066	-1.51974	-0.10654	0.04026	-0.19615	0.10806	0.83133	1.44074	-1.69915	-0.03831	-1.37030	0.97249	-0.75270	-0.57240	-0.39474	1.12458	0.41828	-1.76984	-0.15163	0.12525	-0.43935	-1.09844	0.26974	1.34940	-0.00748	0.54391	0.46123	-0.44399
-0.17914	-0.23055	-0.30488	-0.56320	0.68997	0.35722	-0.56092	0.57471	0.79324	-0.87953	1.28886	1.48534	0.98387	-0.36582	-1.35863	0.89123	0.66334	-1.65565	-2.52206	0.57933	-1.00116	0.24197	-1.88658	-2.01297	-0.26985	1.50943	0.17359	-1.90431	0.74842	1.73467	-0.05632	1.05456	0.66275	-0.82802	-0.63364	-3.34353	0.41092	0.45963	-1.03869	0.17852	-0.18875	1.00555	-0.28743	-0.33862	-1.73067	1.06560	-2.02497	0.64158	-0.10554	-2.05657	-0.44954	-0.09080	-0.35313	-0.04018	1.24472	-0.05923	-1.35860	-3.26871	-0.80392	0.18024	-1.73398	0.58995	1.02905	-0.81184
-0.73130	-1.30563	-0.82668	-1.20420	-0.01836	1.64991	1.21722	-0.78012	0.17596	-3.39756	0.75670	1.10329	-0.83206	-2.69911	0.70304	2.15085	-0.40429	-0.02337	-0.50888	0.11285	-2.17851	-0.06315	-0.89184	-1.68784	0.53745	0.13868	1.21033	-0.26122	-0.38984	0.08983	-0.04852	0.91120	2.56572	-0.35599	-0.30367	1.08407	1.75082	2.71826	-1.12678	-0.48041	0.13074	-0.04563	-0.49624	1.90664	-1.55033	-0.26932	-2.27023	2.14242	1.00357	0.41397	0.43009	-0.92161	0.86403	-0.68165	2.42160	0.91456	-0.18270	-2.21797	-2.37282	0.75594	0.13656	-0.89431	0.56224	-0.76864
1.26221	0.88954	0.59263	1.39514	0.39271	-1.15587	-2.31862	-0.84635	0.29904	2.02178	-0.50738	-0.75373	-1.01410	0.26343	0.59948	-2.03570	0.45506	-1.00725	-0.95345	-0.92482	0.97864	-1.18159	0.60043	-1.48616	0.34681	-2.05198	0.51199	-1.96209	-0.35538	-0.94184	1.07064	-0.42755	0.53095	1.54542	0.40821	1.73015	-1.25910	0.23546	0.55731	0.35302	1.34327	0.80433	-1.20459	-1.07426	-0.21616	0.33648	0.07745	0.37000	0.23339	0.48901	-0.86938	-0.59912	-1.54182	1.02858	-0.68539	0.72221	-0.11158	-1.64019	1.15027	1.29627	-0.96550	-0.67659	0.58258	-0.53522
-1.01419	1.36584	-1.84560	-1.77188	1.95212	1.60274	0.38180	-0.24288	0.71894	0.37768	0.98424	0.12593	0.58838	-0.40547	0.26566	0.14021	0.84637	2.30604	1.80620	1.13053	-1.65026	0.67538	-1.07646	-0.82155	0.20160	0.42294	1.29696	1.46811	-0.82550	-0.25460	-0.29526	-0.10443	-0.82352	-1.41304	-0.89103	0.33030	0.04619	0.12480	1.47449	-0.43440	-2.64939	0.09943	0.77160	0.00860	-1.18954	-1.37783	0.76572	-0.44610	0.57553	-0.89514	3.31218	0.43128	0.56919	-2.11565	0.86286	-0.68950	-0.73085	-0.96912	-0.43853	1.32493	2.05334	-2.34287	-2.58964	-1.05689
0.70742	1.17136	1.09404	0.27927	1.02314	-0.48065	0.52921	0.64273	-0.38444	0.16509	-0.81359	1.10705	0.70461	-0.52676	-1.43670	0.83936	1.06267	-2.11335	-0.09967	0.61867	-1.02419	1.24972	-0.86968	-0.24831	1.34375	0.61597	-1.29447	0.33029	0.94866	2.13035	1.10824	-1.01988	1.42064	-1.09130	0.63668	1.21083	0.96197	-0.93998	0.01411	0.96473	-0.65577	0.96442	0.87594	0.11709	0.55806	0.25230	0.98844	-0.39195	2.07044	-1.10430	-1.05775	0.78409	1.44139	-0.97301	0.68569	0.22837	-2.62422	1.02661	2.06485	-0.85468	1.35828	1.38890	-0.53627	0.04649
0.58439	-0.37698	0.65210	-1.58880	-0.59074	-2.09373	-1.51106	0.48226	-0.92485	-1.53236	-0.24070	-0.71501	0.37788	-0.40578	2.13843	2.12454	-0.35157	-1.20310	-1.54705	-1.53088	0.61131	1.57581	1.86464	0.90219	-0.02426	0.28481	1.31908	0.49506	0.33514	0.97577	0.84433	-0.42806	0.34566	1.41570	1.06485	-1.14832	0.37899	-0.65319	0.20595	0.23536	-0.43888	-0.06563	-0.87607	0.93727	2.47851	-1.89936	0.20076	-0.06199	-0.51665	0.39943	1.99362	-0.28697	0.61529	0.05884	-0.92836	1.65382	0.32312	0.33251	0.29376	0.95593	0.16763	0.73989	-0.51123	0.66268
0.59513	-0.86051	0.43295	0.05240	-0.48091	2.18908	-0.45490	-0.19242	0.72987	0.33751	-0.84449	-0.92209	-0.70242	-0.44701	-0.42170	-0.61350	-0.08604	-1.62088	-1.71683	-1.13018	0.52976	0.46124	0.74783	-0.19031	-0.89221	-0.63215	-2.92122	0.59588	1.47307	-0.67904	-0.22536	-0.80716	0.84935	1.67210	0.44225	0.29269	0.00527	0.96562	-0.25424	1.09539	-2.10794	-0.73075	-1.79177	1.71910	-0.50812	-0.45548	1.49922	-0.55704	-0.06314	-0.74669	-2.28553	1.58498	0.97176	0.26121	0.70798	-0.31595	-0.35129	0.13164	-0.08227	1.50245	0.16056	-1.51992	-0.66797	0.54157
1.48235	0.20399	0.46349	1.69593	-0.10669	-2.62880	-0.00054	-0.38538	1.27688	-1.38606	-0.34988	0.06531	-0.47028	0.08785	0.58259	1.38281	1.05524	-1.49102	-0.15600	0.07755	0.94498	-0.47871	-0.04019	-0.39444	-0.17576	0.26146	-0.79716	-1.67397	0.05003	1.45386	-0.39735	-1.65311	-0.67701	-0.51295	0.51888	-1.32997	-1.14247	-2.52262	-0.89238	-0.34489	-0.74519	0.39717	-1.06346	-2.52525	1.03879	-1.09971	2.29722	0.27503	1.21068	-0.79344	0.44379	-3.00246	0.33679	-0.56777	0.77934	0.39663	0.69598	1.30372	0.50843	-0.90050	1.13799	0.22682	1.24684	1.91270
0.27365	0.01868	-0.04999	-1.02758	-0.34319	-0.45379	1.10910	-0.63381	0.47196	-0.72006	0.41215	-1.05971	0.97826	-1.01596	0.40129	0.56593	0.53496	-0.05565	-0.91130	0.61019	-0.37041	-1.21104	-2.57685	0.81908	-0.08709	0.73672	1.34982	-2.03238	0.21774	-0.29135	0.97714	-0.09833	1.47548	-0.92520	0.43124	-0.00232	0.96421	1.09257	-1.01856	1.89124	0.40247	1.79655	1.17585	0.10514	0.81590	-1.32117	-1.11989	-1.19411	0.92707	-0.43540	2.91194	-0.63523	0.91703	-1.04838	1.22273	0.25169	-2.05223	-1.18148	-1.31259	1.60816	-0.90781	1.31967	0.85521	-0.33680
0.67971	0.35787	-0.55156	-0.60399	1.12174	-0.09540	0.70180	0.43519	0.39960	-0.67464	1.25281	0.40224	1.86177	-0.76519	-0.31879	-0.13000	-0.15383	1.01028	-0.33507	-1.03866	1.14084	1.41138	-0.69735	-0.30918	0.03470	0.78484	-0.89513	-0.73645	-0.07626	0.65762	-0.29140	2.14750	0.48585	-0.05543	-0.39285	-0.04378	0.56650	0.30060	-1.26070	0.33965	0.06833	0.10267	1.42715	-1.39105	0.42386	0.30496	-0.00799	-0.23952	-1.37177	-1.29695	-0.39609	-0.20645	-0.36383	-0.05976	0.22949	-1.37062	1.00452	-1.16156	-1.56293	1.67386	-1.76111	-1.92902	-1.91499	-0.08147
-0.85464	-0.34757	-0.50850	0.84486	0.30906	0.12823	0.96472	0.58151	-0.44577	-0.08501	3.48311	-0.28049	0.24556	0.57200	0.76251	-1.90721	-0.69838	-1.50976	0.26173	-1.55232	0.92650	2.43068	0.02721	-2.14954	0.35186	-0.81137	-0.98356	-1.02893	-0.17702	0.90996	0.23567	0.43091	1.14712	-0.90655	1.15641	-0.06774	0.06976	0.86980	-0.24292	1.48073	0.53510	-1.10158	0.60809	-0.45107	0.07896	1.01739	-1.06765	0.22113	1.93123	0.98443	-0.05080	1.79561	1.58379	1.78935	0.09206	0.16918	0.18965	0.12606	0.17733	0.78702	1.00909	-1.38587	0.11973	-1.37090
-1.05327	-0.13656	-0.96432	-2.97029	0.59667	0.51036	1.71282	-0.89461	-0.31866	1.45675	0.32665	-0.13662	-0.37744	-1.16091	0.06909	-1.47527	0.04064	1.87036	-0.39261	2.12529	0.91541	0.50089	1.16167	0.06210	0.42647	0.94596	0.70183	-1.27510	-0.35415	-0.12122	-0.27406	0.27977	-0.98399	0.91056	-0.60893	-0.54318	-0.19838	1.15200	1.23924	-1.19873	0.98225	-1.24430	-0.36629	0.27355	1.08745	-0.12675	0.03799	0.38925	-0.49819	0.29059	1.73134	-1.28913	1.40424	-0.32039	-0.13054	-0.29656	-0.21631	-0.10706	-0.73273	-0.31814	-0.94363	-0.46160	-0.52630	0.33575
1.67820	-1.00538	0.84476	-0.89651	1.20785	-0.08406	0.16812	-0.13500	1.31444	-0.08726	1.50540	-0.07594	-0.52055	-0.48415	-0.51678	0.04345	0.97115	1.41360	-0.17189	0.43649	-0.93692	0.41192	-0.52125	1.33605	-0.85914	-0.86195	0.16739	-0.74382	-1.36845	-0.38345	-1.22612	0.36222	0.18578	0.17344	-2.11008	-3.03569	0.87452	-0.54212	0.80220	-0.09857	-1.67812	0.15795	1.42307	1.80971	0.27301	-2.31083	-0.62646	0.10016	1.41177	0.99812	0.71407	0.17987	-0.52570	-1.32192	2.30939	0.33235	-1.73788	-1.14119	-0.65302	-0.54393	-0.88221	-1.30724	-1.25634	0.02911
1.28978	-0.39977	0.02920	1.94694	-0.21925	0.50640	0.96265	-0.75022	1.08985	-0.18204	0.01955	-1.03864	-0.30529	-1.81728	-0.86663	-2.42849	1.26094	-1.51014	0.32737	1.31310	0.71311	1.30066	-1.45293	-1.52385	-1.19886	-0.34866	-0.25651	-0.26615	-0.37965	-0.26283	-0.87851	-0.26657	1.50490	0.02794	-0.18359	1.13302	-0.47901	1.04028	-0.87060	-1.31929	1.05244	-0.33027	-0.31343	-0.43116	-1.04961	-0.62731	-1.02564	-1.92721	0.58389	0.06615	0.08199	-0.00850	-0.97892	0.27894	0.25320	0.25529	-0.05210	0.91545	0.18506	-2.09223	0.45658	0.50716	-0.04370	2.20004
-1.19250	0.00003	0.17796	-0.05193	2.13707	0.88383	0.68186	0.46024	-0.61336	0.77953	-0.20292	1.31592	0.77098	-0.23437	2.96893	1.51955	0.13200	0.36173	-0.50194	1.15912	-1.18934	-0.42412	-0.74469	0.42689	-0.75152	2.24199	-0.29325	1.19398	1.05751	-0.06871	0.39368	0.88614	-0.94885	-0.79211	1.06332	0.46050	-1.26353	-0.95872	-0.23598	-2.25055	0.79001	0.47523	-0.62391	0.15716	0.14029	-1.89021	0.06541	1.26626	-1.50059	-0.75411	-0.91730	-2.32600	0.09071	-0.70673	0.03938	-0.41009	-1.55380	2.05574	0.06538	1.80013	-0.93192	-0.25036	-1.52116	0.56984
0.52343	-1.38472	0.01016	-0.89069	0.52182	1.34805	-1.87791	-1.14439	-1.70844	0.58161	-1.43247	-2.39202	0.57157	-0.34984	-1.02066	0.43894	-1.59739	0.13462	-1.37061	1.04386	1.09131	-0.08405	0.92951	1.22811	-1.54717	0.05891	-2.62779	1.97122	1.29823	-1.49164	2.95695	-0.59239	0.90560	0.78223	-1.25684	0.56583	-0.04922	-0.90297	0.26257	0.19922	0.53103	-0.92282	-0.12387	0.81295	0.60878	1.07461	0.30016	0.62465	-1.62185	-0.56953	0.82648	0.30895	0.96191	1.46809	-0.04091	-1.15276	0.96181	0.42729	2.19219	1.12635	0.45559	-0.87379	0.19826	1.87601
-0.67094	-0.20082	-1.26064	-0.80817	-0.15040	-1.38099	0.11781	0.20704	-1.51599	0.57396	-0.06352	0.10556	0.96888	1.07299	1.67661	0.49838	-0.21351	-1.86481	2.34271	0.35248	0.23872	0.54735	-0.38528	-1.17385	0.29363	-0.80617	-1.49033	-0.86348	1.16933	0.61836	-0.19203	-0.38603	-0.70408	1.20686	-0.48733	-1.13120	1.01354	-0.09115	1.38376	1.60588	-1.68931	-0.05130	0.16517	-4.00535	1.08553	-1.12346	-0.12330	1.01823	-1.23974	-0.21973	-0.21596	-1.06991	1.38670	-2.27617	-0.50612	1.56821	-0.86952	0.35967	-0.10183	0.70698	0.12133	-1.05062	1.33255	0.00436
-0.89771	0.63130	0.56178	-0.34127	-0.20852	0.46818	1.03443	1.05735	0.96572	-1.10049	-0.75533	-0.22376	0.52989	1.07049	-1.12646	1.17848	-0.03532	-0.91682	-0.35358	-0.01440	1.74755	-0.94796	1.12232	0.14023	0.80147	1.30359	1.28842	-0.41503	2.66324	-0.31239	-1.69678	0.92442	1.33310	-1.21030	0.53945	-1.01690	0.58719	1.40432	-1.31376	1.03714	-0.59980	-0.04075	1.15162	-0.59396	-0.22164	-0.76573	-1.98618	0.49976	0.05877	-0.05021	0.85947	0.46435	0.89354	2.18883	-1.04426	-1.49777	-0.38326	-1.05654	-1.23706	0.32480	-2.01324	-0.33421	-1.53317	-0.83123
0.36630	-1.42811	0.41436	0.19535	-2.14278	0.36923	-0.95705	0.15899	0.19940	-0.04012	1.93989	0.34098	0.38644	0.43879	0.76737	0.11629	1.21226	-0.16745	0.36251	-1.78144	-0.05594	0.84691	-0.93523	-0.80318	-0.94090	-1.15704	1.73585	0.60502	-0.10819	0.08887	2.01203	-0.07964	-1.68214	-0.44816	0.20447	-0.27657	-0.72586	0.67186	1.09267	-0.03891	-0.72791	-0.75859	0.30169	0.15644	-1.21320	1.58760	-0.49338	-1.30453	-0.31650	0.26181	-0.53118	0.21257	-0.42610	1.18607	1.91654	0.23652	-0.29524	1.49581	-0.39595	-0.91833	-0.93927	-0.67393	-1.05835	0.22907
-2.28352	0.95619	-1.10127	-1.20053	1.43752	1.77112	1.56929	2.71101	-0.10278	0.63122	-0.38849	0.26454	2.28871	0.05578	0.11048	0.43672	0.44377	0.40583	-0.41989	0.99004	-0.62247	-0.08844	0.00155	-0.45370	1.20517	0.80690	-0.91475	-0.20089	-0.00122	-0.49548	0.93066	1.39367	0.04865	0.71280	1.10558	1.83783	-0.89683	-0.04723	-1.30807	-0.96297	-1.95495	-0.25386	0.33807	1.57023	-0.05946	-1.23296	1.26641	0.58575	-0.28242	-2.57911	-0.15352	0.79842	-0.51721	-1.62700	-1.34948	-1.90550	-0.75068	-0.56374	-2.29952	-1.08516	-0.42638	-0.20011	-0.94159	-2.06782
0.73107	-0.52834	1.53818	-0.52352	-0.43197	0.78145	-2.06581	-0.74364	0.65649	-1.38130	1.60511	1.58352	0.07649	-1.05328	-0.21288	0.77912	-2.58126	-1.49604	-1.86357	2.26322	-0.38710	-0.65246	-0.26000	-0.13610	-0.96426	-0.65722	0.85200	0.03767	1.32418	0.94798	-0.97091	2.37288	-0.27542	0.90244	0.11031	-0.35953	2.74661	-0.59190	0.26288	-0.47412	-0.20684	-0.58496	0.84568	0.64718	0.54840	3.12639	-1.07056	1.58477	1.31423	0.02213	1.05643	0.33620	-0.01731	0.48763	0.14604	-1.95500	0.29394	-2.21567	-0.24175	0.22954	-0.00874	-1.06772	-0.83117	-0.42088
-0.69473	-1.55735	-2.24215	1.68107	1.49762	-0.86136	2.88277	2.99490	1.22930	-1.55831	1.47891	1.18209	1.39981	-3.21449	0.08000	2.01462	0.24839	1.70473	1.00373	-0.62257	-0.36872	1.79965	-0.63763	-0.24635	1.26938	1.05098	-0.47200	-1.56232	-0.91343	-0.66119	0.00161	0.72678	0.60399	2.05407	-0.00692	-1.86450	1.42551	-0.40598	-1.96521	1.12977	0.41422	-0.43836	3.56396	0.89730	-1.03486	-0.61009	-1.95686	0.20416	-0.43554	0.40537	-1.14730	1.16765	-0.93488	0.69637	-0.27790	1.82149	-0.37260	-0.06722	-0.91293	-0.15283	-0.90227	0.31609	0.13467	-0.05679
-1.95269	-0.49987	-0.81321	-2.65553	1.95356	1.54553	-0.21586	1.78959	-0.38818	-0.68046	3.34345	0.29315	-0.48262	-1.69625	0.13682	1.55647	-1.80072	0.26484	-1.24809	1.34045	0.46090	0.81164	-1.16337	0.04149	2.53958	1.44507	-0.98919	1.25208	-0.68831	0.45290	-0.01499	0.82493	0.13156	-0.86272	-2.15690	0.17732	-0.69926	0.17433	-2.42777	0.79447	-1.81006	-0.93324	-0.36853	-1.22415	-0.14386	0.36223	-0.14561	0.51835	-1.68684	-0.01681	0.41752	1.17014	-0.79124	-0.21303	0.84274	1.47918	-0.71312	-0.72213	0.05241	-0.52232	-2.54685	-1.09821	0.06459	-0.33572
-0.58770	-1.67742	-0.76472	-0.61059	-0.56283	-1.14307	1.29738	-0.87407	-0.27291	-1.21459	0.45337	1.45025	0.58520	-2.19145	-1.07328	0.29028	1.92660	1.51501	0.83612	-0.32105	-2.97618	-1.69872	1.20366	-0.43173	0.48349	1.00931	1.82663	0.70946	1.51176	-0.48541	0.20298	-0.12209	-0.84007	-0.81976	0.34088	-0.18424	-1.94239	-2.24355	0.13224	-0.67316	-1.55087	0.12598	-1.39381	-0.65305	0.55624	-0.57843	-1.12376	2.10683	0.03906	2.09547	-0.16022	0.37783	1.26478	-1.20368	-1.17639	-0.98699	-0.66723	1.07785	1.16965	1.25179	-1.79308	-0.04892	0.20748	-1.52120
-0.09697	-0.20078	-1.15793	0.69786	2.51018	0.45265	1.07721	1.23741	-0.73755	0.88047	0.17341	0.00184	1.13013	-2.61196	0.04376	-0.56174	-0.71156	1.49794	-0.57088	-0.28636	1.45544	0.00925	-0.49505	0.19333	1.92474	0.56045	1.75417	-0.66525	-0.18973	1.66349	0.65559	-0.49816	-0.10335	0.20040	-1.87748	-0.62149	0.08655	-0.69748	-0.94482	-2.07597	1.43849	1.92210	-0.79612	0.84387	0.88539	0.45844	-0.85834	0.79083	-0.37088	1.49557	0.43761	-0.47327	0.79052	-1.83352	1.85876	0.51759	-0.62089	-0.71231	-0.17089	1.63608	0.52367	0.48228	-2.16690	0.00146
-0.44623	-3.02773	-0.79110	0.81732	-0.17183	1.51074	1.46260	-0.22973	1.52055	-1.22318	1.47863	2.28809	2.33151	-0.89548	-1.74130	-0.59454	0.73581	1.81797	-0.85252	1.14006	1.92897	1.52720	-0.38375	-1.50516	2.77759	-0.64935	0.69545	-0.78160	-1.65671	-0.77501	-1.38788	1.49296	0.54822	-0.06203	-0.46156	-0.92303	0.79703	-0.02923	-0.80310	-0.09380	1.86956	-0.51574	-0.53169	1.15428	0.19502	-0.36476	-3.07113	0.26464	-1.61079	-2.46272	0.71776	1.10201	-1.65542	1.72427	2.36624	1.07165	-0.87982	-0.80907	1.06673	0.41029	1.39423	-0.20251	-1.31390	-0.62727
0.04076	-0.07023	-1.35914	-0.59115	0.42587	-0.02761	-0.19074	-0.56109	-0.93760	-1.60983	1.62960	0.09832	0.20148	-0.08309	-1.07039	-0.55038	0.12147	-0.48013	-1.87545	1.20534	-0.59953	0.46315	1.15420	1.31661	-0.19973	-0.08737	-0.35681	-0.20924	0.03100	-1.19693	0.36596	-1.46735	2.18269	-0.31158	-0.77861	-0.21171	-0.27965	-0.23359	-0.35829	0.11397	-2.70472	-0.07234	-0.62067	0.01359	0.69148	-0.73914	0.85653	-0.43391	-1.03778	0.68128	1.60962	0.61518	0.34699	1.98684	1.14964	-0.27682	-0.91140	0.81142	-0.17513	-1.53198	1.76986	0.09657	-0.56762	2.19332
0.10726	0.53793	-0.10691	-0.13301	-0.27083	-0.25920	0.27299	0.13681	-0.69012	0.16489	1.09350	0.11708	-1.10318	-0.61960	1.38943	-0.06497	0.46115	-0.72393	-0.56867	1.58063	1.30262	-0.44831	1.23222	0.37301	0.02231	1.64279	-0.92920	0.27327	-0.50570	0.41696	0.43968	0.55384	1.76298	-0.93003	-0.25922	-0.65861	0.13743	0.52944	-0.70877	-1.88013	-1.46425	0.94379	-0.37753	-1.03850	-0.70856	0.47552	-1.00235	1.28995	0.26094	-0.30444	-0.15820	0.21603	-0.53507	-0.02427	-0.83892	-0.43427	-0.03760	-0.79622	-1.38572	-0.05706	1.21236	-1.24009	0.95872	-0.28688
-1.00305	-1.13860	-0.39235	-0.20631	1.33827	0.73159	0.59582	-0.10553	-1.72727	0.53196	0.17343	-0.82421	0.47294	2.38663	-0.30554	0.19355	-1.72710	-0.30077	-0.10247	0.51730	-0.13188	1.06939	0.32023	0.19698	0.06674	0.58539	-0.11542	-0.73039	0.65114	-1.36935	-0.43295	0.01834	1.73545	0.65825	-0.84414	-0.48849	-0.72423	-1.24360	-0.24751	1.77131	1.67485	-0.12542	0.56591	-0.71788	0.32540	0.35430	1.95595	-0.44774	1.12831	0.20187	1.09400	-0.69380	0.24006	-1.08115	-1.68947	1.73741	0.41013	-0.71457	1.77254	1.25847	0.00910	1.38748	-0.42911	-1.17447
-0.33777	-1.02404	-1.05961	0.25104	0.52083	0.01746	-0.67978	0.08388	-0.24852	0.74329	0.12750	0.61836	1.53412	0.37205	0.07134	0.53435	0.43170	-0.11971	0.30877	-0.47984	0.37186	-0.67922	0.90308	0.72662	-0.10799	-0.13689	0.69328	-0.88259	-0.92334	-0.76872	-0.16980	0.13147	-0.08069	-0.32114	0.09743	-0.31480	1.37252	-0.64213	-1.48759	-1.29330	0.23624	-0.28811	0.85529	0.17055	0.25534	-0.69639	0.46026	-1.08981	-0.46267	-1.10424	0.48034	1.60386	0.16836	0.64696	1.25065	-0.21178	-0.12141	0.18879	-0.72974	0.85929	0.08702	1.64499	-0.07586	1.44502
-2.08414	-1.15884	-0.79758	-0.02824	0.20147	-1.47872	0.08618	-1.26349	0.64511	0.70800	1.52459	0.05372	0.79377	1.19503	-0.91127	0.81037	2.30055	0.99084	-0.03461	0.03887	-0.43907	0.48701	-0.70650	0.49786	0.04605	0.40296	0.14373	-1.17695	-1.00648	0.87815	-0.60089	0.53694	0.82939	-0.82200	-0.94886	-1.11027	0.45957	-0.67807	-0.11983	1.30900	1.55895	1.22443	1.05679	-2.02420	0.78888	-0.60519	0.84783	2.16246	0.40153	-0.51528	0.72544	0.88042	2.41428	0.89264	-0.62759	2.57206	-0.56268	0.64492	-0.49102	0.72856	0.57540	0.20495	-0.29255	-0.64108
-0.05992	0.39219	0.63136	1.11163	1.23747	1.19100	-1.46596	-0.74744	-0.04506	0.85827	0.05867	1.37546	1.41080	-1.36385	0.96947	-0.92214	0.16440	0.16229	-1.00150	-0.92756	-0.30719	-0.83659	0.19575	2.08340	1.21103	-0.08867	-0.72874	1.12708	-0.05002	0.48386	1.27092	0.08797	0.08656	0.76719	0.05806	-0.73187	1.21721	1.16445	-0.72451	0.72181	0.64708	0.99572	-0.06810	1.45219	-0.86841	1.29796	0.14473	0.38404	-0.66970	0.36634	0.48650	0.78005	-0.14480	-1.04465	-0.77502	1.70222	-1.97398	-0.39172	-0.53769	0.31698	-0.50050	0.43913	0.79118	0.72058
-0.54227	-0.05975	0.57355	-2.22428	2.24602	-0.26424	-0.26590	1.47268	-1.12002	-0.46587	0.18348	-1.02207	1.43823	0.33912	-0.37766	-0.18687	0.55110	1.87387	-1.34249	1.55336	-0.59113	1.62960	-1.31412	0.80354	-0.57574	0.58373	1.28632	-1.43470	-0.94354	-0.54007	-0.23177	-0.37541	1.26649	-0.42359	-1.71727	-0.91187	2.22227	0.28428	0.24687	0.18694	-0.19314	-0.25366	-0.93263	-0.51686	0.43405	-1.74135	-0.11239	1.21271	-0.33862	0.39079	-0.85186	0.21362	-0.39283	-0.34141	2.64855	-1.24101	-0.11525	-0.12040	-0.86591	0.99858	0.75503	-0.72294	-0.42328	1.48677
1.07869	0.04015	0.03616	-0.20075	0.22552	1.32421	0.41253	-1.01033	-0.21569	-1.38085	0.58967	1.03913	-1.16690	0.16504	-0.24289	-0.16055	0.07448	-1.67702	-1.12176	-0.68829	-0.70269	0.98192	1.46491	0.18602	-0.91735	-1.15673	-0.26787	-1.28797	-1.63882	0.86182	-1.56326	0.58080	2.86511	1.12872	1.74693	-0.17987	0.06645	0.39542	-0.15395	1.14106	0.93094	-0.12733	-0.36325	0.11135	1.65777	-0.46779	-0.42973	0.52804	-0.28071	0.39318	1.12980	-0.17694	-0.21679	1.15621	0.74110	0.59731	-1.42707	2.26626	1.74771	0.36640	0.68896	-1.17167	-0.37468	-0.80945
-1.13570	-1.45141	0.65127	0.85212	-0.95144	1.66856	-2.06164	-0.08124	-1.56125	0.35606	-0.93715	-2.36059	0.79711	-0.65517	-0.07656	-0.30798	-1.36374	-1.59260	0.27183	-0.75011	-1.07991	0.91790	2.20738	0.05064	-0.47769	-1.80847	-0.31005	-1.48272	-1.09949	1.22291	-0.75231	0.48405	-2.09640	-2.25094	0.08537	0.18439	-0.55244	2.52302	1.81752	0.21592	0.21351	0.83220	-0.25707	0.66588	0.17066	1.08862	1.66955	-1.30505	-0.23707	0.24994	1.23856	-0.04386	-0.26173	-0.41619	0.35989	0.48495	0.88402	0.41684	-0.86741	0.06256	0.00876	0.61348	-0.29096	-0.29342
1.32699	-0.27583	0.78097	-1.20829	0.38314	1.07782	0.03367	-0.94180	-0.31766	-1.05006	-0.74602	1.25759	-0.43919	0.04045	-0.73297	-1.04256	-1.37327	-0.16809	-0.75306	0.33951	-2.33883	-0.19693	0.35656	-0.70465	-1.83454	-0.42657	-2.30127	-0.42921	-1.32570	0.16071	-0.05199	-0.75495	0.69006	-0.62801	0.87018	-0.49938	0.03463	-0.63579	-0.25023	1.12111	0.12535	-0.24311	-0.10574	-1.83049	1.26910	-1.13113	1.08267	-0.20990	0.12071	-1.04958	-0.36153	-0.18125	0.88380	0.20946	-0.39212	-0.20566	1.14866	0.28957	-2.05701	1.67964	1.32116	0.07245	0.31752	0.34164
1.83606	0.16105	-0.40415	0.72160	-0.38032	-0.99110	1.25522	-0.69480	-0.08773	1.01980	0.79212	0.14017	0.00925	0.77401	0.17728	0.74745	-1.25129	-0.38706	1.08638	0.50432	0.16169	-1.16614	-0.32508	-0.01478	1.44489	-1.13733	0.17901	0.62911	-1.26794	0.82170	-1.26420	1.89556	-0.52194	1.03860	-0.67210	-0.06551	1.12915	0.09924	-1.35781	1.17980	-1.22989	0.60433	-1.45554	0.50207	0.78335	0.29051	0.21483	0.97547	-1.30578	0.21261	-0.36577	-1.12957	-0.62835	-0.78613	0.78504	-1.21752	-0.49523	0.51896	-1.15814	-0.77852	1.20932	-0.36262	-0.37370	0.22660
0.70916	2.13987	0.79856	-0.78670	-0.22115	-0.59475	-0.60533	-0.74785	-1.12235	-1.50668	-1.58218	0.67425	0.84094	0.79181	1.65298	0.61842	0.83326	0.88934	1.56699	-0.02198	1.09531	-0.37671	-0.40704	1.45364	-0.26762	-0.06309	-0.52318	0.06640	0.08656	-0.15113	-1.11733	0.42042	-0.15358	-0.52115	1.03808	0.69577	0.48142	-0.55896	0.06732	0.43234	1.28771	-0.62026	0.92642	0.16772	-0.77129	1.16042	-0.12896	-0.99676	-0.76592	1.59309	-0.80226	-1.74524	0.23784	-0.18725	-0.58284	0.53921	0.90504	-0.69252	0.14471	-0.19429	-1.21302	1.08937	-0.72407	-1.68395
-1.78941	-2.06520	-1.39648	-0.70185	-0.22153	-0.27409	-2.15281	1.47330	0.24315	1.91009	0.57930	1.10933	-0.17906	-2.38915	-1.12550	0.20441	-0.13241	0.96593	0.82050	-0.23292	0.00698	0.70217	0.47681	0.51082	-0.26658	-0.11221	1.04886	-0.50305	0.58324	0.30030	-0.82936	-0.79726	0.29330	0.21268	-1.31848	-1.64058	0.92475	2.10856	0.23303	0.99204	-0.51696	-1.35780	0.01820	0.18325	2.09982	-2.38204	-0.64687	0.82895	-1.34161	0.90300	-1.04855	0.22425	-1.74214	-0.76444	0.19449	1.28333	-3.06255	0.12876	-1.41585	-1.61174	-0.08905	-1.08221	-0.95910	-0.22716
-1.21103	-0.47602	1.06696	0.17071	-2.68770	-1.42843	-1.56837	-1.52109	1.19593	1.39169	0.08800	-0.90383	0.10380	0.03005	1.36400	1.92673	-1.07184	0.07093	0.07329	0.31561	-0.48784	1.10600	-1.83964	0.38355	-0.95136	0.70122	-0.94125	-1.60838	-0.73851	-0.32255	-0.14256	-1.14112	0.05473	-0.40190	-1.47816	0.25964	1.95228	0.16059	-0.09749	-0.83536	-0.66014	0.64567	0.16365	-0.12088	1.10718	0.28538	0.40613	-0.85816	0.52200	0.75462	-1.54736	0.14617	0.28506	0.45676	-0.19641	1.03514	0.07508	1.51955	-0.08623	1.57514	-0.00980	-0.01609	-0.66349	1.45117
0.39667	-0.41899	0.12066	1.53118	0.71005	-1.03487	-0.07595	0.60222	-1.37448	-1.36610	0.97894	1.79438	-1.16974	0.68168	-0.42743	-0.94066	2.30951	0.78442	0.46806	-2.32540	0.48615	-3.30155	1.93169	0.77643	-0.45632	0.31100	0.61293	-1.39994	1.17813	0.85793	-0.23513	0.93032	0.72286	-0.81921	-0.23119	-0.56225	-1.16133	-0.30762	-0.25894	-0.92703	1.65928	-0.07780	-0.68114	-0.11142	-0.00486	0.49078	2.37277	-0.70982	0.50306	-1.13784	0.27296	-0.22925	-0.89097	-0.56362	1.58528	1.19820	0.98679	0.46026	-0.89730	-3.25297	0.85226	0.15892	0.17645	-0.13650
0.16973	-1.36121	1.40669	0.05310	-1.13242	-0.27036	-0.64015	-0.20219	-0.01404	-0.51657	-0.08412	1.18647	-0.31698	-0.22357	-1.08705	-0.83548	-0.87921	1.08774	-0.14195	1.28447	-0.93203	0.42304	2.38601	0.80156	-0.28046	-0.75323	-0.56149	1.13533	-0.69308	1.20956	0.62004	-0.29353	0.32835	-0.47702	-1.23373	-0.92377	0.81218	1.81920	0.61592	2.27614	1.35783	0.45526	-1.14781	-0.50354	1.06698	-0.26558	-0.39119	-0.72496	-1.27872	-1.33912	-1.15066	0.18559	1.04015	-0.04406	-0.28722	-1.02648	0.06830	0.09432	-0.12236	-1.81718	0.13776	-0.38275	0.00864	0.13437
-0.50018	-1.03513	0.01015	0.54093	-0.14098	-1.61121	-0.10436	-1.38980	-0.40365	0.56062	-0.46230	-0.82283	-1.04894	1.17520	-1.02780	0.26095	-1.60760	-0.31496	0.91314	0.26676	0.42567	-0.54902	-2.56968	-1.37383	-1.07864	0.76179	0.80488	1.17475	0.96559	-1.04611	-0.56740	0.32959	-1.11004	-0.70645	0.33594	0.33478	0.04665	-1.35695	1.27135	2.06809	1.02987	-2.35496	1.91081	0.88436	0.55514	2.04170	-0.39962	0.71589	-0.73762	1.73366	-1.08454	-1.41927	0.26414	-1.03990	-0.30862	-2.14394	0.16167	-0.82078	1.34682	1.54485	-0.05269	-1.43903	-0.56739	-0.44797
1.17967	-0.87846	-0.87833	0.64423	-0.35957	-0.07538	-0.43858	1.31553	-0.22284	0.97122	1.65309	-1.66925	2.01857	-0.76380	1.85586	-0.20525	0.02648	0.89848	0.17232	-1.20504	1.47884	-0.36538	1.04665	0.43758	-0.94476	-1.61858	1.51153	-0.88141	1.44377	0.95211	0.27164	1.98574	-0.06267	0.98578	0.46332	-0.69467	-0.31340	-1.41036	0.26786	-0.28149	1.90175	0.71950	0.01615	-2.67467	-0.62109	0.68452	-0.35349	-0.63844	-1.05800	-0.45357	-0.50976	0.84064	-0.65483	0.56830	-0.81309	1.13192	0.08716	-0.14864	1.63958	-0.96919	0.56330	1.07715	-0.06520	0.90097
0.02866	0.42000	0.76302	-0.15099	-1.17763	0.06550	-0.51963	-0.11814	0.26226	2.29979	0.31865	-0.26504	-2.00817	-0.26535	-0.90881	-0.03271	-0.48810	-0.79343	-0.19585	0.72621	0.66416	-0.26324	-0.59716	0.12812	-0.71483	-1.27875	-1.01901	-1.18068	-0.19038	0.34416	0.97966	0.37948	-1.08515	-1.15018	0.17926	1.57855	0.26510	-0.74533	1.20321	0.99914	1.88969	-2.58427	-1.07719	-0.70274	-1.48306	-0.22402	-0.51023	0.81931	-0.88121	-0.77368	-0.95676	2.06905	-2.04742	0.60307	0.97243	1.84406	0.06622	-0.22785	-1.07420	0.26068	-0.44195	-0.26222	-0.77544	-0.25513
0.88639	-0.45580	-0.01191	0.41386	0.64236	2.07030	0.91940	-0.11106	0.41767	-0.30162	0.17787	-1.23070	-1.62329	-1.01384	0.42538	0.26104	-1.05070	0.12192	0.28104	-0.02669	0.19449	-0.35598	-1.22073	0.00833	2.02548	0.11532	-1.81195	1.48038	-0.23758	-0.27990	-0.93799	0.27160	-1.21617	-0.72547	0.30302	-0.21700	-0.83564	1.08874	-1.20178	-0.94888	-0.25048	2.15108	1.00781	1.67571	-1.07577	1.72393	-1.29673	-0.36274	1.76224	0.00555	-0.58501	-1.13958	0.28659	-0.68465	0.99214	-1.56984	-0.21608	-0.86818	0.48919	0.28418	-0.02251	1.07389	0.98835	-0.03698
-0.33610	2.01224	-0.89735	-1.42282	0.85382	1.07439	-0.63742	0.40844	-0.89433	-0.46876	2.21982	-1.10694	0.27559	-0.75360	0.11494	-1.08788	3.10397	-0.02886	-2.41536	1.17248	-0.54122	-0.63893	-0.10794	0.06411	-0.15165	0.09352	1.22578	-0.81598	0.48504	-1.20595	0.33286	1.21840	0.44671	-0.08331	-0.06512	-0.26542	-0.48419	-0.89425	-1.29258	-2.00735	-0.40006	2.37606	1.45161	0.81016	-0.92250	-1.36284	-1.88924	0.02560	0.96462	-2.02203	-0.90863	1.16883	1.77333	-0.41729	0.36303	-1.54384	-1.03692	-0.13870	-0.66380	-1.66695	1.01204	-0.94025	-0.33491	-0.98170
-1.20179	-1.31066	0.00928	-3.20269	2.33499	-1.08378	-1.17996	1.81299	0.00148	-0.17892	0.42615	0.48070	-1.92427	1.77450	0.87163	-1.62942	0.79089	-0.56503	-1.18291	-0.17774	-1.19396	-0.88971	0.27383	0.25557	-1.98011	-0.79942	0.86774	1.12520	-1.91761	-0.41573	0.46022	0.75521	2.07188	-0.82798	-0.04703	-1.58813	1.38285	-0.33200	1.60050	-0.69083	0.30223	0.94898	-0.48685	-0.00188	-1.62644	-2.74688	-0.57290	-1.22182	1.05323	0.16427	0.19088	-0.90344	-1.86653	0.23293	0.86906	0.65918	-0.15601	-1.07634	0.85871	-0.43869	0.51883	0.23956	0.99265	-1.62644
1.25463	-0.99293	-0.56871	-0.18086	0.32889	2.36900	0.46788	1.50200	-0.15126	0.21850	0.46245	0.92717	1.83480	-1.39653	0.89819	0.52462	-0.14772	-0.35045	1.17792	-0.14140	-1.82030	0.16494	-2.20263	0.27569	0.46133	-0.18693	-0.82477	-0.63497	-2.70683	0.96027	-2.02789	1.35694	-0.46176	-0.46192	0.32703	-3.41092	1.23440	0.46763	0.17221	-1.42449	1.31214	2.61229	0.47031	-0.30965	-0.31011	-1.57622	-0.51711	1.61521	-0.39354	-0.35993	2.04326	-0.01132	0.20886	-0.12127	-2.30380	2.47035	-0.73686	-1.92642	-0.78545	0.57141	-0.81359	0.22520	-0.20087	-0.51775
-0.58525	0.93295	-0.42868	-0.47160	-0.69549	0.93139	-0.41689	0.70495	-2.42309	-2.02846	-0.81699	1.27739	0.93547	0.04097	-1.23322	0.35889	-0.53237	-1.06776	-0.10984	2.01939	-0.58656	1.25255	-0.36461	-0.47955	0.33621	1.67237	0.04170	0.73706	-0.78693	-0.08215	-0.05568	0.18868	0.08242	-3.04232	1.76053	2.11504	0.91354	1.21792	-1.91411	-0.20517	-0.52860	0.07394	0.37949	0.43155	0.15226	0.47954	-0.84802	0.94912	-0.27884	1.15398	-0.58400	0.46882	-0.98121	-0.86871	0.46990	1.02297	-0.14897	0.49211	1.90452	-0.55395	-1.16291	-0.44749	-0.28537	-0.22800
-0.76339	1.47311	0.24947	-0.08732	0.69145	0.87526	2.15188	0.55137	0.65130	1.16450	-0.03738	2.45938	-0.23210	-0.76196	-1.65228	-0.88574	-0.08118	0.90962	-0.89444	2.51515	-0.26047	-0.63971	-0.42799	2.29304	1.39715	0.14115	-0.18463	1.19682	-0.89149	0.87431	0.84569	0.16246	0.32462	0.71141	0.02405	1.22723	-3.16056	1.57275	-1.37175	-1.76397	-0.17053	0.62449	-1.00476	-2.04638	-0.02577	-1.87547	0.29705	-1.45095	-1.99022	0.38227	2.44847	1.36857	-2.08904	0.59798	-0.51134	-0.36036	-0.19638	0.21705	0.35867	0.44702	0.43351	0.65303	0.32651	-2.21163
-0.44557	-1.17812	-0.76449	-0.82297	-0.27846	1.49263	-0.61698	1.00926	1.06740	-0.37389	0.20237	1.84575	-0.75026	-0.75488	-1.11100	0.04021	0.00755	0.14679	-1.36915	1.00032	-0.01410	1.12681	0.48067	0.47513	1.51932	0.16497	0.05103	-0.57682	-1.12165	0.80161	1.08804	-0.11757	0.02781	-0.19559	-0.49941	0.06451	1.17585	1.32720	-1.66248	-0.63054	-0.57387	-0.72344	4.36965	0.92581	-1.70665	-0.57850	-0.42747	2.05003	2.96832	0.14172	0.96654	0.29109	-0.37573	-0.84029	0.24307	-0.85971	-1.26928	-2.58140	-0.23406	1.01188	-0.73321	-0.20784	-2.36113	-1.93647
0.02863	1.72723	-0.10986	-1.97341	0.29861	-0.42157	-0.40973	0.71255	-0.33823	1.10224	0.35065	1.02927	0.35310	0.13393	2.30036	0.82899	1.66786	1.38310	-0.66450	-2.23089	-0.32292	0.70939	1.38473	-0.11612	-0.80031	0.48613	0.69543	0.38570	-0.92788	-0.24014	-1.88684	-0.43134	-0.01218	-2.67527	0.49808	0.58767	-0.51639	0.16756	-2.21924	-0.52941	0.29133	0.50970	0.27350	-0.07428	-1.10091	1.12903	0.97221	-0.12331	0.42563	0.54887	0.65039	2.21324	-0.88434	-0.19664	0.98272	1.06307	2.90641	-0.57089	1.09584	0.32278	1.21066	-0.02318	1.10132	-0.48827
0.11518	0.59966	0.28056	0.61357	-1.53757	-2.42051	-0.19909	1.22018	-0.10067	1.52412	-0.31938	0.43475	-0.63707	0.18346	-1.02175	0.08464	0.23081	0.46335	-0.95788	0.11869	1.12246	-0.23389	1.48213	-0.10238	-0.67478	-0.59870	1.49762	0.31015	0.96136	-0.50968	1.00580	-0.53542	0.96091	2.28992	0.98626	1.09135	0.68286	-0.62492	0.43517	0.97322	0.86607	-0.07553	0.07628	-1.36945	-1.60279	0.15731	-1.62671	-0.63216	0.64310	1.34492	0.09150	-0.00608	-2.09906	-0.09878	2.29103	0.91303	0.02854	0.84830	-1.14264	-1.08169	1.35706	0.92393	0.01391	-0.62698
-0.22451	-1.38403	1.47581	-0.96044	0.93240	0.34545	-0.51641	-0.99903	1.04152	1.03430	-1.38794	-0.90395	-0.52465	-1.01446	0.56142	-0.44690	-0.18105	-0.53380	0.76096	0.52743	-0.16350	-0.66256	0.11969	-1.09191	-0.55736	-1.30611	-0.46938	-0.16896	2.53464	-1.45720	-0.54220	-1.35921	1.01998	1.97862	0.73387	1.31214	-0.17242	0.25686	1.66366	0.71453	1.32145	0.55165	0.71005	0.06365	1.43773	0.08256	-0.22554	0.69613	0.23765	0.94565	-0.16564	0.20844	0.27337	0.75796	0.83421	0.11428	-2.00206	0.52365	0.61983	-0.31629	0.66621	-1.41478	-1.22123	1.54043
1.24823	-1.36526	1.49496	1.97701	-0.89674	0.98593	-2.19556	2.04600	-0.19320	1.69688	-1.39387	-0.67592	-0.34705	0.66624	-0.19475	-0.17342	-0.25524	-0.42131	0.24468	-0.80478	-0.52836	1.02053	0.58937	-0.61084	-1.30084	-1.74820	1.13320	0.63860	-2.05848	-0.65298	0.99697	-0.90968	0.90691	-0.82181	-0.52894	-1.51626	-2.33356	0.09944	-0.47062	0.25610	0.95658	0.42257	-0.55785	-0.36816	0.73024	1.23029	1.36122	1.45855	1.12328	0.94950	0.42251	-0.28713	1.36326	0.38468	-0.28518	-0.87862	-0.83386	-1.34932	-0.07472	-0.01642	0.00826	1.63212	-0.73709	-2.44471
-0.36052	0.17477	-0.00436	0.32562	1.21237	0.29356	-0.02337	0.28979	0.91770	0.01850	0.40508	-0.59860	-0.54041	0.41776	-0.18475	-1.05945	0.60818	-0.39616	1.04275	-0.38150	0.89716	0.07090	1.06974	-1.23063	0.14152	0.28512	1.47582	0.03152	0.30379	0.56525	-0.93507	0.37358	0.70413	-0.31604	0.02623	0.24780	-0.67408	0.53707	-0.02668	0.87709	-0.91476	0.78720	0.63561	-0.31159	-0.72296	-1.42525	0.76138	-0.02413	-1.22055	-1.64122	1.96860	0.15448	0.37462	-0.82336	0.73060	-1.07024	-0.34339	-0.24651	1.66406	1.46477	0.48894	-0.71672	-0.14446	0.46427
1.48629	-1.64475	-0.32034	-0.33860	0.12189	0.29935	0.72179	-1.17243	-0.62573	-0.20006	-0.59392	0.16129	0.13118	0.79159	-1.77013	-0.56809	1.29086	-1.04169	-0.94676	0.44217	-1.13762	-3.54061	0.42406	1.37501	-1.60110	0.38351	-0.12883	-0.13918	-0.50408	0.45539	0.74677	-0.74614	-0.66502	-0.13857	-1.27843	3.21183	0.76830	0.43291	-2.50538	-0.09128	0.47320	1.40070	-0.58650	-0.12413	1.45578	-1.84220	0.70752	-0.89861	0.77814	0.98826	-0.98460	1.52597	0.00079	1.18193	-1.07637	-2.06914	-0.01415	-0.94184	0.26622	-1.71396	1.45484	-0.10374	0.62963	0.66417
-0.83376	0.10572	0.75674	0.34664	0.10298	3.25026	-0.19423	-0.61296	1.40638	0.11740	0.81382	-0.72336	-0.49526	0.25300	0.57681	1.64365	-1.80364	-0.61986	-0.13186	1.08691	-1.09569	0.87932	-2.35960	0.30963	1.24417	-1.68770	-0.70940	-2.10562	-0.17119	1.82963	-2.28516	-0.78487	0.71467	0.32691	-0.13759	-1.47627	-0.40212	-0.07464	-0.35629	1.49056	-0.79628	2.05415	0.14387	2.15466	-0.57796	-1.60118	-0.95852	0.84772	0.53041	-0.35080	1.19894	1.04947	-0.10640	0.43205	1.64289	0.35063	-0.49010	-0.96210	-0.13050	2.24928	-0.08056	-1.29761	-1.31018	0.61746
0.77609	-0.78398	-0.50246	-0.37317	-0.09890	1.72510	2.11049	-0.41011	0.75879	0.02313	-0.54375	-0.31679	-0.16399	-0.52301	-1.06500	0.88778	-0.66225	-0.13771	-0.79461	1.09910	-1.34113	1.06445	-0.13043	2.01377	-0.05490	-1.52888	0.38435	0.73087	-0.09519	-0.11736	-0.98817	-1.09873	1.60546	-0.17205	-1.21574	0.65901	-0.33883	1.59262	-1.89029	-2.55174	-0.56365	1.54325	0.27831	2.39570	0.36098	1.06260	1.59059	1.24810	-1.86706	1.11589	0.01858	-0.19372	-0.96273	-0.55408	1.54818	0.36782	-0.66416	-0.89717	0.37496	-1.90187	0.60296	0.33720	-2.10843	-1.42053
-0.19885	-0.13423	-1.49448	0.91684	0.11524	0.49925	1.05481	-0.66189	0.96431	0.71303	0.71058	0.02229	0.08495	0.11884	1.67112	-1.10828	1.16656	-0.69594	-1.83881	0.41731	-0.15895	-0.87847	0.21565	0.71295	1.47309	0.06785	-0.35364	-2.77796	-0.55720	-1.90957	0.01772	-1.29819	2.22212	-1.13869	0.37869	-2.03838	0.01948	-1.06611	-0.48735	-0.32030	-0.39617	0.36190	2.04130	-1.03974	-0.33276	-0.27876	0.44212	2.31107	-0.32721	-0.71673	-2.06076	0.15835	1.14430	-0.15424	-0.21759	-1.62001	-0.31046	-0.48467	1.46663	-0.84420	0.03796	0.21901	-0.02608	0.05605
-0.02396	-0.07559	-0.10432	-0.17166	-0.18843	-1.07886	-1.02152	0.35106	-1.34102	-0.65259	0.33597	1.46684	-0.64398	1.74016	0.26619	-1.30387	-0.81720	0.21759	1.22920	0.03525	0.09597	-0.13137	0.42215	-0.53801	0.26096	0.27800	-1.58143	-0.11904	2.31255	-0.06117	1.34473	0.29579	0.26600	0.97052	-0.92699	-1.10348	-0.76219	-0.65774	-0.34649	-0.47342	-1.65435	-0.73509	-0.80545	1.09868	1.23775	2.10150	0.27150	-2.08427	0.68272	0.22268	1.80836	-0.32087	1.03209	0.80603	-2.47189	-0.32559	2.70583	-0.04445	-1.59624	-0.01630	0.76324	0.67411	0.31965	1.14269
-1.84436	-1.72626	-2.93447	0.08070	1.03434	1.55116	-0.33127	3.60453	1.31435	1.54467	1.29339	1.21924	0.12150	0.56342	1.14924	1.46621	1.45596	0.31607	0.42684	0.49189	0.50571	0.86908	-0.57142	3.36329	0.49625	1.69259	1.54057	-0.22308	-0.42131	1.65024	0.81176	0.69806	0.04532	0.49604	-0.95290	-1.69912	0.74477	0.43155	-2.08666	-2.39302	-1.21746	-0.63683	0.82502	1.69251	-0.68038	-0.32708	0.77729	1.75588	0.48279	-0.41327	-0.01656	-1.41600	-0.21586	0.28134	-0.00252	0.59733	0.27628	0.50737	-1.97316	1.33108	-1.19655	-1.61516	-0.96298	2.08731
0.55438	0.78348	-0.19250	-0.85692	1.01569	1.14622	-0.18873	2.79522	-1.78638	1.56337	0.59741	0.34986	-0.08074	0.12614	1.17908	0.06955	0.01281	1.74862	-1.76049	1.52037	-1.70873	1.85444	1.83249	-0.03903	0.50109	0.87255	1.12621	-0.38134	0.05956	0.73067	0.84652	1.15596	1.05767	-0.18346	-0.22492	-0.02853	-0.33847	0.99945	-0.47189	1.28638	-1.19007	0.05004	1.36968	0.48160	-0.24088	-2.03534	0.40442	-1.34443	1.28227	0.68041	-0.88184	2.12909	-0.24732	-1.05771	0.48295	1.83609	-0.72554	-0.81407	-0.93599	-0.23994	1.05047	-0.73964	0.33406	-0.73197
0.53335	1.46291	0.00625	-1.00424	0.85256	0.40721	1.03384	1.13534	0.87846	-1.17605	0.44128	-0.81830	0.68288	1.65619	-0.05569	-0.45031	-0.46198	0.02556	0.59961	-0.96084	0.12207	-0.03015	-2.04864	0.21049	0.63179	-1.10887	0.23721	-0.28929	-0.96763	-1.80202	-1.91605	0.79259	1.36287	1.17102	0.60407	0.44967	1.34301	-0.12458	-0.68326	-0.15073	0.77952	0.75044	0.13136	1.53653	1.72661	-0.27725	-1.66076	0.76479	0.51751	0.72242	-1.07078	-0.43794	-1.21531	-0.37478	0.27417	1.34802	-0.55362	0.61928	-1.51871	0.05633	-0.57289	0.15905	-1.14025	-1.06668
-1.19214	0.49787	0.12608	-0.55512	-1.21596	1.26260	-0.48081	1.63997	0.32013	-0.83266	-1.27110	-0.65153	-0.05077	-0.90070	-1.01627	0.55272	1.23648	0.66250	-0.43320	0.00906	0.75803	0.65604	-0.35375	-1.51580	-0.02136	0.85025	0.99657	1.26455	0.52809	0.30903	1.95814	-0.07631	-1.57289	-0.36906	-0.39321	-1.45428	-0.39623	-0.17099	-0.35216	0.28638	-0.53136	0.25829	-0.31095	0.80975	1.06625	-0.19586	-0.36856	0.30255	1.12454	0.61148	1.17565	-0.17418	0.53604	-0.91858	0.98438	0.92749	0.80613	0.43618	-1.23407	-1.74050	0.34556	-1.42238	0.48559	0.31621
-0.67685	0.69497	0.15064	-2.13210	-0.51801	2.48866	0.60159	-0.06756	0.21483	2.16769	0.68900	2.20717	1.67672	-0.69600	-0.46938	-1.55317	-0.27732	-0.30122	-0.99029	0.92400	0.16651	2.51962	-1.70401	0.84356	0.32880	0.85245	-0.50302	-0.07148	-0.59954	0.53014	1.02185	0.40795	-1.23280	0.15004	0.90150	0.33297	-0.62258	0.04397	-0.89583	-0.92885	0.63723	-0.37858	-0.89465	0.01911	-0.43654	-0.27105	-0.51494	0.53094	0.94186	0.86688	0.89301	-0.42938	-0.29911	0.02286	1.74612	-0.18767	0.46008	0.53819	-2.91906	-0.37251	-1.69164	-1.37115	-0.34554	-0.17395
0.32812	-0.96437	0.46889	-0.68992	1.33879	0.82800	1.55367	1.65343	-1.02073	0.35540	-0.62421	-0.07644	0.75495	-0.36902	0.06395	0.97952	1.54894	0.85680	-0.47307	0.37997	-1.67593	-0.27922	0.23139	1.32895	1.13257	-0.16637	2.14994	0.03135	0.31555	-0.73559	0.21595	1.21134	0.50144	-2.04876	-0.07508	0.51507	0.59757	-0.97420	-0.07020	-0.75345	-0.29798	-1.48116	0.77628	2.38029	-0.10120	-0.28603	1.51088	1.90516	0.41362	-0.55057	-0.92571	-0.76595	-0.04664	-0.38553	-0.92586	-0.08046	-1.47395	-1.17606	-0.60167	-1.26912	0.07133	1.25920	0.10825	-2.05364
0.93062	-1.63483	-0.18121	0.68737	0.64208	-0.67969	0.08528	-0.06471	0.17384	-0.66449	-0.85711	-0.05264	0.07195	0.54971	-0.01896	-1.92147	1.80005	0.17194	1.32265	-1.08759	0.55128	-0.88004	0.04433	1.16411	-1.68553	0.30731	-0.26873	-0.88188	-2.51641	-0.92650	1.76326	-0.29860	2.14903	-0.15768	-0.12206	-2.28953	0.30747	-2.11821	0.82013	0.57692	2.33842	0.56081	0.86107	1.38448	0.10867	-2.04438	-0.13130	-0.52011	0.94133	-0.20121	-0.22453	-1.22386	1.22164	0.30174	-0.06582	1.67307	0.23037	0.23464	-0.72491	0.27938	1.05203	-0.57949	-0.93751	-0.52379
-0.18619	-2.43594	-1.48392	-0.61422	0.11348	0.05467	0.69340	-0.06322	-0.60741	-1.07814	-0.34598	0.01508	0.02257	-0.33754	0.46614	0.59689	-0.69266	-0.10436	-0.47135	0.98030	-1.75801	-1.60107	-2.07007	0.35417	0.18042	1.39584	1.69100	0.22090	0.02089	-1.24671	0.10375	0.57773	1.45411	0.44278	0.14995	0.51020	0.46497	1.60863	0.23380	-2.99346	0.45068	0.19424	1.65976	0.36278	1.09172	1.27268	-0.44509	0.92862	0.50388	0.03305	-0.23247	1.88650	0.72043	0.36707	-0.07492	-2.33060	-0.42258	-0.17038	0.43451	-0.17095	0.16465	0.87603	0.37001	0.71358
-0.97860	-0.48184	2.49403	0.24760	0.18919	0.13986	0.09744	-1.32163	-0.54397	-0.56275	0.57753	1.15406	-0.04741	-0.45440	-0.78500	0.01033	-0.46698	0.51836	-0.37489	-1.17814	1.15258	-0.32027	1.53660	-0.90569	-0.58250	-1.16217	-1.23834	0.29083	-0.62956	0.41939	0.76821	-2.86663	0.33232	1.22960	1.35839	0.02051	-2.15849	-0.89279	-0.08746	-0.87317	-0.10717	1.45675	1.18359	-1.00528	0.68761	0.04923	0.77385	-0.58080	1.90362	-0.31399	0.82758	0.17898	0.90765	-0.72309	0.44292	-0.99102	1.86121	0.25280	1.32766	-1.07361	0.38647	-0.02378	0.48958	-1.38424
0.29964	0.59724	1.72852	-0.37842	0.16084	0.61603	-0.92936	-0.78167	0.40541	-0.60966	1.23251	0.58971	1.23932	-0.53377	1.12990	0.70066	0.94029	-0.09108	0.51711	0.12136	0.95975	0.44848	0.22127	1.31736	0.18626	0.11745	1.24738	0.00404	0.33567	-0.51211	-0.32432	-1.32018	0.36336	0.15518	0.26029	-0.63729	-1.67574	1.01833	0.35162	0.42709	0.49358	-1.59901	-1.01157	0.12048	2.46694	-0.18246	0.19758	1.00667	-0.24141	-0.32323	0.74464	-0.09107	-0.44058	1.37253	0.35063	-0.30196	0.65772	1.53673	1.21029	0.90036	-1.82549	-0.39379	1.35348	-1.56861
-0.07023	0.28915	-1.16212	0.06308	-0.93003	-0.20430	1.02513	-0.34967	0.59700	-0.57954	1.40134	1.46888	1.56866	-0.13723	0.81369	2.90563	-0.54977	-0.12169	-0.09064	-0.10700	0.50425	0.09741	-1.21720	0.10712	0.51026	1.10859	0.00086	-0.32015	-0.46461	0.86355	-0.68124	0.22663	0.96565	-0.97078	1.61689	0.69567	0.86932	-0.67077	-0.22883	-0.53523	-0.36604	1.23034	0.53664	1.95325	0.05233	-0.46068	-0.20366	1.73433	2.67031	-2.20621	0.24122	-1.10654	0.68196	-0.47150	-0.26237	0.78753	0.35791	2.43599	0.39195	2.08702	-1.26209	-0.25000	-1.84422	-0.90215
0.14633	0.95384	0.54512	-0.93654	1.87113	0.34296	-1.01897	-0.34117	-0.89415	-0.75477	-0.03457	0.93553	1.07797	-1.26656	-1.03094	-1.15042	-0.83361	-1.45700	0.40984	-1.32043	-1.92616	-0.50660	0.69812	1.91884	-0.29858	-1.24352	-0.50143	0.15104	-0.53733	0.52951	0.88744	-1.69845	1.71091	0.29504	-0.28657	-0.79703	-1.44020	1.19142	-1.64994	-1.93570	-2.05697	1.32753	0.30384	0.77221	0.25245	0.29196	0.14134	-0.89078	-0.42394	1.73413	-0.12327	1.20413	0.32476	-0.60012	-0.55400	2.41837	-2.36251	-0.34365	0.08318	-0.66548	-2.23537	0.45740	1.08703	0.45135
-0.69925	-1.95326	0.67456	-0.04431	0.64785	0.91392	1.43040	-0.43095	-0.30761	-0.92529	0.52349	-0.87466	-0.02845	-1.09965	1.44852	2.82720	1.59957	0.32778	1.91409	-0.39034	-1.67581	-0.85451	-1.90076	-0.46211	-0.84062	-0.18899	1.79394	-0.42545	0.54624	-0.94471	0.24186	-0.31080	0.94777	-0.37443	-1.33466	0.21462	0.77759	0.76195	-1.48953	-0.09335	0.68318	1.00716	-0.20299	-0.87629	1.60085	0.67415	-1.11076	1.93593	-0.38971	0.04444	0.35879	-0.15127	0.55386	-0.77966	0.01967	-0.21585	-0.78300	-0.40398	-0.34704	2.73117	0.00514	1.78564	1.04575	1.49027
-2.36852	-0.88531	1.09825	1.10742	-1.25147	-0.99121	-0.27861	1.09017	0.16541	0.15924	0.30817	0.22546	-0.04507	-0.53484	0.39799	-0.36051	-1.48870	-1.58061	-0.90758	0.72210	0.76456	0.43530	1.46500	0.61742	2.27278	1.49329	-0.08896	-0.25770	-0.15569	0.18534	0.54157	0.93378	-0.68074	0.50200	-1.78679	0.25199	3.16579	0.30480	2.79933	1.61724	0.43031	-0.70279	-0.21432	0.02692	-1.96027	0.72657	-0.07378	1.65052	1.73291	-0.12728	-2.72202	1.16518	0.44798	0.56554	0.26877	1.24731	0.96511	-2.11953	1.77464	-0.44040	0.53092	0.85507	-0.68718	0.41905
1.81598	1.42980	-0.45903	1.17331	0.38956	-1.50624	-0.51026	-1.88450	-0.17918	2.13221	-0.43917	-0.96490	1.70837	-1.22283	-0.91679	0.63909	0.55322	1.20878	-0.34610	0.68931	1.29379	0.44090	-1.77438	0.26621	0.18468	0.29543	0.39890	-0.11462	0.74340	-0.44408	-0.51840	-0.73431	0.95215	-0.35535	-2.17091	-0.83548	0.53483	1.16248	-0.92663	0.23317	1.04413	-0.41866	-0.55378	-1.17911	0.32023	0.48379	2.86128	0.27961	1.34963	-0.52198	0.60358	0.25356	0.82828	-1.31000	-1.16555	0.42342	1.44540	-0.32864	0.05198	0.75303	1.50453	0.11092	1.15444	0.36225
-1.91613	-0.57793	0.22561	0.29372	-0.83418	0.09871	-0.01874	0.79455	0.82617	1.30158	0.89924	1.54894	2.73931	-1.39050	-0.02894	0.71795	-1.76003	-0.64558	-0.19658	-0.05260	-0.83107	0.60693	-2.77640	1.62298	1.25289	0.25037	-0.59916	-1.40680	-0.66853	1.33523	-0.05031	-0.14500	0.93536	-0.85318	1.98240	0.38325	0.53328	-1.23758	0.28358	-0.93244	-0.52151	0.30070	-0.95249	0.36710	2.14560	-2.12323	-2.13148	-0.94641	0.83461	-0.05814	1.83108	0.82639	1.93339	0.25542	-0.28179	-1.55347	1.30359	-0.23646	1.33914	0.54318	0.46385	-0.35070	-0.94800	0.61138
-0.44983	0.57455	0.65004	-0.53677	0.91401	0.36895	0.57387	-1.81138	0.89314	-1.88337	-1.15051	0.95577	2.24312	0.06578	-0.55175	1.89128	0.88896	0.36003	-0.86773	-0.31204	0.93489	0.06714	-0.10391	-0.73864	0.91637	1.56350	1.27314	-0.01404	-1.75128	1.92420	0.85707	-0.25255	-1.09659	1.17237	1.59382	0.13650	0.06262	1.25349	-2.22329	-0.95809	-0.41670	-1.76065	-0.20825	-0.23113	-0.43381	0.21142	0.23425	1.65021	-0.22617	-0.11333	0.18011	-1.64910	0.35888	-1.15301	-0.18421	-0.03341	0.00331	-0.15707	0.52040	1.14122	0.85848	-1.30769	-1.63809	-0.13235
0.37135	-0.63506	1.48542	0.55642	-1.62417	1.36213	-0.07329	-2.47208	0.74096	-0.05507	-1.11918	0.26836	0.79824	-1.60235	-0.17926	0.05202	0.49213	-1.49550	-0.25893	-1.19940	-2.29132	-0.72985	0.77669	0.08835	-0.13575	0.34339	1.25461	0.00273	0.00613	0.27573	-0.11252	2.56091	-0.48596	0.88908	-0.05353	-0.19659	-1.78474	-0.28482	0.49165	-0.37128	0.67142	-0.53998	0.23632	0.16076	-1.51719	-0.20823	0.47314	-0.59090	1.51086	0.35172	1.95343	-0.06627	-0.50552	-0.01499	0.23635	-0.08591	0.07730	0.71180	1.75650	-0.41241	0.92474	0.04964	-0.98931	-0.63466
-0.20237	-0.24032	-0.08223	-0.91535	0.45721	1.30424	0.01406	-0.12460	0.27797	-0.49295	-0.49302	-0.89528	1.16944	1.31536	1.41263	-0.31622	0.58728	0.71337	1.55508	0.72366	1.02245	-0.44799	0.12840	1.14467	-0.00442	0.38819	-2.02057	-0.94197	-0.91005	0.92445	-0.09183	-2.32489	0.53658	-0.42703	-0.15763	0.20517	0.10763	1.07264	-2.14042	-1.17646	1.52980	1.33365	-0.09682	0.76845	-0.22530	-0.90068	-1.94347	-0.52006	-0.57368	-0.02220	0.46037	2.03558	1.30222	0.95440	0.73726	1.33811	2.04130	-1.32715	-0.09134	-1.09820	-0.25044	0.22076	0.70328	0.07131
-1.73427	1.24971	0.97480	0.72526	-0.59427	-1.78788	-0.72211	-1.07866	0.17571	-0.95919	-1.26049	-1.62650	-1.88949	-0.93133	0.70531	-1.28967	-0.65371	2.53578	0.44400	-1.65242	-0.49656	-1.00423	0.03606	-1.17016	1.76010	-0.08053	-1.58377	-0.91454	-0.78614	-0.13659	-0.62936	-1.64194	-0.84031	0.58142	0.05619	-0.69880	0.81408	1.33542	2.07966	0.04643	-0.17199	1.74642	0.87594	-1.85466	-1.67205	0.83530	0.80815	-0.84335	0.37453	-0.31985	0.86070	-0.76974	-0.16752	0.16814	-0.91922	0.40857	1.14634	1.37149	0.32668	0.24029	0.44887	1.58479	0.81003	0.00354
0.21738	0.39954	-0.37836	0.00463	-1.32670	0.25830	-0.48660	-1.61360	-0.78240	0.58650	0.73449	-0.77480	-0.53372	1.12047	0.36534	-0.61458	-1.31040	-1.01402	1.79364	-2.91721	-0.01587	-0.90841	-0.03642	0.39068	-1.47742	0.26248	-1.11077	1.61479	1.58505	-1.67848	0.86584	-0.08455	-0.37113	0.24350	0.17079	1.01132	-0.95703	-0.04791	0.60491	0.83151	1.20081	0.14836	-0.04786	0.54061	0.92215	1.19939	0.90965	-1.48792	-0.48576	0.65072	-0.38341	0.10656	0.26356	-0.73667	0.15936	-1.56863	1.21962	1.15787	0.86693	0.66710	0.52914	-0.78682	1.03043	-0.02011
-0.79759	0.79604	0.23130	0.55971	-0.07820	0.20851	-0.28294	-1.92222	-0.11364	1.81910	-1.98556	-0.37938	-1.83917	-0.33453	0.11756	-0.75121	-0.49919	1.01168	0.39364	0.62389	1.56077	-0.73437	0.45267	-0.04767	-0.24869	0.85971	-1.71786	1.98251	-1.15794	-0.56811	-1.41132	1.51560	0.29533	0.72410	-0.02290	-0.51730	-1.48215	-0.44643	1.50981	-1.27752	0.58410	0.26329	-1.00743	-1.37770	0.05746	1.01003	0.59570	0.61378	-0.15591	0.34898	0.97749	-1.05231	0.24754	1.02363	0.12526	1.48177	1.87889	0.37835	-1.57652	0.33625	-1.29818	0.16783	0.51164	-0.27978
0.88275	0.15379	-0.17318	0.86055	0.13285	-2.16097	-1.85139	-0.86464	0.32945	-0.08909	0.58453	0.29950	-0.36375	-0.18350	-0.29560	0.52764	-0.88126	1.27619	-0.25695	0.99112	1.40207	1.12940	-0.16659	-0.27899	1.13885	0.87235	1.15604	-0.93789	-0.12999	1.42389	-1.03283	-0.78835	0.56029	0.80259	-1.53937	0.78970	1.15103	-0.54900	-1.15734	0.98050	-0.29216	-0.27545	0.25740	-0.71939	0.11311	-2.58820	0.31099	-0.60311	0.50474	-0.86933	-0.78993	0.76865	1.08020	0.23279	1.15182	0.87088	0.66633	-0.04048	0.76947	-0.65035	0.13120	-0.36556	0.36391	-0.03049
-0.15777	0.38239	0.13847	-1.46020	-0.23300	0.44177	-1.31867	-0.60385	0.17450	-0.80543	0.64464	-0.28364	0.72472	0.20391	-0.64907	-0.75504	0.07868	-0.43475	0.58237	-0.69135	-1.22188	0.10356	1.73021	0.65335	-1.82089	-1.07137	0.01986	-0.98381	1.56022	-0.11460	-1.82366	0.23427	1.17633	-0.10210	-0.96667	2.58225	-0.95174	1.32028	-1.04216	0.31726	-0.79105	-0.48371	0.39245	0.11939	1.42927	-0.22735	-1.10394	1.28684	0.32082	-0.84706	0.03233	-0.53085	-0.67204	0.11355	-1.37417	0.77452	-0.68752	-2.88423	1.41269	1.52090	-1.71613	0.71055	0.20987	-0.71214
0.42662	-1.59095	-0.56008	0.33352	0.39735	-1.22923	0.14211	1.10014	0.28131	-0.35076	0.01532	-0.82574	-0.73676	0.28339	0.71648	-0.24544	-1.60204	-0.01753	-0.76008	0.32476	-2.26361	1.54058	0.50806	1.48044	-0.05276	0.52374	-0.48146	0.70831	-0.10084	0.22472	0.26698	-0.28015	2.07282	-1.65140	-0.12979	2.50938	0.80565	0.40544	-0.44476	-1.55101	-1.06535	-0.27914	0.48278	0.87415	-0.99421	0.07851	-0.63332	-0.90928	0.22039	0.95071	-0.28327	-0.44663	1.01686	0.04811	0.20290	-0.55209	-1.21813	-2.36466	0.48800	0.17858	-0.78190	1.59114	0.56145	-0.17063
-1.11028	-0.35142	-1.36757	0.60195	-0.05356	-0.12230	0.96010	0.95890	1.52136	-0.16861	-0.13390	0.15066	-0.44366	-1.27472	0.98981	0.80103	1.47691	-1.33739	-0.35581	0.13750	-0.53433	-1.40835	0.89869	-1.98628	0.12605	-0.02964	-1.76568	-1.60688	-1.00386	-1.00142	0.39787	-0.33587	-1.57233	0.75195	-0.96255	0.97884	-0.86408	0.65226	1.03008	0.76006	-0.12960	0.21786	1.24902	-0.17426	2.26695	-0.37385	0.72733	-0.56746	0.58057	-1.07663	0.37983	-1.39624	-1.24409	-1.71468	-1.47181	-1.72287	1.43691	2.41225	0.46729	-0.04404	-1.44098	-1.11815	0.98228	-1.09404
0.77671	0.91566	-1.47114	0.91112	-0.98144	-0.56908	-1.34126	1.29636	-0.40099	1.69670	1.73462	-2.70501	0.59828	-0.81871	-1.22421	0.71691	-1.31257	-0.79633	-1.26354	-0.19731	-1.12146	1.37926	-1.03232	0.80845	-1.24641	-0.03218	0.09854	0.41858	1.33380	-1.64812	0.99296	0.84303	0.86791	0.18018	0.24490	1.78602	0.81649	-0.06408	0.94516	-0.62868	-1.49117	-0.66122	-0.86755	-1.59896	0.37978	1.61297	1.32549	0.95680	0.25722	0.11681	-1.28446	-1.06416	1.41689	0.18128	0.28096	0.68069	-0.07782	-1.48061	1.36075	0.69217	1.03741	-0.95449	0.44676	-1.55585
1.22489	-0.88471	0.80371	-0.31384	-1.36827	2.55882	1.30752	1.46399	0.61098	0.15705	-1.16035	-1.04573	1.00487	-1.42016	-0.35419	-0.10480	1.20763	0.55386	0.55757	-0.24488	-0.48972	0.18602	-0.64868	0.57738	0.11751	-0.48053	-0.25266	1.08076	-0.58288	-0.61056	-0.13076	0.79774	-0.56336	0.40250	-1.21651	-2.00344	0.03405	0.24545	-0.79823	2.76680	-0.37731	1.34978	0.20074	1.10409	-0.11661	0.64363	-0.99809	-2.40877	-0.05874	0.12002	-0.14725	0.55134	0.28745	-0.01531	0.40089	-1.43748	-0.47131	0.35002	-0.86181	-1.23996	-0.05549	-0.31812	0.80159	0.49275
0.64606	-1.61309	0.72787	-0.09375	-0.71773	0.32133	0.35317	-1.93381	-0.56200	-0.15660	0.13192	-1.68710	0.14569	0.09155	0.81233	-0.25556	-0.88416	1.74360	0.26167	0.39024	0.01292	1.11503	-0.85173	-2.02038	-0.50581	0.91029	1.11352	-0.61251	-0.33551	-0.57891	0.27463	0.57250	0.00895	0.02105	0.11907	-0.93352	-0.43071	0.42620	1.49198	-1.22354	-0.51843	-0.29607	0.15720	0.32118	0.91881	0.75975	0.74649	0.20169	-1.32126	0.49990	-0.66605	0.19627	0.76001	-0.91615	-1.21604	-0.32441	0.26471	0.64765	0.63771	-0.59171	-0.67234	-0.59634	0.93236	0.98537
0.17311	0.73363	0.18571	-1.16399	0.89299	-1.01195	-0.53943	0.84030	-0.56477	-1.28354	1.30522	-0.12173	0.10703	0.53506	-1.86554	-0.44355	0.50965	1.15393	-1.48103	0.11713	-0.29822	0.00559	0.30063	3.02528	0.80988	0.45972	0.12716	-0.96464	-2.00710	-1.16150	-0.90606	-0.10212	-0.30756	0.02514	0.48436	0.92938	1.39166	-1.31270	1.14131	-1.28593	0.32231	-0.42145	2.03885	-1.23089	1.01994	-0.24303	-0.64620	0.22371	0.25214	-0.00976	1.65783	0.33478	-0.07272	-0.00045	-0.75733	-1.46544	-0.38986	-1.05301	0.77655	-2.30748	-0.60130	-0.29899	0.35884	0.98361
2.07713	0.20618	-0.32005	-0.24503	0.83894	1.23170	-0.87890	-0.79096	-1.47245	1.41447	-1.08959	-1.58295	-0.50713	1.13387	-1.61728	-1.38481	-1.22254	-0.00173	-0.10501	0.75195	3.08580	0.63638	0.47537	-0.80616	-2.87343	-1.00238	0.27118	0.96992	1.46213	-0.90916	0.81640	0.96947	-1.24256	1.12204	2.58112	0.39825	-1.27618	0.11639	0.29674	0.17163	0.81926	-0.40360	-1.36605	-1.42235	1.50861	-0.10806	-2.01004	-0.87439	-1.32327	2.43020	0.13316	-1.10916	0.02051	0.88718	0.21443	0.49062	-0.58867	1.05885	1.25440	-2.60712	-0.98095	0.93198	1.21064	-0.17447
-1.03411	1.33398	1.13613	0.77384	-0.38942	0.71810	0.13809	-0.21583	-1.62789	1.46570	-0.55320	-0.18721	0.82283	-0.25035	-0.39124	-2.45965	-0.94705	-1.15765	0.81664	0.19843	2.47478	0.55079	0.73140	-0.61198	-0.42505	-0.95659	0.14561	0.98395	-0.42454	-1.62748	-0.27216	-0.30545	0.49080	-0.05553	0.25070	2.67890	-1.00044	-0.66593	1.90316	-0.20926	-0.67749	-0.98031	-1.04686	-0.88002	-0.48541	-0.07597	0.46586	1.53810	-0.39154	0.31536	-0.42609	-0.52661	-1.65726	0.93388	-1.87197	0.74520	1.83649	-0.32955	-0.28656	-2.14129	0.68332	0.51428	-0.33304	1.82046
1.35884	-1.21243	-0.00498	0.32625	-0.03102	1.39357	0.42832	0.59298	0.50279	-0.47177	1.24795	1.41488	2.63016	0.32649	1.16849	-0.19741	-1.17638	1.46931	-0.58694	0.51225	-0.18677	-1.09232	0.78919	0.37580	0.06590	-0.80275	-0.14711	-1.37155	-2.12074	0.53996	-0.70483	1.43601	-0.06272	0.21934	-0.24132	0.07539	0.07115	-0.79776	-0.06652	1.09799	1.19147	0.42649	-0.78240	0.42936	-1.77006	-0.40569	-0.21386	0.99150	0.53633	1.27663	-1.88174	3.09675	3.58528	1.46078	0.05523	-0.74571	-2.02853	-1.47600	0.10752	0.67577	-0.83537	-1.48896	-0.70824	0.11594
0.27854	1.56272	-0.00685	0.78255	-0.59350	1.79670	0.44338	1.10178	-0.52790	0.06370	0.45436	0.26552	1.20584	1.62447	0.97493	2.74505	-0.40666	-1.51793	1.45318	1.40438	-1.19091	0.24229	1.76223	1.55848	2.09069	-0.85570	0.28855	0.93605	0.85099	0.96694	-1.09850	1.63618	-0.09676	-1.12806	-1.00298	-0.53818	0.68570	0.71452	0.45252	0.94575	1.07683	-0.51043	1.05303	1.13057	-2.18010	1.42989	-1.07917	-0.70505	0.62723	0.03684	1.77138	-1.13536	-0.56743	-0.36899	0.86477	0.22335	-1.36320	0.75181	-0.46170	0.96182	0.26868	-0.06756	0.04060	2.80796
-1.14336	-1.05142	-1.84936	-1.23961	-1.40348	-0.00699	-0.77578	-0.19923	1.39422	-0.50624	-0.91306	1.98274	0.00338	-1.28248	0.82587	-0.29713	0.24687	-0.85716	0.30244	1.07621	0.33828	1.90887	0.45667	-1.11566	1.76853	-0.20293	0.20723	-0.22960	-1.40340	-1.43754	0.55764	-0.98559	0.43410	-1.43020	-1.65650	-0.66609	0.60391	-2.23651	-1.02675	-2.19888	-0.88936	0.58782	1.83969	2.91882	0.07784	-0.50264	-0.80571	0.78231	1.79272	-0.68440	0.26826	1.64916	-0.46697	0.53104	0.15729	-0.75990	0.40226	1.45320	-1.18795	0.84890	-0.71182	-0.19839	1.21414	0.67648
0.25183	-0.05759	-1.40625	-0.97061	2.18644	0.69219	2.54707	-0.00397	1.67143	1.22831	0.68005	-1.15862	-2.52642	0.78724	-0.72369	-2.26706	-0.41020	-1.73072	-0.05993	-0.93674	0.20045	-1.16850	-2.03548	-0.90718	1.06575	-1.47964	1.72567	0.33790	1.01458	1.23391	0.11018	-0.42162	-0.28848	0.10771	1.17009	0.12030	-0.05402	-1.02198	-2.16014	-0.05087	-1.18408	-0.10211	-0.55163	-0.63715	0.33765	-0.24589	0.59918	-0.35725	0.15848	0.80570	-0.28215	0.23637	1.37657	0.23313	1.31297	1.28885	-0.68244	-0.31816	-0.44908	0.50390	0.72848	0.44819	-0.94815	-2.58051
-0.37656	2.63388	0.44580	0.79872	-2.20793	-2.25746	0.12042	-1.43734	-0.54897	0.55466	-1.79516	-0.29390	-0.74566	0.49249	-0.33066	-1.75197	0.15711	-1.23678	-0.90782	-1.19661	0.74206	-1.26924	1.22898	0.80849	0.38261	-0.83401	-0.65894	-0.18496	0.13577	-1.93126	1.24578	0.03775	1.46102	0.20321	0.38940	0.48887	-1.79215	-0.57004	0.48971	-0.79651	2.35404	-0.47799	-0.03539	0.11614	-0.35317	0.87440	-0.07505	-1.19250	0.28920	-0.60950	-1.07096	0.09784	0.01555	-0.18290	-0.86430	0.43572	0.42874	0.07350	1.60817	-0.22412	0.22758	1.07023	-0.47581	1.12701
0.47541	0.56530	-0.42836	0.24680	-0.65701	-0.47782	0.44517	-0.96670	-1.21024	-0.31469	-0.78409	0.38551	-0.47290	-0.72064	-1.39517	-0.56284	2.62251	1.37041	2.06824	-0.95703	-0.29536	0.52043	-0.69398	1.26312	-0.76406	-0.17368	-0.90965	0.79928	0.18482	-0.83212	-1.38858	-1.65629	-0.45727	-0.45240	0.78248	0.13219	-1.57810	-0.38264	0.03596	-0.15145	0.03224	-1.21719	-0.19430	0.31754	0.48579	-1.24564	0.44717	-0.27000	-2.12669	-1.40363	-0.11003	0.51505	0.11671	1.45387	1.39806	-1.50690	-2.36527	-1.03214	-2.25308	0.57671	-0.35588	1.21547	0.91892	0.19854
-2.13457	0.08416	-1.39665	-0.20572	0.09431	1.81285	-0.50618	-0.70726	0.52847	-1.27815	-0.14796	1.10760	0.86269	-1.11718	0.17843	1.09915	-0.25742	-0.24637	-0.20064	1.34069	-0.96047	-1.20406	0.03564	-1.65467	-0.67615	-0.42698	0.94740	0.70613	-0.11880	1.93928	-0.52022	0.58991	0.95398	0.80327	-0.66714	-0.86732	1.29932	1.12345	-0.83112	0.17111	-2.26342	0.47241	0.63015	0.05319	-1.92635	-0.61669	0.91305	0.13565	0.03692	0.06293	-0.67584	1.99459	-0.92843	-0.00302	0.36211	-0.32882	-1.45939	2.22849	-1.91561	-1.44724	0.29881	0.43474	-0.38092	0.91206
0.17159	0.39913	-0.69935	-0.58279	-0.10487	-1.42838	0.00741	0.88386	0.24877	1.25443	0.30974	-0.22710	-0.22937	-0.53496	-1.39528	2.56858	-0.18415	-0.94749	0.15885	-1.58556	0.63068	1.70907	-0.94024	2.14328	1.24504	-0.05321	0.50958	0.17278	-0.37790	1.73779	0.50676	2.06448	0.59589	-0.60606	-1.38687	0.78604	0.12637	1.71734	0.04747	-0.68474	-2.01241	0.85913	0.10479	1.75859	0.13916	-1.35300	-0.88113	-1.43041	-0.89371	-1.08250	1.36092	0.50177	-1.21066	1.06193	1.44035	-1.44522	-1.37820	-3.58719	-0.31475	1.27430	-1.08187	-2.26202	1.52624	0.08644
-0.99539	-1.85228	0.46120	-1.12441	-0.22710	-0.27054	-0.97979	-0.68651	0.08041	-1.31516	-0.55616	0.15345	-1.17681	-0.46547	-0.43365	0.14967	-1.30512	0.28598	-1.66930	-0.37699	0.27887	-1.41405	0.07782	-0.09601	-0.00280	1.90256	-0.28211	0.23383	0.76425	0.05226	1.36039	0.76210	-0.45913	-0.21619	1.61910	-0.60484	0.13128	1.31725	-1.13480	-0.32986	-0.04181	0.22875	0.51546	1.37940	-0.67884	-0.29944	0.70650	0.28961	0.14639	-0.83142	0.36936	1.22895	0.11349	-1.24563	0.03099	0.93056	0.54968	0.35643	-0.76437	0.28968	0.40776	-0.20307	-1.12260	-0.18086
-0.74701	0.00849	1.82712	1.04658	1.48551	-0.78584	-0.56061	-0.60798	0.79238	0.75957	0.58428	1.32864	-0.63088	-0.30391	0.76301	-0.22649	0.60119	0.65138	0.70470	-0.82359	1.49199	-0.96526	1.88826	-1.34330	-1.06676	-0.14486	0.43789	-0.30837	-0.68789	0.33755	0.74900	-0.72494	-2.06942	-0.85713	0.39625	1.56702	-0.63765	-1.14361	0.31943	-0.49457	-2.82242	-1.43197	-0.37733	-1.83949	-0.87676	0.12331	0.55187	1.33651	0.25539	-0.75473	0.48885	-0.57094	0.45694	-1.07439	0.64075	0.05373	-0.77389	-2.31104	-0.70703	1.14760	0.17870	0.86404	-0.02067	1.25148
1.52785	-0.28182	-1.03835	-0.23604	-0.24958	-0.98259	-0.58697	-1.43363	-1.36398	-0.11451	-0.47393	1.42080	-0.37146	-0.64167	-1.04178	1.13402	0.80730	-3.45475	-0.44078	0.34700	-0.87794	-0.06980	-0.65354	-1.06297	-0.61591	0.81193	0.07530	-0.61409	-1.14392	1.28481	0.59483	-0.52501	-2.14903	1.11466	-0.40611	0.89759	-0.05336	1.22794	-0.46275	-1.72328	2.69476	-1.67855	1.18900	0.96065	-0.47459	1.25843	1.81502	1.06890	-1.62498	-0.98955	0.72830	0.00169	-0.12264	0.37150	-2.14301	-0.24160	-0.91521	0.35499	-0.66620	-0.38040	-0.27738	-0.55272	-0.87332	-2.61111
0.59146	-0.42445	0.96825	0.00289	-0.98133	0.69378	-0.25237	0.35248	1.45173	0.13781	0.72694	-0.32270	1.01966	-2.59304	0.92344	0.23058	1.12818	-0.15647	0.36889	-0.10574	0.69510	0.04839	-0.85007	-0.97223	1.20707	-0.35896	0.77347	-0.36208	0.04582	0.54596	-0.22482	-2.22672	-0.30944	0.10457	-0.70919	-0.62719	-0.41051	1.10958	-1.33238	0.71391	0.28281	0.62864	0.14139	-2.13607	-0.06844	-1.14888	-1.09966	-0.82686	-0.40417	-2.01694	1.19519	1.24055	0.89576	-0.57976	-0.50080	-0.71525	1.72983	-0.39741	-0.35564	-0.45678	0.19157	-1.81762	-0.36063	-0.98126
0.61929	0.76467	-1.30620	1.05256	-1.12042	-0.27570	-1.08734	-2.26768	-1.70711	0.59192	-1.90017	-0.61783	-2.07227	0.71138	1.01767	-1.05880	0.29939	-0.81696	1.14670	-1.47398	-0.71488	0.89631	2.71818	-1.82808	-0.62285	-2.19352	-1.11523	3.73152	2.44829	-0.94252	0.63209	2.20317	-1.04762	2.12962	1.17583	-1.21255	-0.06585	0.43898	0.30400	0.35389	-0.92362	0.61843	0.81741	0.24663	0.87776	-0.02582	-0.16427	-0.52385	-2.38572	1.18742	-0.03607	-1.16369	-1.42851	-1.01838	-0.12840	-1.23870	0.33769	0.65363	0.70296	-0.56504	-0.53988	0.01657	0.11394	0.48707
-0.44887	-0.67143	-2.33682	1.46496	-0.07805	-2.47496	-0.18034	0.00931	0.93591	-1.06685	0.35698	1.25540	0.30254	0.79848	-0.03160	0.75431	0.44761	-1.20416	1.09004	0.49500	1.60104	-0.93098	-0.91536	-1.73047	-0.66195	-0.35765	0.30444	-1.34775	-0.32759	0.88095	0.73831	1.05058	-0.67481	2.27115	-1.28998	-0.38440	0.76901	-0.33712	0.23137	-0.34090	-0.92052	-1.42072	-0.87991	0.15927	-0.02932	1.02878	0.67186	0.17207	0.51274	1.00741	-0.07593	0.12250	-0.79200	-0.58042	-0.57221	-0.19784	-0.34192	-0.58206	-0.01833	-0.24069	-0.79651	1.70261	-1.13970	0.07538
-0.31647	-1.81608	0.27913	-0.15304	1.10271	-0.44695	0.04618	0.80329	-0.40666	1.50215	0.67305	-0.96236	1.85287	-0.25582	1.22654	-0.12092	-0.76914	0.45785	1.27245	0.08221	-1.49547	-0.92928	0.28666	1.30393	1.74917	-0.32999	-0.77786	-1.47094	-0.39042	-0.98665	-0.53855	1.03115	0.76943	0.27624	-1.15188	0.55935	1.03058	-1.29993	0.79193	-0.36564	0.82351	1.50391	-0.31288	-0.49613	-0.32026	0.56194	0.05106	1.11369	0.01931	-0.71945	0.85290	0.42742	-1.13892	-0.15821	-1.60948	1.18526	0.84661	0.46664	-0.31353	-2.91574	0.04996	-0.23994	-1.34468	1.26793
0.19169	1.08718	0.71196	1.61972	0.64830	-0.18759	0.99341	-2.13530	-0.73909	-0.20769	2.35432	0.67925	3.13663	-0.89498	0.78152	1.12272	1.82729	0.44640	-0.51997	0.05004	-0.68109	-0.36474	-1.92307	-0.27353	-0.86041	-0.60320	-1.76376	-0.11142	0.71577	-0.78480	-1.14131	1.48027	0.28562	0.16217	-0.85308	0.53902	0.44776	0.79227	0.98350	0.21021	0.14783	0.01052	0.74437	0.72715	-1.23996	-2.17368	0.47600	-0.65816	-0.19934	1.05152	0.62050	0.22782	-0.36034	-1.73889	1.06385	-0.29994	-1.18154	1.16589	-0.88464	-1.09137	-0.14488	-0.82556	-0.34448	-1.09468
-0.00790	-0.63464	1.75232	-0.49048	0.23741	-0.72855	-1.12478	1.07449	1.03541	-0.00142	0.23428	-0.16234	-0.32745	0.63707	0.35943	-0.36965	-0.59666	0.00664	-1.84168	1.12810	1.63856	0.88993	0.09631	-0.73636	0.71941	1.85604	0.40513	1.35154	0.41731	-0.68017	-1.02323	0.41387	1.20242	-0.39803	-0.65614	-1.44558	-1.30459	0.96697	1.09297	0.47773	1.97988	-1.06572	-0.16184	0.61438	-0.59725	-1.17273	0.71551	-1.47265	-1.19796	0.64585	1.00358	0.79288	1.29783	1.11721	-0.67276	1.77541	-0.41409	0.72721	-0.73109	-1.19275	1.32762	0.90925	1.04983	2.15649
-0.44847	-1.28332	-0.77967	0.80362	0.35527	-0.48755	-1.94283	1.63802	0.06139	-1.24660	-0.15365	-0.18795	0.44820	-0.68311	1.56738	1.96902	1.37355	0.23387	1.16211	-0.67798	-0.94057	0.15142	-0.48837	-0.19118	0.63526	2.05497	0.50578	-0.08015	-1.11670	1.11083	-2.25855	-1.29889	1.35864	0.20692	-0.56371	0.69350	1.64438	1.05893	-1.00356	1.56070	-0.10996	0.87265	-0.25053	0.98605	1.24467	-1.67243	0.38547	-0.57552	-0.26245	-0.81577	1.50298	-1.09496	-1.15858	-1.78558	-0.06691	0.29571	-1.15299	1.66929	-1.06931	0.12452	-0.30481	-1.78734	1.77770	1.00515
-0.92728	0.89537	0.72051	0.13197	1.82333	-1.49311	-1.44277	1.82267	0.48795	0.83396	0.26003	0.12358	0.06827	-0.19118	-0.81214	-0.02557	1.58991	-0.57726	1.14846	-0.87500	1.72785	-0.76380	0.60888	-0.43582	0.63400	0.16422	-2.66478	0.55410	-2.86170	-0.21002	-0.19099	-1.33697	-0.28103	-1.54213	0.64444	0.69259	0.91174	-0.23796	-1.36961	0.69924	-0.13617	0.60864	0.20074	-1.36962	-0.44912	-0.94431	0.69890	-0.37428	0.54489	0.10040	1.67513	-0.29947	0.69532	1.30596	0.03008	0.30565	-0.89469	1.88995	1.38901	0.51677	0.38716	-0.39669	-0.83872	0.46857
0.07719	-0.21312	1.61023	-0.78981	-0.74773	-1.54708	-0.78549	-2.98636	-1.39269	-0.70601	-1.52952	1.04198	-1.82931	1.13731	-0.11945	-0.87589	-2.02430	-2.33500	0.70828	-0.68628	-0.24463	0.55255	-1.30789	-0.08975	0.52107	1.84987	0.27856	0.85698	1.46565	0.81894	-0.79736	0.26188	0.05092	-0.35811	-1.03449	-0.50248	-1.11075	-2.17786	0.19581	-1.43356	1.21650	-2.16238	-1.18407	-1.87206	-0.24446	-0.78283	1.78046	0.32409	-0.68603	-1.10038	0.15337	-2.77090	-0.31207	-0.44757	-1.86743	-0.65105	0.72200	0.83628	-0.65404	0.30752	1.01506	0.93172	1.45968	0.39098
-1.24922	1.38170	0.58860	-0.23160	-1.32092	-0.45624	-0.12029	0.53890	-2.32822	-0.07393	1.70521	2.16843	-0.60227	-0.50321	1.05938	-0.00134	1.45695	0.40356	-0.95123	1.61467	2.07606	-0.33144	0.04200	-2.48092	0.92477	-0.16049	-0.48655	-1.26494	-0.46893	2.03743	0.71041	0.35573	0.23700	1.17241	-1.01531	-0.66740	-0.47687	-1.40844	-1.15134	-0.68564	1.95598	0.85155	0.15755	0.07863	0.45561	0.57031	0.66611	-1.02149	-1.04594	0.76741	0.22081	0.56365	1.36130	-1.41742	-0.52802	0.01090	-2.25975	-1.01971	-0.78698	-0.12406	-0.44636	1.48841	0.20107	0.26804
-0.93658	1.04812	-0.00450	-0.37986	1.53401	-0.35407	-1.90927	0.03818	1.11996	-0.82680	0.76923	1.44081	-0.34756	-0.04453	0.95619	0.27868	-0.36621	0.47023	2.32936	0.73410	-0.17233	-0.53257	-0.97526	-0.45109	-0.55966	0.56384	-0.23873	0.33316	0.57419	-2.26428	0.87929	1.78070	0.23023	0.69900	1.97760	-1.51909	-1.28716	0.64710	-2.64693	-1.22801	-2.12820	-0.43827	-0.40460	-0.92769	1.20492	0.52602	-0.52178	-0.35380	-1.96733	-1.66722	0.67079	0.11999	0.33626	-0.41953	1.05180	0.04056	0.14085	-0.25836	0.76614	0.44503	-0.53928	-1.60235	0.03407	0.82099
0.57432	-0.53066	0.75823	0.87293	1.17537	1.54197	1.30014	-0.94827	-0.83326	-1.59653	1.88872	1.53049	-0.55929	-1.58323	-0.74693	0.37342	0.48692	-1.03775	-0.90463	1.32487	-1.45903	-0.81970	0.63283	0.97085	-0.19230	-0.33844	-0.88277	-1.66906	-0.75056	-0.08065	-1.39946	0.90587	0.73380	0.20668	-0.95248	1.71955	-0.32893	1.07095	-0.16251	-1.27939	-0.83233	-0.62532	0.50892	1.33104	0.77807	0.38912	1.20150	1.35938	1.36604	0.25927	0.38114	0.63603	-1.02586	0.31383	0.72276	-1.61354	-0.21451	-0.04633	0.14573	0.17176	-2.45365	-1.34638	-0.20299	2.02920
-0.95745	-0.46794	-1.32148	-0.74045	0.57485	-1.02592	1.63631	-1.66241	0.57477	0.62729	-1.22793	0.72091	-0.73436	-1.15680	2.37387	0.66750	1.99749	2.22837	-1.48710	-0.74765	-0.17631	0.60706	-0.16415	1.49348	0.78446	1.09892	1.94990	0.18845	1.56272	1.49242	0.30588	-0.56564	0.16315	-1.15291	-1.73611	0.09268	0.23015	0.10830	-0.29993	-0.51956	1.57052	1.17273	0.41769	0.56015	0.34582	-0.69817	-2.50895	-0.22622	1.45604	-0.94617	-0.42498	0.74726	0.50572	-0.21604	1.07526	-0.77928	-0.74756	0.43391	1.09180	-0.34715	0.10578	-0.11026	-2.35357	-1.38974
0.00817	0.55668	-0.08531	-0.74929	1.45527	-0.00580	-1.57245	0.48079	-0.30212	1.36409	-0.45548	-0.31265	0.63602	1.14101	0.59704	-0.79417	-1.09021	-0.71548	0.76783	-0.05302	0.46359	-0.66482	-0.10409	-0.41602	1.48353	0.75105	1.27614	-0.14515	-0.94273	0.30909	-0.56006	-0.58493	0.12794	-1.00668	0.96960	-0.29445	-0.16334	-0.16752	-0.52890	0.36649	0.04060	-0.54239	0.41760	-0.41409	0.14324	1.68682	-0.60094	1.49843	-0.34684	1.52305	-0.89135	-0.95369	-0.00058	-0.71256	0.02126	0.41312	-0.94879	1.26596	-0.52745	0.24961	-0.27671	-0.91369	-0.88745	0.48399
-2.11857	-1.44733	-0.15393	0.78898	-0.60934	0.31162	-0.78275	0.24643	1.25055	-1.10869	0.35652	-0.55837	0.08258	-1.11192	1.25487	1.09952	0.60202	1.12159	-1.55123	0.80554	-0.67436	1.15953	0.94034	0.29818	0.17176	0.31751	0.74799	-0.33309	1.96473	0.38706	-0.03849	1.41964	0.15787	0.36092	-0.62210	-1.57221	1.73875	0.45142	0.27406	-0.83324	-0.82123	1.47185	-0.12149	1.10690	1.06404	-1.01386	0.67358	1.05463	1.39940	-0.36646	0.33049	0.44268	-1.51672	-1.59588	0.05738	-0.68791	0.23567	-1.18851	-2.00431	2.31693	-0.47490	-0.48906	0.06909	0.33133
1.04555	-0.55157	-0.87784	-0.77714	-0.99853	0.40462	-0.91357	1.77479	1.05037	1.53787	0.42652	0.44448	0.00374	0.87173	-1.03815	-0.82952	-1.35362	1.98016	-0.56813	0.00486	0.82217	0.63258	0.23796	0.84817	2.26116	-0.43894	0.68008	-1.24516	1.03610	-0.27753	-0.17592	1.72738	-0.50212	0.44568	1.06605	-1.34792	1.74413	-0.59220	0.65925	-0.48211	0.30663	-1.51758	-0.19633	2.27298	-0.64441	-0.33571	-1.28745	0.40159	0.70616	-0.53477	1.08605	0.13517	1.14643	0.41285	-0.14517	0.21643	-0.05877	0.61409	0.71207	0.58787	-1.17220	0.81973	0.29816	-0.49723
-1.02522	1.39532	-0.03788	-0.89364	1.44760	1.42628	0.46767	-0.51043	1.53274	-0.46025	0.59228	-0.34586	-0.41442	1.11636	1.38520	2.80299	0.22118	-0.04690	-0.10668	-2.38955	1.08270	-0.72947	-0.41887	-0.19875	-0.35785	-1.56526	0.37851	0.78013	1.00014	0.81088	0.07721	-0.98571	0.61717	1.34995	-0.96737	-0.04387	0.00612	-0.46562	-0.68149	0.38727	0.27668	1.26073	0.15029	2.55435	-0.32808	1.48397	-0.43385	-1.34078	-0.76609	0.15123	0.93312	1.39658	-1.99443	1.02311	1.05099	0.22252	0.11633	-1.04553	0.21623	-0.12822	-0.76600	-0.77821	-0.75639	-0.48747
1.24771	0.63884	-0.71072	2.13195	0.01538	-0.05624	0.51153	0.63832	-0.89062	0.99779	-0.94748	0.18384	-0.20868	-0.42866	-0.28194	-0.11410	-0.80987	0.39430	-0.58998	0.06496	-1.53303	1.12456	-0.59861	-0.42937	-0.41001	-0.65427	-0.11088	0.50209	-0.50932	0.27940	-0.03557	-1.96346	1.96840	2.23584	-1.23230	-1.61310	0.37596	-1.10599	0.61009	0.83850	1.56957	0.03149	0.65079	1.51115	0.00148	0.80052	0.03779	-1.14771	-0.65355	0.42895	0.29114	0.18185	-0.51595	-1.21703	-0.99847	-1.00200	0.09660	-0.52275	1.05577	0.99365	-0.20148	-0.04121	-0.08019	-1.41058
0.21141	-0.99740	-2.18361	1.11090	1.27358	0.02239	1.30624	-1.22955	1.89408	0.53022	-0.15107	0.90050	1.28141	-0.36889	2.15472	0.88087	-1.21159	-0.23074	0.93925	1.16703	1.34586	-0.61628	-1.21666	-1.22028	0.11389	-0.46734	2.75473	0.06091	0.87314	-0.57376	0.38365	1.48801	0.90248	-0.26057	0.79089	-1.60887	-1.40566	1.18572	0.08732	-0.19762	0.46094	0.31721	-0.26944	-0.13192	-0.80141	0.79092	-0.13441	-1.27559	0.46534	1.49073	-0.60092	-1.66580	0.00989	0.69907	-0.34718	-0.79619	-0.62336	-2.57312	-0.91488	-0.37068	-0.46132	-0.37687	0.96314	-1.07877
-1.87663	1.60218	0.87770	-1.63795	1.81238	0.29567	0.55262	-0.02231	-2.04864	1.77105	-0.07276	-0.96343	2.16314	-0.52113	-0.24363	1.69724	0.28196	-1.56964	-0.20865	-0.53234	-0.86154	-0.25539	-0.82016	-1.51479	-0.61459	-1.35550	-0.85708	-1.48511	2.72399	-0.71366	-0.92555	-0.05235	0.12607	-0.32440	-1.02253	-0.54806	-0.41024	-0.20611	-0.42950	-1.03506	-0.70220	1.25430	-0.80993	-0.98202	-0.82346	0.36355	0.19647	0.58874	-1.21256	-1.36182	0.85757	0.10994	0.93538	0.76046	2.21760	0.35582	0.48071	-1.09401	1.07766	0.99181	0.52358	1.48730	0.30175	-1.31232
1.72096	-0.80576	-1.42986	-0.56970	-0.22555	-1.11291	0.42463	-1.52484	-1.25533	1.01719	0.77757	0.48556	-0.01231	1.80416	0.02348	-1.20285	0.05796	0.09244	-1.72421	0.63379	0.10658	-0.28961	0.69258	-0.27061	0.26640	-1.25227	-0.86247	-0.00852	1.10991	-0.73885	-0.96107	0.60872	0.44394	-0.31715	0.46931	-0.46940	-0.07629	-0.49246	0.59386	0.13781	-0.52019	-0.63403	0.95800	1.49433	1.92739	0.72638	-1.26188	-1.09006	0.65533	1.51675	-0.70406	-1.58189	0.45796	1.20914	-0.00229	0.50141	-1.03279	1.00419	1.34632	-1.64973	-0.97471	0.02402	-1.57164	-0.97305
1.31486	-1.44365	0.17165	-0.46824	1.03275	2.60513	1.38336	0.10637	0.60088	-1.82936	-0.10042	0.47789	0.09766	1.97884	0.92612	1.45208	1.03886	-0.23251	0.54935	1.29996	-1.57502	0.02820	0.28132	1.10710	0.43064	0.68680	1.59524	-0.36807	0.50905	-0.70257	-1.24336	-1.20184	0.80208	0.69236	-0.33718	-0.26382	2.23461	0.57969	-0.07136	-0.59166	0.72103	-0.99866	0.33134	-0.53733	-0.73867	-0.16505	-0.81159	-1.73485	0.35835	-0.71067	0.35230	0.58838	1.80489	0.17994	0.44265	-0.16912	0.86599	-0.17425	-2.87896	0.42283	-1.23861	-0.54547	0.45440	0.36011
-0.93685	0.64542	0.59168	1.77786	-0.94102	-1.02995	0.89837	0.57330	1.70191	-1.28576	-0.55053	-0.13183	1.18018	-0.51505	-0.86773	0.40846	0.19574	-1.83907	0.70651	-0.89485	0.79168	1.22563	-0.73115	1.14751	-0.70467	-0.57919	0.69941	1.05840	-0.34816	0.73562	1.56880	1.40395	-0.38691	-0.39019	-0.27342	0.45284	-0.69470	0.77896	0.23606	0.48312	0.60567	-1.23647	-1.91141	0.53591	2.19820	0.95070	1.20172	0.36905	0.57005	0.23367	1.03215	1.05570	-0.10132	-0.05134	0.74478	1.71202	0.05852	1.69558	0.21150	-0.76998	0.37822	1.27537	0.18645	-1.31410
-1.25686	0.86416	-0.85464	0.36124	-1.45810	1.45357	1.42705	-0.26434	1.41487	-0.66325	-1.37965	2.16698	-0.30887	-1.55195	-2.11956	1.93035	0.81546	0.16185	-0.60804	-0.55736	-0.21827	0.61147	-0.15423	1.96882	0.95684	-1.19790	-0.65883	-0.21001	0.70251	0.73607	-1.23902	1.99789	-0.82474	1.07576	-1.27749	0.75269	1.33578	0.44973	-0.07303	-0.16915	-1.65394	-2.83459	1.23002	0.45986	-1.74818	0.33320	-1.19621	-1.35146	-1.00796	0.02940	-0.95879	0.79765	0.49258	-0.38668	0.40417	0.21385	0.00899	-0.43025	0.43811	-0.18685	-0.46413	0.30394	-0.75309	0.17686
0.23876	-0.02040	0.72990	-0.39112	0.71520	2.40900	0.83907	-0.52518	-1.28821	-2.66849	1.01914	-0.70895	-0.88182	-0.25272	0.15231	-0.46601	0.10499	0.28964	-0.13535	0.88243	-0.28942	0.23833	-0.11550	-0.26295	0.86716	0.66426	1.71600	-0.34600	0.83666	0.72016	-1.63157	-0.20802	1.30277	0.07136	-1.94245	-0.80000	1.25911	1.14122	-1.81008	1.67969	0.26098	0.14063	-0.34563	-0.10728	-2.16713	-0.37969	-0.62201	-0.16073	0.87432	0.24225	1.36026	-0.46700	-0.25041	-0.63423	0.67262	-0.46481	0.84109	1.27050	0.16948	-0.65166	2.50155	1.81136	-0.41775	0.55015
1.00760	0.49200	0.71143	0.61489	0.62065	-1.07921	0.13891	0.60208	0.39190	-0.11179	1.07493	-0.59772	-2.45108	1.79500	1.71628	0.12977	2.04327	1.10671	0.63417	-0.81860	-0.03185	-0.58258	0.56355	-1.40263	-0.67524	-0.23160	-0.32000	0.01251	0.51667	1.76737	0.12980	-0.34069	-0.42729	-2.65602	-0.77788	0.49255	0.51473	-1.41003	-0.23248	1.00645	0.19635	-0.36811	-0.46325	-0.97414	0.06577	0.94037	-0.19815	-0.68685	0.26898	0.84727	-0.38404	-2.49152	0.04881	-0.45621	0.16480	0.67694	0.18056	-0.86794	0.51815	0.80019	-0.73712	1.87211	0.35955	-0.15065
0.82908	1.88056	-1.91842	-1.37521	-1.16887	-0.78756	1.41981	1.17777	-0.23958	0.42868	0.81794	2.76139	2.17853	-0.13812	0.75933	0.82540	0.04428	-0.50173	-0.18744	1.25312	-1.30340	1.06877	-1.84893	0.53890	1.12656	0.13640	0.09423	0.82404	-1.46348	1.10971	-0.78756	0.21619	-0.05872	-0.06516	0.36873	-0.83653	-0.28393	0.15395	0.34969	0.15801	-0.47184	0.51897	2.06556	0.93775	-0.90203	0.04315	-0.07193	-0.92899	-0.81742	0.80099	1.23243	3.22174	0.13234	-0.99930	1.93728	-0.70310	0.96939	-0.39499	-0.53525	0.37495	-0.90781	-1.34801	0.34022	-1.37173
-0.15313	-1.58613	-1.25413	0.45869	-1.15203	0.54949	-0.41834	-1.02542	-1.98591	0.16432	1.10153	-1.30067	-0.28289	-1.08205	0.24715	1.08774	0.89085	-0.97836	-1.29048	0.25034	-1.56407	1.12661	-0.41945	-2.10499	-0.64551	-0.43320	-0.78249	0.41648	0.73513	0.97626	-0.66913	-2.04111	-2.47365	0.42725	-1.16266	0.78489	0.41414	-1.35011	0.82888	-1.22347	0.90404	-0.67879	1.39411	-0.02115	-1.03376	0.67827	-1.25503	1.22307	-0.64943	0.86341	1.63488	-0.74664	0.71746	-0.21352	-1.56233	1.00323	-1.49790	-1.57556	1.66390	-0.81122	1.26067	-1.08853	-0.65478	0.47544
-0.74468	0.27536	0.42811	-3.92292	-0.31005	-0.08653	-0.99199	2.69034	2.03420	-0.53139	-0.72100	0.36062	1.19143	-0.27931	-1.45555	0.34205	-0.46372	0.40165	-0.06714	-0.37965	-0.65937	-1.32161	-0.33762	-0.86329	-2.22807	-0.06031	-0.41355	-0.85104	-2.00150	1.24468	-0.36521	-0.44771	-0.93777	-1.33551	0.11833	-1.07999	-0.32199	-0.60282	-0.48724	-0.06922	-0.48937	0.19039	-0.14154	1.54210	0.36196	-1.02194	-0.42249	0.74837	-0.87113	-0.10200	0.57420	1.84679	-0.14539	-1.59356	0.18639	0.80166	-0.67829	0.32437	0.82546	-0.06400	0.80202	0.63902	0.61029	0.01513
0.95708	1.56992	0.57765	1.47792	-0.26814	-0.53063	-0.81015	1.13240	0.23973	2.34014	-2.31334	-1.17262	0.53114	-0.65166	0.32514	-0.74362	-0.61172	-0.74648	1.48175	0.53636	2.02458	-0.08851	-0.71347	0.47164	1.04366	-1.94134	-0.04795	3.25831	-1.08658	1.11541	0.08761	0.66795	-0.05194	0.85933	0.42248	-1.35051	-0.51757	-0.48851	0.95684	-1.34672	0.09669	-1.65164	0.93277	-0.09466	0.40295	0.21424	0.28769	-1.73284	0.20218	0.26927	-0.01885	-0.67494	-0.55082	0.61531	-2.64007	-0.54645	0.39144	3.20657	0.12632	-0.62363	1.73458	-0.08222	-1.20434	-2.54270
-2.43794	-0.60816	-0.99956	0.80748	-0.72921	0.77071	0.91764	-1.32273	-0.90021	-0.62375	-1.44039	-0.39385	-0.57506	0.31152	-0.80301	-0.76711	-0.92102	-1.29167	0.50529	0.25227	-0.98485	-0.36286	-0.48724	-1.12835	-0.55085	0.18538	-0.73615	1.12450	-0.55800	-1.62243	-1.54240	-1.87212	1.45141	-0.03836	-0.30895	0.04792	0.35012	-1.27161	1.57798	0.36999	1.39378	-0.48027	0.21224	-0.40957	-1.43559	0.43161	-0.94241	0.93575	-0.97329	-0.19116	-0.12168	-1.73389	-1.25613	-1.45873	-0.21917	0.72803	0.60066	-0.57680	-0.99725	0.12732	0.04968	0.11398	-1.46063	0.13915
-0.95410	1.02554	1.07989	-1.48944	-0.10831	-1.27937	0.79450	1.23882	-0.17929	0.87252	-0.20412	-1.36560	0.06660	1.14358	0.51614	-0.32095	0.00897	-2.14768	0.94660	-0.58675	1.57799	0.39512	-0.81224	1.62407	-0.75714	-0.79190	0.95722	-0.07275	0.21951	-0.37370	-0.50016	-1.36165	-1.53622	1.59073	0.23930	-2.12486	-0.65749	0.18624	-0.89180	-0.53160	-0.28626	0.24768	0.76430	-2.78770	0.04465	-1.15907	-0.35164	1.02716	1.50251	-0.36294	0.17063	-1.27073	0.58578	1.10236	1.82963	0.38295	0.75228	-0.10187	-0.88841	-1.10264	1.65928	-1.64864	0.60308	0.97274
-0.82830	-0.86738	0.33202	0.61601	0.63735	0.50209	0.54609	-0.83504	0.62992	1.14057	1.23855	0.16713	1.27649	-1.53353	0.30963	1.16119	0.54325	0.31952	-0.01175	0.97926	-1.67175	1.79253	-0.70530	-0.73599	0.74883	-0.08127	0.28365	-1.01469	0.01045	1.28205	0.39302	0.50455	1.41411	-0.49901	-0.81653	-0.22229	1.24216	-0.71361	-1.54010	0.62597	-1.39812	1.17943	1.51073	0.13684	-3.07129	-0.18195	-2.00898	0.91119	-1.15640	0.32772	1.05133	1.17872	-0.64219	-0.79333	0.16730	-1.59500	-1.39228	-1.72782	-0.72963	1.55367	-0.17464	-1.86802	0.67452	-0.06657
-0.43581	-0.31619	-1.27121	-0.68730	1.73688	-1.08380	-1.24791	1.28286	-1.20928	-0.53743	0.43462	1.07968	1.11106	-1.57828	1.19370	-0.86918	-0.17359	-0.02045	-2.46506	1.08509	-1.45165	1.33830	-0.99443	-0.39123	1.22347	0.39106	-0.59783	-0.31114	-0.82052	1.05190	-1.01735	0.08295	-0.62706	-0.68256	-0.64432	-2.76147	-0.23035	-0.30761	-0.73718	0.28656	0.11629	-0.02538	0.08643	0.45417	-1.53465	0.97346	-0.17017	0.24809	0.21823	1.25765	1.28515	0.20733	-0.85042	2.09696	0.76164	0.29847	0.84903	0.33158	0.18128	-0.49410	-1.58826	-0.94756	0.15850	1.33613
1.28750	1.45294	0.82449	-1.93158	-2.81377	2.91663	-1.77385	-0.14099	0.51825	0.55049	-0.83781	1.55257	-0.51338	0.13895	0.17315	0.35188	-1.00145	0.88381	-0.78126	0.23121	-1.68149	-0.45926	-0.82145	-1.52792	1.04905	1.19889	-0.04812	-1.02902	-0.08950	1.53765	-0.35119	-0.68048	0.90739	0.39019	1.13968	0.41265	-0.51938	0.10542	-0.46401	0.93860	-0.04912	1.82116	-0.79512	0.85016	-0.43333	-1.10344	0.52299	-0.50910	0.39499	1.50884	-1.21613	-0.69054	0.53661	0.11344	-1.62918	-0.22245	0.29540	-0.07389	-0.44280	-1.50612	0.42346	-2.49151	-2.56904	-0.50561
-0.22962	0.34086	1.41312	0.39611	-1.14308	0.73934	-0.51136	-1.26288	0.71885	1.20602	-0.81358	0.23311	-0.18648	-1.68068	-0.21942	-0.49926	1.41584	-0.78524	-0.04632	-0.42800	-1.01679	0.61795	-1.15887	0.34671	1.61025	0.75813	0.30363	1.66512	0.51486	-0.45163	0.63470	-0.39493	0.15564	0.38605	-1.69798	1.59525	0.09074	0.60634	1.75933	-0.07454	-0.12201	0.45050	0.03887	-0.44054	-0.59359	1.27245	-0.41679	-0.47162	0.67031	-0.59665	1.25133	-0.47122	1.06380	1.22503	-0.37209	-0.42564	0.10315	0.35076	-0.57465	0.19488	1.28530	0.31033	-1.06925	-0.98689
-0.10902	-0.36401	-0.07864	-0.26450	0.95932	-0.39797	-0.01775	1.05617	-1.86225	0.07938	-1.35679	2.50431	-1.71984	-0.51825	-0.42419	2.17280	-0.89558	0.84427	-0.10457	-0.73318	1.77908	0.76031	0.69998	1.84278	3.19310	1.20442	2.06772	-1.01473	1.99596	-0.31664	-0.84542	0.46655	-0.57316	1.12191	0.90982	0.91111	0.04292	1.15192	0.30322	0.31989	0.43322	1.77194	-0.16669	-1.71010	-0.21493	-0.39493	-0.40452	-0.07490	-0.58706	1.11935	1.61370	0.52859	0.39011	1.34493	0.24986	-0.19003	0.66855	-0.99687	0.10943	1.70690	-1.17736	-1.51061	-0.24468	-1.50262
-0.47062	0.48827	-1.56252	-0.25743	1.51062	-0.33318	1.30653	0.95794	1.77590	0.11439	1.64129	-0.33504	0.79216	-0.64600	1.08772	1.03096	-0.54273	1.19012	-0.02002	-0.79139	-1.97013	-1.08824	-0.89485	1.22185	-1.45589	0.11339	-0.92981	1.02972	0.93232	0.09568	0.75230	-1.24214	1.38650	-0.00710	-1.30173	1.09045	1.41273	-0.86683	0.92140	-1.69440	-1.92769	-0.08392	-0.21758	0.97167	-0.26045	0.71014	-1.13898	1.41644	-0.57733	0.03005	-0.58014	-0.08130	-0.15573	0.04098	-0.11657	-0.29636	1.80126	1.04972	-2.15826	0.66165	-0.04760	-0.92094	-1.11474	-0.99263
-0.51568	-0.51231	-1.84040	1.54514	-0.23475	-1.42277	0.35842	-0.95782	0.92176	-0.62687	0.57763	-0.16485	-1.04629	0.04336	-1.00308	0.25706	-0.51697	0.23905	1.75966	-0.54431	2.95505	0.07199	1.16942	0.54924	-0.01084	-0.07452	-0.08562	0.58863	0.71532	-1.99261	0.46661	-0.95492	0.82591	0.11123	1.08134	-0.55098	-0.37014	1.66199	-0.18882	0.76897	-0.69743	-0.10461	0.58850	0.82423	1.22288	0.83388	1.03860	-1.25199	-1.23899	-0.47335	0.94368	-0.09710	-1.01613	-2.23427	0.98547	-0.40214	0.09565	0.27711	-2.24152	-1.02145	-0.11293	-0.42720	1.32070	0.02269
1.92604	0.64052	1.75073	0.07197	-1.32486	-1.50108	0.73587	-2.14998	1.01645	-1.30338	-2.11485	1.54194	-1.14211	-0.97506	-1.55635	0.58483	0.27518	0.40493	0.85954	-0.42188	0.44068	-0.02078	1.64396	-0.13888	2.65539	-0.28696	1.04504	-0.68151	0.44263	-0.73383	-0.98265	0.22588	-1.02759	-0.68446	-2.61225	0.48160	-1.09550	1.33910	1.75532	0.89047	0.99094	1.60459	0.64266	-0.47352	0.40884	-0.06344	-0.81925	0.65276	1.80344	0.62646	-0.00778	-1.06990	0.06025	1.08679	-1.26926	-0.11425	0.93179	1.23920	1.29920	0.58636	-0.77064	-0.70355	-1.24396	-1.43373
-0.86810	0.78778	-1.81320	-1.36962	2.21497	-1.96927	0.19685	0.29356	0.56371	0.19505	0.21265	-0.50363	0.39966	-0.49040	-0.25831	1.30329	0.49554	-0.76093	0.71361	0.05662	1.40167	0.23052	0.53332	-0.82213	-0.68170	0.08681	-0.57720	1.82861	1.73246	-0.09633	1.51946	-0.71859	-1.03184	-0.38322	-1.34404	0.61160	-1.00564	-0.02435	1.11276	0.50580	0.01895	0.85082	-0.57094	1.19249	-0.26621	-1.03453	0.47995	0.05822	0.23507	-0.66071	-0.94018	-0.27837	0.50679	-1.65805	-0.93852	-0.75701	0.52303	-1.29579	0.61745	-0.35233	0.40690	-0.31011	-1.42671	0.29152
0.69082	1.06470	1.11866	-0.97452	0.49450	0.29610	0.50134	-0.59762	-2.42381	-1.67627	-0.25921	-0.20103	0.29345	0.01757	0.61665	-0.24603	1.68713	-0.22873	-0.08015	0.82740	-0.77523	-1.55681	-0.06262	0.06893	1.10075	0.77398	-1.52796	0.27332	0.28064	0.06639	-0.71181	0.09914	0.42526	2.68750	-0.30463	0.52422	-1.42023	-0.39464	0.28158	-0.08259	1.94799	-0.97560	1.18668	-1.29840	0.19963	-0.02985	-0.51078	0.45120	1.06615	0.85943	2.09820	1.37576	1.24421	-1.06144	-1.04715	-0.05867	0.78420	-0.08327	-0.20968	-1.15620	0.19047	1.16162	0.53896	0.07053
1.07297	-0.92106	-0.30665	-1.04613	0.48127	-0.52837	-0.89368	-1.95852	-0.03264	-0.57827	-0.25577	-0.09042	-0.16041	0.25467	-0.13914	-1.21351	0.11108	-0.92436	-2.19427	-0.61054	-0.32720	1.68388	1.09053	-0.05043	-0.42255	-0.14318	-0.63514	0.54875	1.79588	-1.93725	-0.73069	-0.71127	0.03424	-0.06512	1.38942	-0.01772	-1.02124	1.80337	0.12323	0.77487	0.38822	-1.46474	1.28227	-1.85355	0.05267	-0.74114	1.21762	-0.44428	-1.00778	0.10419	0.05216	-0.99350	-0.24791	-0.15324	-0.44419	0.76988	0.73849	-1.17031	0.78686	-0.94228	1.07882	-1.57532	-0.89379	0.68448
1.90391	-0.97642	-0.23655	-0.56997	-0.43795	-0.61142	-0.81087	1.04787	-0.34152	1.00783	-0.89378	-0.88800	1.61990	0.29152	0.20102	1.81075	0.07594	-0.75527	-0.81297	0.97532	-0.63036	1.06229	0.92952	-0.03863	-2.32321	0.47227	-0.36158	-1.03753	-0.88052	-1.63076	0.23419	1.14841	-0.32996	-1.21437	-0.70358	-0.00935	-1.47940	-0.59569	-1.25263	0.51128	0.46126	-2.08226	-0.40133	0.71280	1.52740	1.39319	-0.51996	-1.85560	-0.46424	0.24781	-0.53357	1.51356	0.90838	-0.01939	0.08764	0.32928	1.14732	-0.34659	-0.88786	1.25839	0.42385	-0.17105	0.39307	0.79169
-0.33339	-2.17039	-0.08562	-0.08743	0.34451	1.22377	1.27273	-0.14387	1.51234	-0.22531	-0.30486	0.65901	-1.42496	1.51348	0.61749	0.61645	-0.53568	0.19286	-0.69305	1.12466	-1.49997	0.55833	0.78762	-1.18414	0.73153	-0.12599	-0.69626	-0.15816	0.06748	0.69235	-1.01044	1.41189	1.19801	0.27032	-0.90522	0.20827	0.16792	-0.61819	0.89763	0.66054	1.47072	-2.57938	1.23051	1.02231	1.18694	-1.19466	-1.31855	0.90670	1.19610	-0.05596	-0.28563	-2.28615	0.08414	0.71578	1.03947	0.13033	0.09153	0.29272	0.08507	-2.67227	-0.76852	-1.82468	-0.59911	0.81123
-0.34962	-0.34324	-1.53598	-1.57009	1.44060	-0.98687	0.52796	0.81181	0.15950	-0.89276	0.03163	2.41496	0.17112	0.04397	-1.08834	1.11818	1.95646	0.31216	1.25815	-0.44207	-0.93583	-0.28139	-0.17986	-0.66226	0.59179	0.71237	-0.06440	-1.13670	-1.37304	0.61827	-0.82509	-0.19882	0.35384	-0.68875	-0.30984	-0.42607	-0.17514	1.70930	0.89513	-0.68159	-0.14283	-0.08996	-0.81016	1.02310	-0.19976	0.23391	0.06721	1.79384	2.77196	-2.34286	1.83944	1.63606	1.65352	1.12543	0.70460	-1.21227	-0.19568	0.62777	0.42366	-0.78548	-0.64659	-0.15920	-0.37236	-1.57205
0.38023	-0.08742	1.81665	2.79881	-0.06557	-0.28658	1.08591	0.42388	0.89364	-1.13722	-1.00679	-0.10832	0.67340	0.65150	-1.24664	-0.38446	0.37705	0.34525	-0.54353	0.30556	0.71681	0.59538	-1.56593	1.18775	-0.42170	-0.57285	-0.13994	0.16585	0.11250	-1.55094	-0.04218	0.10860	-2.84861	1.85943	0.56585	1.10400	-0.26599	0.24497	1.21014	-0.78809	-1.89288	1.89635	0.33432	-0.36009	-1.19062	0.10716	-0.27568	-0.69588	-0.30857	1.86306	-1.13003	-1.47427	-0.19520	0.33266	-1.64958	-0.76552	0.92288	0.52584	-0.12334	0.02280	-0.65896	-1.35997	-2.43899	0.37558
-0.32655	-0.10468	-0.65650	-0.61224	1.92484	-0.14873	0.30024	-0.14794	-1.81725	-0.00697	1.39049	1.12479	-0.38707	-1.27400	0.63676	-1.29524	-0.51927	-0.04943	0.86192	0.00068	-0.99128	0.59548	-0.36842	1.22088	0.69942	-0.82123	-0.70076	-0.99909	-0.61417	1.48069	-0.82690	-0.25699	0.89998	1.01543	0.52314	-1.33386	0.49184	0.58178	0.71263	-0.06219	-0.82554	1.73512	1.00051	-1.81986	-1.34989	1.02921	-0.18823	0.61993	-0.64450	-0.18358	0.12093	-1.29898	0.43978	1.10790	0.07000	-0.82963	0.88516	-0.17029	1.02560	0.10043	1.12144	-1.90202	-0.27892	0.52496
0.58653	0.29577	-2.02552	-0.12273	-0.70308	0.03493	0.20438	-1.79353	-2.04182	-0.89599	-1.30699	-0.90612	-0.36807	1.01704	-0.70046	-0.61348	-0.57094	0.05847	-0.54362	-0.64439	0.48433	-1.22773	1.22591	-0.14891	1.13735	-3.14646	-2.43024	1.41114	1.86200	-0.81016	-0.06849	-0.65604	-1.19862	-0.50661	0.27318	1.15832	0.58539	1.22353	-1.25011	1.34001	-0.58182	-1.89326	-0.19667	-0.02061	-0.40277	0.44171	1.93416	1.25797	0.01186	0.35982	0.70830	0.76523	0.77316	0.10346	0.96199	0.48993	-0.01330	0.53487	0.30576	-1.96376	-0.37626	0.81072	0.62542	-0.61082
0.60678	2.46481	0.85922	1.17445	-0.24801	-0.72996	-0.48978	-0.27940	-2.01923	0.74806	-1.68255	-1.34127	-1.02728	0.71515	0.42942	-0.69306	-0.27660	0.33773	-2.14117	-1.05497	-1.56779	-1.11608	1.78058	0.14337	0.21490	-0.88607	1.08371	1.39847	-0.19625	-0.94664	-1.32268	-1.64315	-1.30962	-0.49458	0.13117	0.79405	0.43217	-0.94749	-0.44714	0.54978	0.71035	0.17614	-0.56479	0.00631	1.07713	1.05293	0.21403	-0.09616	0.48793	-0.77245	-1.47049	-0.32208	-0.25878	0.10968	0.48905	1.15658	0.97746	0.30925	0.07568	1.42175	0.50978	1.60386	-0.56880	-0.61467
1.38144	0.16810	-0.07196	-0.34357	-1.13691	1.72928	0.86605	3.36171	-0.79734	-1.01559	2.67241	2.22593	0.39870	-0.10795	0.71259	-1.34350	1.92332	1.19034	-0.15206	2.24583	-1.56129	1.37998	-1.46963	-0.88479	2.18890	-0.16904	0.39984	-1.10429	-0.21989	0.57731	-0.77324	1.09965	0.13000	-0.00140	0.28834	-0.35669	1.66422	1.74831	0.62061	-0.88912	-0.27908	1.36259	0.90558	-0.24647	0.24015	-0.11167	0.88375	0.78299	-0.22497	-1.39316	0.12050	1.96152	-0.18362	-2.63982	-1.00034	-0.19231	-0.06341	-0.17080	-0.19398	0.58607	0.37566	0.35108	-1.05741	-0.19620
-1.78504	-0.27357	-0.85918	0.05878	-0.84604	-1.00958	-0.61254	0.29889	0.87566	0.59010	0.07987	0.85365	0.87210	0.99069	1.22122	-0.75222	-0.63692	0.58499	-0.74156	0.60186	0.49462	-0.87191	-0.45725	-0.39694	0.40195	1.13716	-1.05006	-1.83994	-1.17566	-0.42534	-2.12434	-0.61770	1.09674	-1.25982	0.04592	-1.61255	0.50861	0.93915	-0.61375	0.33210	1.88955	-1.32276	1.97178	0.90071	-0.34587	-1.34035	-0.41145	-1.31118	0.78357	0.09993	-0.22816	1.84985	-0.96282	0.53802	1.94425	0.77459	-0.23574	1.79061	-1.09291	0.40840	-0.63387	-0.54947	1.10612	1.36107
-1.74156	-0.46661	-1.03031	0.00865	0.32156	-0.03317	-1.00001	1.37874	-0.91718	-1.27466	0.67125	-0.55300	-0.59024	0.09437	0.51904	-0.61129	-1.16640	-0.36314	0.10252	0.54633	-0.09606	-1.57898	-0.25057	0.51067	0.46097	0.41267	-0.95778	-0.99020	1.92147	-1.13703	1.42951	0.77942	1.12401	1.66368	0.34567	0.19402	-1.37127	-1.07005	-0.04525	-0.09242	-0.85808	0.76852	1.16842	-0.04048	0.54878	0.73004	1.49157	-1.59782	1.11409	1.28559	0.58721	-1.76676	0.37102	0.71816	1.60145	1.70265	-1.19753	0.48155	-0.95388	0.60206	1.71605	-0.67183	0.68994	-1.49155
0.62238	-0.30888	-0.48490	-0.85358	-0.44335	-2.27809	-0.37503	0.93252	-2.56504	-1.02657	-0.04072	0.06748	-0.64873	0.39638	1.47311	0.54374	-1.76476	-0.90034	0.00742	-0.97718	0.02827	1.65853	-1.54136	-0.34026	-0.33670	0.18090	1.22938	-0.38477	-0.49627	-0.79840	-0.09999	-0.90031	0.22342	0.36401	-1.87332	-0.09607	-1.83828	-0.78926	0.76608	1.35079	1.53408	0.82837	-1.48933	0.72125	0.94875	0.34149	-0.62248	1.10019	0.70636	0.06359	-0.89393	2.09807	-0.37149	0.99508	1.42494	-1.48980	-0.50987	1.96038	0.73776	0.03533	1.02466	0.20722	-1.16268	1.63804
-0.73813	0.07732	0.70127	0.00799	-1.04177	-0.23736	0.68670	-1.25464	1.31788	-0.07428	1.10267	-0.54525	0.34279	-0.04385	0.07869	0.87274	-0.86043	-0.47186	-1.55875	-0.23882	1.74366	-1.34732	0.17086	-0.77422	0.09103	0.31453	-0.60531	-0.60239	-0.91217	-0.97342	0.11650	0.15750	0.21773	-0.07678	0.86180	-0.25514	1.12133	1.96391	-1.27848	0.09324	1.48255	-0.51987	-0.72281	-1.21436	1.25591	0.50412	0.00314	-1.04709	0.14213	0.83453	0.86136	-2.34707	-0.62629	-0.48512	-1.70379	-0.00707	-0.66403	-2.41492	0.25462	0.55788	0.05589	0.83454	0.45963	1.18072
-0.40511	0.18075	-0.82730	-0.92192	-0.25626	0.33416	0.52915	-0.51834	0.22894	0.96392	0.80983	-0.18586	1.57772	1.87856	0.77126	-1.34360	0.59586	1.52311	1.90447	-0.93559	0.42799	0.30887	-0.34446	-1.29238	-1.47051	-0.74609	-0.15807	0.64632	0.26265	0.15962	0.07138	0.10867	0.93018	0.77981	1.24840	0.49043	-0.94714	-0.74574	0.58593	-0.28546	1.32000	-0.08743	-0.98631	0.46293	0.83691	0.22325	-1.58282	0.72070	-0.63832	-1.17030	-0.37370	-0.02384	1.98810	1.14517	-1.03361	0.15312	-0.44029	0.78003	1.64032	1.60125	0.27460	-0.97137	-0.73166	1.11528
-0.22228	-0.79080	-0.36783	-0.62707	0.52392	0.14719	0.58761	-0.76860	1.41201	0.72188	0.59753	0.73281	-1.66604	-0.40024	1.46322	0.27510	-0.01866	-0.86596	1.14422	-0.52539	-0.26743	0.82633	-0.34521	-0.00921	-0.01536	0.71367	1.07856	-0.02854	1.05027	1.07618	-0.02703	0.01339	0.06992	0.47579	1.17551	0.82364	0.32967	1.09711	0.73350	0.14881	-1.12600	1.14766	-0.45869	1.89438	-1.14564	-0.67201	-0.44053	1.50439	-0.02121	2.16706	1.53877	0.76630	-0.05338	-0.70566	0.47605	-1.64818	-1.90053	-1.47474	-1.22553	0.48265	-0.36084	-1.55617	-1.42501	1.45807
0.63071	0.47687	1.60909	-0.57251	-0.28977	-0.34136	0.72393	-1.01732	-0.93218	0.87186	0.51991	1.27731	-0.58840	-0.88726	0.31587	0.23705	-0.58138	-0.21878	1.50088	0.53658	0.35359	-1.01060	1.81423	-0.83500	-0.47319	0.43049	-0.30910	-0.26641	-0.96476	-0.34786	-1.63474	0.16226	-0.72036	0.11352	0.44561	-0.60895	2.06886	0.42041	-0.25539	-0.76849	0.50997	-0.13887	-0.66655	0.47265	-0.25136	2.05802	-0.71825	-0.42655	-0.59274	0.63608	1.66685	-0.59528	-0.20278	-0.56920	0.91050	0.02398	-0.07491	0.69326	0.75053	0.37741	0.33635	-0.36754	1.34036	-0.12317
0.26573	0.39434	-0.91008	0.57461	1.05321	-1.73214	-0.48527	0.68482	-0.76807	1.14647	0.44471	0.43332	0.24243	-2.15263	-0.23881	-0.21654	-1.08795	1.98008	-0.08282	-1.11704	-0.42988	0.13511	0.97173	0.75912	0.09285	-1.39589	0.14672	0.38564	1.08893	-0.18104	0.62242	-1.35681	-0.17647	-0.12398	0.88746	1.30493	-1.35593	1.22401	-0.02218	2.09954	0.46623	0.37946	-0.73961	0.52604	0.46389	0.29352	1.56146	-1.01746	1.18820	1.50089	-1.24598	0.42653	-1.15805	0.98227	-1.20541	1.80383	-0.21130	1.28837	0.04340	-0.64052	-0.24309	0.42408	-2.07394	0.92333
-1.13749	-1.46854	-0.60521	-0.11092	-1.42287	1.10247	-0.18220	-0.54103	-0.54131	-2.14524	-2.53181	1.72085	-0.47184	-0.83956	1.30918	1.03739	-0.03086	0.14251	-0.42073	0.63193	1.07267	-0.02021	-1.50774	2.22826	0.10867	1.37159	-0.14648	0.07204	-1.27003	1.64026	-0.94330	-1.05863	1.04829	1.06531	-0.12809	-0.69912	2.56176	0.44885	-1.60681	-0.63767	1.01063	1.22192	0.33062	1.28602	0.83162	-1.08161	-0.75389	1.23952	-0.14151	-0.75194	-2.37093	1.67207	0.91610	-0.49216	0.42177	-2.28881	0.58141	0.13796	0.19917	0.06965	-0.03499	-0.27483	0.23156	0.43536
-0.72961	0.43079	0.28204	2.08812	-1.86933	-1.65721	-0.67881	0.58339	-1.19167	0.34228	0.17388	-0.92116	2.18870	-0.09208	-0.74819	1.55655	1.16719	-0.41369	-1.20957	-0.40367	0.34723	-1.84321	-0.42381	0.05127	-0.47083	-0.68042	2.45073	0.29671	0.29903	0.27613	-0.75665	1.42049	-0.64939	0.30792	-1.12826	0.54949	-1.50669	-0.28859	0.74789	-0.34693	2.05332	-1.67689	-0.26895	0.47448	-0.74021	-0.84824	1.12077	1.01383	-0.03786	1.16541	-1.74897	-1.08786	-1.21666	1.03986	-0.48530	-1.13070	0.93500	-0.50159	0.43650	0.45452	2.21969	-0.21861	-0.23351	0.76402
-0.45753	-0.21547	-1.56929	0.51191	0.12175	0.83210	0.26497	-0.58172	0.04251	-1.76137	0.99146	1.01069	-1.51246	0.99734	-1.83021	-0.16579	-0.61028	1.09629	-0.35524	-0.63246	1.44557	1.30164	0.06052	-0.34297	-0.82971	-0.34120	1.60395	1.02115	1.88674	-1.21016	-1.07262	-0.94943	0.39929	-1.69758	-0.89693	-1.37206	0.79210	-0.62163	0.49750	-0.82288	0.63075	-1.57419	1.88162	-1.19511	0.12753	-0.93891	2.46606	-0.97852	-0.13770	1.75497	-0.74852	-0.21055	-0.51532	-0.22200	-1.61723	1.96239	0.87483	0.22995	2.01850	-1.04184	-0.44759	1.25575	0.57875	-0.25691
0.18738	0.52503	1.59417	0.21836	0.38976	-1.82450	0.16639	-0.50958	-2.65853	-0.57150	-1.61815	-0.34883	-0.19624	0.43474	-0.75347	-1.29385	-1.48307	-0.43413	1.06952	-0.24861	-1.14191	-1.36258	0.05271	1.15559	1.18592	1.30188	-0.98431	0.06066	0.59697	2.06411	-0.15205	-2.01460	0.63609	-0.60283	-0.92867	0.21592	-1.98593	0.27247	-1.35539	1.59579	0.12841	0.10255	1.31340	-1.53548	-2.09199	0.31975	0.57915	-0.26802	-1.48714	-1.27745	-0.44947	0.63984	-0.74615	-0.44461	-1.16152	-0.21653	2.58481	-1.43248	-1.29273	-1.19935	-0.21587	0.39368	2.87503	1.19262
0.15844	-2.09888	-1.37876	-0.95241	-0.35234	-1.66226	-0.90458	-0.24155	0.68314	1.39575	-1.37494	-0.73902	-0.89553	0.41819	-0.89347	-1.07545	-0.45859	-1.34582	-0.78905	-0.72662	1.95452	1.50865	-0.24878	0.25174	-0.06168	-1.26333	1.01821	-0.32178	-0.50009	0.93587	0.53341	1.00458	-0.85632	0.40225	0.10542	0.41195	-1.69351	-1.80570	-2.26815	1.50793	1.30997	0.65372	-0.05626	-0.50938	-1.64942	1.35222	1.01536	-1.75689	0.00589	-0.05353	-0.12329	-0.09100	0.23082	1.51426	-1.36535	1.04063	0.52724	0.23002	1.45829	-0.69186	-1.59223	0.69811	-0.07420	-0.60866
1.47561	-0.83133	1.52512	0.01991	1.22812	0.66491	0.73490	1.26519	0.14189	-0.87710	1.67783	-0.65683	-1.57740	-0.48419	-0.13588	-0.56066	-0.31743	0.20821	-0.65355	-1.43144	-1.05069	0.14742	1.30849	0.30899	-0.49038	-1.71346	-0.23255	0.96997	-1.33835	-0.23926	0.42058	-0.89642	0.07088	-1.88909	0.74226	0.01560	-0.62127	0.10423	-0.38599	1.08202	1.08123	1.05000	-1.29938	1.60398	-0.12977	-0.76306	0.44310	1.40010	1.23809	-1.17814	-0.22336	0.14282	0.34467	0.56813	1.29733	-0.32424	-0.59613	-1.98787	0.69245	-1.48538	0.67121	2.75811	1.37364	0.12131
-0.91382	0.02085	1.25173	0.00180	-0.65691	-0.68732	-0.39120	0.04114	1.79822	-0.89605	-0.95078	-0.04545	-2.08626	0.61979	2.00713	-0.15223	0.36064	0.14796	-0.60640	-0.68216	0.73080	-0.32899	-1.57951	0.71139	-1.95292	-0.77681	0.02903	1.56591	0.00210	1.74965	0.88190	1.31203	0.89337	0.19980	0.12130	-0.27045	-0.07810	0.73322	0.09362	-0.07614	-0.71312	-0.10371	-0.75830	-0.13085	2.34406	-0.95664	-0.60241	-0.45689	-0.86117	0.31552	-0.93065	-0.09420	-0.15446	2.31359	0.65265	-0.35853	0.38681	-0.09636	0.10417	-0.58951	2.26893	0.80758	-0.34071	-2.43081
0.55348	-1.35967	0.81287	-0.47118	0.23450	1.99957	-0.37507	-0.09678	-0.15437	-0.23453	0.07860	-0.94827	3.07183	0.99712	-0.00790	0.59105	0.98976	-0.85808	0.07777	-1.13608	0.53898	1.41529	-2.62500	-0.76752	-1.00753	-0.11638	1.81142	-1.40485	0.03414	0.47219	0.22169	0.77846	1.65175	-1.05966	-1.49036	1.06856	1.29201	0.05329	0.63472	-0.10878	0.21427	0.36528	-0.70214	-0.50103	1.57922	0.44841	0.74503	-0.16322	-0.84715	0.45031	0.11517	1.14441	0.57909	-1.81036	2.14436	0.84698	-1.63947	-0.65987	1.26596	1.22668	-1.04970	0.21512	-1.72540	0.96932
-0.39332	0.72521	1.03988	1.38985	0.54562	-1.32628	1.37915	0.75107	0.31710	1.51075	-0.89583	0.63978	-1.05922	-1.21118	-1.40050	1.25079	1.01427	-0.38445	-0.49974	0.05196	0.82625	1.13185	1.71398	-2.06792	-1.06718	0.09432	-0.43906	0.43140	0.56225	0.09763	2.21461	-0.14156	-1.27317	0.17944	1.37382	-0.53848	-0.33917	-0.08982	-0.48927	-0.98235	-2.38091	-0.24581	-0.34971	-1.75413	-0.98301	0.46246	1.62713	-1.29808	-0.67381	-0.50713	-0.24919	-0.98022	-0.07916	0.07886	0.08049	-0.32701	0.65396	-0.16380	0.66041	-0.97694	0.60149	-1.27052	-0.96826	-0.52709
0.48347	-1.31286	-1.55493	0.04886	0.67348	0.88424	-0.03714	1.85304	-0.78694	1.36085	0.95625	1.31851	0.71656	-1.13820	0.39412	1.36955	-0.45715	2.26438	-0.55660	2.21471	-1.60670	-0.49449	-1.45734	0.01066	1.28876	0.03328	0.60795	-0.32879	-0.07732	-0.37879	1.65244	-0.92836	0.50939	-0.86305	0.70944	1.79184	1.34895	-0.59248	-3.36059	1.52157	1.87667	1.32854	0.78244	-1.62623	-1.28918	-3.23477	0.59254	-0.29870	-0.77800	-0.08246	1.88869	0.68838	-0.15141	0.29657	2.14818	-1.41841	0.63602	-1.41126	-1.42719	1.14422	1.60370	0.29609	0.12023	-0.09926
-0.33243	-0.61972	1.54756	-1.81377	-2.14603	0.05841	0.16526	2.62167	0.37959	-0.02751	-0.00492	0.49580	-0.15785	1.25803	-0.57499	0.27993	1.52307	1.22870	-0.90718	0.74887	-0.56651	-0.50710	-0.50119	0.12960	1.35369	0.53809	0.52784	-0.89489	0.45996	-0.69318	-0.89965	-0.09542	0.73993	-1.09059	-0.31212	0.36449	-0.12626	0.87978	-0.40832	-1.49507	-0.76701	-0.73464	-0.89005	0.13791	-2.73239	-1.02655	0.78371	0.70691	0.41512	1.09490	-0.33148	0.16446	-1.05429	-3.05789	1.15287	-0.83305	-1.12483	-0.64443	0.81014	1.46717	-0.23436	-0.78105	0.45317	1.21279
-0.34469	0.72782	-1.06015	-0.91330	0.30210	0.35330	-0.44602	0.82628	-1.01519	-1.17487	0.11544	1.75396	0.83829	1.24705	-0.49941	-0.77101	-0.38829	0.31678	0.85322	0.04528	-1.24959	0.38839	-1.08588	-2.02698	0.70608	0.90669	-0.13911	0.68239	-1.35086	0.25783	-0.72619	-0.11315	0.39485	-1.01003	-0.71761	-1.27979	-0.09700	-1.36537	-0.44722	-0.47066	0.22346	-0.12106	-0.46260	-0.28684	-1.72107	1.51409	-0.94218	-0.36221	0.14765	-0.15553	0.57203	-1.96109	0.18280	0.92456	-1.41593	-2.62548	0.30100	-0.13571	-0.54294	-0.35966	-1.02986	0.97806	-0.34759	-1.15903
-0.62405	-0.33747	2.24798	-0.34331	-0.28210	-0.22728	-1.41447	-0.46792	-0.30777	1.09224	-2.03044	-1.50579	-1.16633	1.99844	0.28389	-1.65662	-0.92559	-0.55315	0.15752	-0.08987	-1.06428	-2.64445	-0.76370	-0.52521	-1.37349	-1.53653	-1.79889	0.73208	0.83396	-0.47645	1.43123	-0.78730	-1.11507	0.00718	0.04260	1.44789	-0.38591	-0.25091	0.34543	0.70352	1.71640	-1.61052	-0.68110	-0.19060	1.16967	0.65346	0.29205	-0.13808	-2.44442	-0.15009	-0.15831	-0.02730	-1.18664	-1.33148	-0.13759	-1.27257	1.08712	1.34225	-1.00839	-0.98486	2.15294	0.58918	1.95862	1.90481
0.44071	-0.04303	1.65992	0.80262	1.47502	0.63746	-0.92143	0.62524	-0.10366	-1.50083	1.01192	2.27945	-0.27013	-2.31518	1.37649	1.43206	1.36552	1.42483	1.15943	0.99076	-0.93969	-1.88659	-1.24179	0.48947	-0.21939	-0.04812	-0.47845	-2.79960	-0.72890	2.33337	0.19683	-0.81242	0.26744	-1.21125	-0.36904	-0.89798	-0.21729	0.54257	-2.29721	0.28154	1.11333	1.27816	0.70885	1.45733	0.62873	-2.05880	-0.28600	1.35684	-0.85000	-0.24340	-1.03634	-0.44601	-0.43644	-0.23819	-0.39620	0.56024	1.69138	-1.09017	1.33400	0.17982	-0.36581	-1.03755	-0.50611	-0.35771
0.36172	-0.58453	-0.03405	0.68219	-1.63885	-1.03261	0.09130	-1.57156	-0.70510	0.52410	-2.44065	-0.15089	0.50205	-0.52975	-0.92038	0.49292	-1.87960	1.03954	0.09213	0.41386	0.81638	0.28217	-0.16140	-0.23923	-0.49266	-1.81145	-1.04573	-1.34080	-1.10642	-1.51194	-1.28656	-1.57712	0.02187	-0.05633	1.08151	1.55522	-2.74290	0.47796	1.52684	1.02329	1.84157	-0.45295	-2.29879	-2.01699	1.59224	0.55292	-0.10564	-1.89482	-0.21862	1.40351	-1.12447	0.37907	1.33201	0.32337	1.18815	-0.75316	1.90234	1.54858	0.94981	0.99998	0.40765	-0.23235	1.28463	0.79124
0.02903	1.08884	0.48170	-2.15161	-0.40709	-0.61077	0.54040	0.50592	-1.29461	0.21788	-0.36213	1.35322	-0.30566	-1.21743	0.84008	-0.30788	-0.25836	0.71288	1.30524	-1.00746	0.76176	-0.38521	0.78148	0.59960	-1.27467	-0.73087	-1.03298	-1.15623	0.41310	-0.89692	-0.97963	-0.05659	-1.02790	0.53353	-0.95953	-0.22534	-0.92117	0.08399	1.51351	0.34746	0.74879	0.21949	0.14390	-1.17960	0.85602	-0.97059	1.30052	0.71088	0.25642	1.65767	-1.04503	0.09877	-1.13308	0.16852	0.95488	2.40542	0.32181	0.25119	-0.56223	1.39693	-0.82387	0.36617	1.21858	0.35457
-0.29372	1.19641	-0.93838	0.81901	-0.56367	0.77910	-0.65418	-2.57947	-0.44028	-0.81726	-0.40769	0.78408	0.66457	1.49565	2.01988	-0.08810	-2.67942	0.12206	0.04604	0.86081	-0.33828	0.39555	-0.48329	1.05547	0.40260	-1.07094	0.70478	1.61521	0.43003	0.21801	0.41737	0.01656	1.91069	1.48998	-1.45766	-1.18014	0.50401	-0.43503	0.05324	-0.34827	1.08755	-0.23479	0.71870	0.28817	0.00238	0.98453	0.51667	-1.08852	0.72883	0.47648	0.65298	0.96507	-0.71950	-0.10129	-0.12051	1.29125	-1.14516	0.08823	0.27624	0.64228	-0.62259	-0.61348	0.29927	1.09929
-0.27877	0.22886	1.50540	0.37682	-0.01273	-0.47658	-0.79264	0.14858	-1.64655	-1.71425	-0.84721	1.08497	-0.56255	0.11444	2.08103	-1.55347	-1.35255	-1.31811	-0.42611	0.14222	-1.21034	-0.15758	0.46253	-0.24141	-0.09623	0.01600	-0.37628	-1.19904	1.12130	-1.69809	-0.76611	-1.98517	-0.31184	-1.07976	-0.05326	1.53509	-0.71558	0.44198	0.63124	1.92533	0.26784	1.87594	1.44508	2.02471	0.90182	-0.48291	2.15897	-0.75052	-0.79192	1.91184	0.45521	-0.43766	-0.25552	1.96064	0.61455	-1.87196	-1.28191	0.20015	1.06741	-0.22708	0.07506	-2.40962	0.70139	1.62935
-0.12858	0.33735	-1.77471	-0.28494	1.88190	0.50851	-1.95934	-0.48682	1.13437	-0.24243	-0.98044	-1.43927	0.84177	-0.29820	0.54841	-0.08401	-0.03755	0.03645	-1.81518	-0.18336	-1.29301	0.65511	-1.41134	1.18450	0.00207	-1.96735	0.95371	0.56136	-0.32305	0.46688	-0.05755	-2.01208	0.53406	0.95241	-1.52177	-1.13465	1.43433	-1.75209	0.01539	-0.10518	-0.77856	2.40284	1.73817	0.79919	-2.05271	1.17902	-1.36003	-1.36244	-0.65958	-0.46697	1.72361	-0.45621	1.90092	0.41645	-1.48705	-0.70455	0.26688	-0.60830	-0.34216	-0.04292	1.05091	-0.65905	-1.42404	-0.49812
-1.41672	-0.27646	1.21098	0.75493	0.19178	-1.34037	1.83297	-1.12872	-1.29704	1.25456	-1.44692	0.83064	-1.77770	1.02925	-1.58560	0.73350	0.54930	-0.96421	-1.22563	0.26447	2.75767	-0.73459	-2.30514	0.65765	1.02365	0.74912	-1.11713	1.15238	1.15022	-0.30198	-0.87296	-0.48482	0.48316	-1.53141	0.38442	-1.09205	-0.67235	-0.57276	-1.26604	0.45393	0.25003	-1.89520	-1.06284	-0.16459	1.11983	-0.15604	-0.41198	2.18149	-0.20343	1.25737	-1.08572	-1.36754	1.27435	-1.01348	-1.22243	0.96167	0.49787	1.67536	1.15325	1.41251	0.30298	0.94517	-1.34611	0.62806
0.35070	2.35834	-0.19874	-1.03243	0.08387	0.45527	0.43956	0.64529	-1.92374	-1.41948	-0.87736	-2.16725	-0.23310	0.86989	0.15355	-1.07468	0.34831	-0.23993	1.11176	0.58347	0.18596	-1.91745	0.68687	-0.16970	-1.20913	0.31691	0.56818	-0.22438	1.22714	0.24208	1.44247	-1.28187	0.72652	-0.27446	0.38359	-0.08475	0.11846	-0.53922	-0.82876	-1.66414	-0.98716	-0.24016	-0.52463	-1.02806	-0.23530	0.35626	-1.84460	0.38433	2.30185	0.13708	-0.32519	-0.45809	-0.83081	0.35371	-0.61499	-0.57527	0.84192	-0.98417	0.80223	1.51723	1.06405	-0.07601	-2.08849	-0.01266
0.46809	-2.22672	1.22373	0.78935	-0.43292	-0.53257	1.01884	-0.50382	1.28160	0.44262	0.36094	-0.32236	-0.01862	0.82593	-0.09798	-0.42542	0.64818	-0.58670	-0.31430	-1.26801	-0.97540	-0.25906	-0.38346	0.89956	-0.48067	0.88975	0.63081	-1.52096	-2.89907	-0.56360	-0.80573	0.18879	-0.61037	2.36073	1.69363	0.55224	0.99724	-0.21064	-1.40742	1.46429	-0.54527	0.12052	0.76268	1.81464	-0.80918	-0.21997	1.48282	-0.80156	0.62522	-2.16964	0.98406	-0.75959	0.59456	0.65029	0.09757	-0.74928	0.71006	0.16807	-1.13143	0.34204	-0.61127	-0.45459	0.26391	0.47331
0.57133	-0.29436	1.34940	-0.36403	0.04273	-0.54201	-1.14659	-1.09928	-0.18614	-1.03927	-1.02414	0.69589	0.45915	1.40985	-0.93052	0.96159	-0.31583	-1.00449	0.35470	-0.18136	-2.19193	-0.98042	0.19935	0.19265	-0.68629	0.58619	-0.39457	-1.28117	0.94239	-0.23803	0.20965	-1.33383	0.56197	0.30013	1.34769	1.09289	-1.08388	-0.81380	-0.92653	0.24351	1.12426	-2.01048	0.50623	0.20088	1.52239	0.55239	-1.65564	0.07720	1.74195	1.14071	1.65190	-1.06632	-0.32434	0.93448	1.80915	-0.73566	-0.35636	0.35683	0.35241	-0.82781	0.13637	-0.54067	-1.06026	0.30582
0.61156	0.74983	0.35267	1.19864	0.21442	0.48783	1.14602	-0.73573	0.17692	-0.38424	0.66140	0.26943	-0.14749	-0.97395	2.61007	-0.90832	1.04638	-0.32548	1.03547	-0.67296	0.67131	-1.01108	-0.03953	2.11042	1.17068	0.50812	-1.66615	-0.48437	0.35410	0.93044	-0.61567	-0.76676	-0.72927	-0.03609	0.20832	1.20463	2.68646	-0.12900	0.61905	-0.12102	1.32207	0.82954	1.01634	1.28050	-0.10449	-0.77686	-0.58308	0.55495	0.64764	-1.80259	0.60299	0.68139	0.61081	-1.80424	-0.45711	-1.49308	1.22599	-0.05605	-1.36296	0.61366	-2.51006	-2.23844	0.12437	-1.00244
-0.14773	0.37998	-2.26712	0.74728	0.73863	-1.05488	-1.02635	-1.53333	0.27720	0.66971	-0.39489	1.55824	2.34547	-1.89616	0.94993	0.19809	1.69282	1.22315	-0.74332	1.33854	-0.24400	1.00534	-0.33901	1.02040	-1.59529	0.53774	-0.99204	1.87955	-0.84206	-0.89088	-0.96553	-0.22010	0.65368	-0.64021	-1.36215	0.94020	-0.33538	0.68245	1.00568	-0.64197	-0.52103	-0.72111	1.23829	2.61417	1.52224	1.66778	-0.11894	0.01066	-0.30680	-0.99095	-1.00204	-0.14777	-0.00032	1.46155	0.90630	-1.87015	1.93565	0.28682	-0.09755	0.87536	0.42570	-0.93112	-2.24431	0.31048
-0.28515	-0.11112	0.00803	0.78812	-0.61043	0.13945	-1.26454	-0.20652	-1.43859	-0.01242	-0.27535	-1.09019	-0.97568	0.89176	0.21309	-0.51616	1.64243	-0.04483	0.48835	-0.23400	-0.39168	-0.57348	-1.74636	-0.95358	-1.24756	-1.93133	0.23129	-0.38391	-0.56618	0.18087	2.51844	-0.01430	0.81157	-0.07892	0.01956	-0.13590	0.03162	0.16534	0.28835	1.55421	-0.16499	-0.27379	-0.85792	-0.94146	1.58917	0.50441	1.41640	-0.61158	-0.05853	-0.45327	0.28703	-1.03460	-0.03205	-0.39440	0.57176	0.13763	-0.22735	1.16314	-0.05841	-0.15377	-0.30027	1.58701	-0.14636	-0.14499
1.10097	-1.62348	0.56049	-1.11226	0.84638	-0.85172	0.59193	-2.23142	1.96884	0.48897	-0.57950	0.46904	0.00059	-2.00678	-0.83000	0.83567	-0.31774	-0.19693	-0.72552	-0.75007	0.59101	0.79974	-0.07925	-0.53009	0.29680	0.31940	-0.98090	2.06935	-1.50139	1.93487	-0.34977	0.73392	0.49058	1.51962	-0.09290	0.92521	-0.66855	0.98923	1.29759	1.12286	-0.87714	-0.75031	-1.08226	-0.08100	1.95111	1.39807	0.47636	-0.34824	0.14346	0.23428	1.64963	0.95291	-0.59981	-0.47191	-0.31649	2.36525	1.05176	0.69253	0.54830	-1.22467	2.22586	0.01711	0.62535	1.77748
-1.08105	-2.16321	-1.00505	-0.00670	0.59354	1.05082	-0.72681	-0.28080	0.65521	-2.06040	1.29749	2.26022	0.01600	-0.43759	-1.37065	1.07361	0.97388	0.16865	-0.34830	0.47584	-0.23392	0.68621	-0.06507	-0.73690	1.48471	1.72694	-0.13777	-1.07610	-2.30885	2.06136	-2.74070	0.26612	1.02482	-0.88692	0.43938	-1.55735	0.65956	0.09401	0.72731	-1.70210	-1.70299	0.51039	-0.69004	1.55114	1.01350	-1.02623	-0.88236	0.10868	2.08261	-0.15759	-1.40971	2.32921	1.07158	0.00629	-0.61669	-0.47390	-1.82314	0.38296	-1.17421	0.14618	-1.90135	-3.35475	0.00847	-0.13517
-0.85165	-1.00395	-1.46158	0.99272	1.16133	0.90771	1.64549	2.07875	0.17742	1.85671	1.40009	1.60904	1.96316	-0.97511	2.18328	0.23491	0.43664	-0.44834	0.98415	-0.21691	-2.47214	1.13070	-2.23038	1.46001	0.61568	0.62151	0.61282	-0.33596	-0.20461	0.36747	0.30364	-1.89153	-0.93312	-0.43486	-0.40874	-0.87424	0.01064	1.17919	0.03969	-1.01935	-0.17677	-0.48572	0.03280	0.74125	-0.85903	-1.31662	-0.56570	0.39462	-1.80702	-0.46726	0.10160	0.50583	1.91270	0.11059	-1.02641	-1.59256	-1.30721	-2.02845	-0.26225	0.17665	-3.73743	-2.33014	0.94253	-1.65461
0.57811	0.27621	-0.98676	0.54138	1.99954	-1.38333	-0.01729	1.84974	3.32595	0.22418	0.95126	2.76032	-0.02419	-2.36197	1.15867	-0.07513	0.58590	1.00497	1.14213	0.47215	-0.72068	0.17206	-1.22443	0.53188	1.74347	-0.25952	0.81431	1.16375	-0.28870	0.51223	-0.59670	-0.21178	2.16442	-1.08053	-0.33678	-0.02874	2.07175	-1.06448	0.21677	-0.26933	-1.24161	-0.00300	1.23658	0.13253	-0.83263	-0.30724	-0.25205	0.94577	-0.72867	0.77021	0.78595	1.37354	-0.73647	0.95382	0.91521	-0.71645	0.78217	0.28067	-0.07538	1.31531	0.16990	-0.44544	-1.23041	-0.11304
-0.17729	2.04086	1.16201	1.86114	0.08454	-1.44554	0.33637	0.61173	-1.90226	-1.49365	0.99415	1.56020	-0.73125	-0.36230	-3.12690	-1.57522	-0.45775	-0.96289	-0.56075	0.98838	-1.72056	0.82297	1.05407	-1.11319	2.11558	-0.89779	-0.52599	0.80654	2.47843	0.60587	0.60662	-1.33930	1.81029	-0.05824	1.12338	2.34632	-0.94482	-0.54620	0.68795	1.96453	1.06617	0.64794	-1.03961	0.00115	0.36461	0.67799	0.83204	0.76257	0.22083	0.70172	-1.36762	0.57061	-1.38690	-0.11734	1.69626	0.53315	0.55338	1.09941	-0.60459	-1.01392	0.09009	0.13220	0.32973	-0.74431
0.24308	1.10640	-0.08364	0.09626	-0.25234	-0.80177	0.31782	-0.35106	2.02060	1.79498	1.10344	1.35168	0.31918	1.03449	-0.27930	-0.10078	-0.32518	1.10146	-0.12891	1.04196	0.63532	-0.19116	-1.12444	-0.62734	1.08188	-0.97095	1.89934	-0.73884	0.62702	2.09007	1.24465	0.45398	-0.04357	0.48574	-0.21903	0.40958	0.38036	-0.83102	0.15153	-0.99122	-2.18478	-1.43842	0.08706	0.28432	-0.46309	-0.95745	1.68588	-1.67576	1.17307	0.68397	-0.22823	0.35499	-0.09868	1.08891	-0.09623	-0.37722	0.76775	-0.75167	0.21000	-1.55910	-2.92726	0.87407	0.22639	1.26553
0.45171	-0.99210	-1.56172	0.71001	-0.23769	-0.52305	1.22244	-0.48653	-1.28045	0.50359	1.28054	1.07157	-0.12261	-0.44930	0.25844	-0.30763	-1.54166	0.70016	2.03684	0.91039	0.89026	-0.44684	-0.94035	-0.96783	-0.01973	3.16620	-0.34956	-1.85914	-1.10431	1.63941	0.51593	0.97010	1.25064	-0.29965	0.95732	0.88682	1.00121	-0.24659	1.52874	0.15536	-0.73677	-0.01356	-0.67256	0.91857	-0.04011	0.57274	-0.02788	-0.92447	-0.20368	-0.26326	1.45433	0.61393	1.03407	-0.90941	-1.42046	-1.00056	-1.13487	-0.76409	1.85630	-0.01624	-0.70310	-1.01274	0.63143	-0.08381
0.26877	-1.40944	0.72832	-0.78038	-2.24933	-0.79821	-0.29396	0.20790	-1.23047	0.77235	-0.95763	0.52957	-1.30450	-1.16956	0.19740	-1.14009	-1.02121	-0.81634	-1.10825	0.74121	1.04688	-1.20941	1.24421	-0.45971	-0.12029	-0.30848	2.46356	-0.61676	1.27688	0.19009	-0.38595	-1.79286	0.05637	-1.77579	-0.20091	1.34299	0.95150	0.80624	0.13029	-0.22226	-1.21703	-0.28215	-0.14531	1.03443	-1.16313	-0.00788	0.79332	-1.56873	-0.92819	-0.49544	-0.19919	0.22102	0.91322	0.46894	-0.75366	0.70093	0.61053	0.29966	0.84092	-0.38718	0.68766	0.68125	1.31259	-0.26675
0.57127	1.53774	-0.99159	-1.04285	-0.87452	0.04558	-1.16137	1.54123	-2.20769	1.27542	0.14298	-0.23243	-0.65823	0.02826	-0.58156	-0.92315	0.54005	-0.12657	-0.03720	0.51634	-0.34560	-1.08596	-0.46605	-1.59685	0.54395	-1.34846	-0.01345	0.48006	1.53664	0.37476	-0.12598	-1.69862	-0.38464	0.35442	0.98719	0.73977	-0.13785	2.49929	1.27550	-0.68372	0.84343	-0.61606	-1.47207	-0.91801	0.63757	-0.53325	0.81983	-2.30533	-0.79621	0.08425	0.17222	1.44838	-0.25826	-0.61908	-1.18775	-0.46161	0.40898	1.58038	-0.17117	1.47865	2.02211	1.70462	1.24154	0.67746
0.03112	0.56889	-1.87903	-1.65121	-0.37056	1.64351	0.16362	0.84862	1.22674	0.83526	0.37750	0.36625	0.68045	1.64812	1.03217	-0.66812	-1.08317	-0.62274	1.86815	-0.92930	3.24747	-0.83051	-1.91915	0.64358	0.36947	0.95095	1.25139	0.41861	-0.38135	-0.52737	-0.84437	-0.87201	0.43517	-0.29521	0.06451	-0.21559	-1.84959	-0.14490	0.44074	-0.62777	0.62584	2.61309	-1.06174	-0.22917	0.26109	0.75004	0.15826	-0.08014	-0.01710	-1.51640	0.28102	-1.06601	-1.06412	-2.23013	0.73596	-1.12977	-1.63742	-0.75991	0.22458	0.49556	-2.06356	1.30902	1.00218	0.03768
0.54350	1.19036	0.24249	0.36907	1.04704	0.47578	-0.31267	0.75440	0.96043	-0.78041	0.16179	1.32467	-1.93362	-0.55841	1.06671	0.69165	-0.28094	0.32516	2.10675	-0.23857	-0.42327	0.48353	-1.82747	-0.81526	-1.33895	-0.41960	0.94256	-1.18450	-0.23652	-1.11004	1.69991	0.64672	0.85583	1.20332	-0.85685	-0.37840	-0.38335	1.26835	0.31177	-2.38042	-0.01582	-1.90319	-2.14516	-0.58497	1.81221	0.85327	-0.39695	-0.82186	-0.12883	1.23441	0.48742	0.80946	1.21238	0.43973	0.81496	1.16266	-0.59958	-0.42333	-0.69003	-1.31261	0.69332	-1.24488	-0.75587	1.23177
-0.10731	0.59635	0.61837	0.00719	-0.03990	-1.40383	0.51321	-0.28153	0.73414	0.48001	1.53778	0.16291	0.20762	-1.48428	0.64596	0.13947	0.68676	0.81908	-0.26968	0.00311	1.35466	-1.31274	-0.64138	1.79384	0.54467	0.36018	-0.03312	0.38318	-0.18048	0.89021	0.61101	1.36325	1.66110	-1.18115	0.35106	0.98161	-0.28536	0.29645	0.48626	-0.97750	-1.11856	-0.53310	-1.22903	0.23420	-0.73562	-0.20535	1.23594	0.16902	-0.74738	-0.36298	-0.73634	0.30364	2.39396	-0.81976	0.70276	0.34185	-0.56938	0.03815	-0.34207	0.37520	-0.85911	-2.10595	-0.55208	-1.26419
-1.66052	0.92020	-0.33789	-1.75772	0.35328	1.05409	0.95709	2.15966	-1.76687	-1.46015	0.40719	-0.08830	-0.04012	-0.96099	0.09767	1.51276	0.68324	0.55861	0.88570	1.37434	-0.26794	1.46977	-0.18741	0.24106	-0.01636	-0.52411	0.31524	2.48829	-2.36101	0.23385	0.58441	-0.32813	0.64072	0.45437	-0.66804	-2.83166	1.10058	-1.95682	0.67632	-0.41968	-0.09089	0.50550	0.86798	1.19117	-0.76810	1.18733	-2.18347	-0.93942	-0.65179	-0.37124	0.44705	0.75845	-0.55394	0.04247	1.38149	-0.72290	-1.61156	-1.88340	-0.50385	0.17600	-1.20307	-0.90832	-2.01325	-1.12959
0.38309	-0.10146	0.35730	0.60305	-0.59952	-0.47635	0.28103	0.80353	0.05479	-0.12510	-0.66193	-0.91463	1.08274	0.17857	0.81487	1.17166	-1.28964	-1.90546	-0.65737	-0.50633	0.61256	0.68366	-0.20176	-0.22877	-0.02357	0.75316	0.29464	1.57780	-0.76030	0.72974	0.63645	-0.88088	1.68947	-0.84457	-0.17235	0.34008	-1.23105	-2.01535	-1.47028	1.29079	-1.15388	0.27408	-1.23153	0.58451	-2.02841	0.77414	-0.62806	-0.97848	-0.78536	-3.35430	0.58332	-0.42592	1.68978	-1.37547	0.97099	0.71608	0.20673	1.04294	2.09043	-1.09090	0.69613	1.25947	0.19021	0.00718
-0.24296	-0.12540	0.65502	0.33228	1.25581	0.72700	0.18112	-0.86612	-0.07521	0.70132	1.36151	-0.44751	1.29814	-0.34211	-2.46897	0.58277	-0.53920	-0.24843	-0.36163	-1.39145	-1.26648	-0.80572	1.04891	0.81242	-0.54090	0.70251	-1.26044	-0.07481	1.12958	0.03000	1.13406	-0.15576	-0.04553	-1.00248	0.49692	-1.28377	-0.59988	0.10010	1.62273	-0.31725	0.10276	-0.76135	-0.11104	-1.65332	-0.27082	-1.99067	-0.08001	0.62786	-0.54884	0.85678	0.09591	-0.28992	0.78604	0.66810	0.32515	1.51067	1.04470	-0.95043	-0.78763	1.38450	-0.75124	-0.43172	-0.08832	0.03184
-0.82642	-0.42953	-1.58903	-0.08827	-1.12976	-0.86694	-0.63899	0.15608	0.04290	0.77537	-0.17034	-1.30292	1.27655	-1.22023	-0.50999	-0.44802	-0.28101	-0.70843	0.51068	-0.28954	0.67220	0.32078	-0.14439	0.14182	0.90316	1.28688	-0.34861	-0.81512	-0.17487	-1.53203	-0.35738	0.69432	0.79069	0.32911	-1.56383	-0.04770	-0.11439	-0.36974	-0.85550	-0.20708	-0.09026	-0.68988	0.32566	0.81511	-0.96678	1.42689	-0.88156	0.28075	1.21271	-0.72125	2.24776	0.36799	0.97947	1.05365	0.66878	-2.17176	-0.46728	0.31259	-1.44520	0.13899	-0.25391	-0.09642	-1.39208	0.85420
-0.33299	1.61504	-0.32996	1.13135	0.38141	-1.01126	1.20559	-1.10272	0.24375	-0.34172	0.54352	-1.66911	0.44469	0.24348	-0.22574	-0.24458	-0.41727	-0.77168	0.18198	1.66027	0.14060	0.57169	-0.45097	0.27401	-0.63294	0.94969	-1.24601	0.10370	1.40265	-1.17665	-0.59039	-0.00005	-0.33814	0.73902	-0.30455	-1.66972	0.38901	-0.29614	-0.96618	-0.52619	-0.66427	-0.78452	-1.40793	0.53425	-2.68967	-0.66693	-3.68788	0.18881	1.65035	-0.24827	0.12653	1.67545	0.49245	-0.01481	0.84049	-1.36951	-0.43812	1.04953	-0.98753	1.27543	1.04976	1.27896	-0.38320	0.30418
1.47449	-1.79031	2.20835	-1.24816	-1.25615	-0.23476	0.87572	-1.43248	1.12702	0.63856	-1.10694	1.67729	-0.75613	-2.45177	-0.80416	0.38882	-1.84963	-0.49450	-0.49361	1.07026	0.45862	0.29793	0.11494	-1.93117	-0.06157	0.61164	-0.24414	2.74131	1.65079	0.69132	0.57538	-1.28389	-1.50009	1.19795	0.85825	1.00716	-0.61707	-2.12546	-0.37630	-1.05688	0.32727	-0.43657	-0.32595	-1.05174	0.35925	0.53595	-0.02895	0.80765	0.14853	-1.49162	-0.89524	-1.87972	1.09587	-1.13260	0.75473	0.97351	0.72251	0.61826	1.46041	0.91373	-0.82383	-0.85179	0.42521	-0.51711
-0.21477	-0.19286	-0.58609	0.74340	-1.68036	-0.17688	0.09678	-0.56078	0.73919	-1.37468	-0.78917	0.12493	1.37482	-0.02713	-2.42146	1.67109	0.79082	1.90242	0.43138	-0.58481	0.07606	-0.33513	0.44522	0.23413	-0.50928	-0.74815	-0.18269	-0.46741	0.14187	-0.34787	0.10635	-0.86555	1.43577	0.65698	0.76674	-1.06849	-0.38148	-1.32361	0.03378	1.12042	0.17126	-0.55254	-0.24112	0.26452	-0.11878	-0.68300	0.25949	0.36424	1.66604	-1.01211	-2.11802	0.25264	-0.11831	0.89727	-1.47343	0.70877	-0.03504	0.27776	-0.03629	-0.09913	-0.26137	-0.46371	-0.49195	0.37087
0.05278	2.76552	-0.92144	0.57320	1.53516	-0.60835	-0.74088	-0.61657	-1.36133	0.59479	1.14890	0.30967	1.96574	0.35654	0.81421	-2.24480	0.72371	0.24215	0.55443	-0.88356	-1.41338	-0.33154	-0.14195	-1.00125	-0.13304	-0.62065	0.75853	1.59029	2.05260	0.03695	-0.73981	0.30444	-0.62331	0.41448	-1.29379	-0.08526	-1.09043	-0.65811	-0.69734	-0.62176	-0.06376	-1.10347	-0.85643	-1.27311	1.47896	0.22330	-0.01206	-0.23353	-0.10745	1.37089	0.70476	-0.29677	1.83773	-2.01194	-0.50109	0.02166	-1.34014	-0.86835	1.37083	0.43195	0.54183	0.51316	0.01551	-0.78992
0.54828	1.19379	0.15486	0.75156	-0.18106	-0.02149	1.18814	1.02148	-0.78650	1.21164	-0.61294	-2.16172	-0.26645	-0.11522	-2.09158	1.41541	1.69610	0.58181	0.26193	1.79612	-0.03767	0.33765	-1.27672	1.32383	0.26753	0.58913	-0.16487	-2.15759	0.70731	0.69044	-0.72930	-0.36364	0.07230	-1.35511	-2.11182	1.39396	0.89317	0.04586	0.01082	1.34286	2.83303	0.22919	1.35793	-0.97769	-0.07415	3.90266	-0.22213	1.00789	0.54046	1.00690	-1.64119	-0.90450	-0.97499	-0.18417	-2.01139	2.18459	-2.18859	-0.98980	-0.59622	0.59365	0.57533	0.45447	-0.32650	-1.78480
0.84512	-0.40652	-0.93167	-0.55874	-0.54645	-2.02947	1.53744	-0.46219	-0.31386	-0.29305	1.84671	-0.81132	-1.91823	1.53592	0.71549	0.62912	-1.48489	-0.48446	1.11359	-0.38554	0.22992	1.34123	1.57700	-1.78615	0.96179	1.15410	1.95842	-0.01001	0.34598	0.70984	1.08553	-0.88375	0.54137	0.36123	-0.37959	-1.62542	-0.68581	1.07627	0.01326	-0.10046	-0.51290	1.29762	-0.42314	-1.07789	-0.22189	0.16478	0.78408	1.28149	-0.35185	0.12950	1.22149	0.83387	1.82031	-1.13494	0.24408	1.81513	-0.17470	-1.39289	-0.56800	-0.93629	-0.90988	1.05199	0.45712	-0.43770
-0.66090	-1.09747	-1.24808	-1.39880	-0.19615	0.37603	-0.70897	-0.11031	-0.55938	1.06038	1.36555	-0.13712	0.77648	1.18353	-0.34217	1.95236	-0.33803	0.41517	-0.82894	-0.50597	-1.06118	0.47749	-2.10014	-0.20647	1.22293	0.88911	0.74479	-0.28594	0.13396	0.40105	2.17466	1.22696	2.81466	-0.64964	1.75516	1.50456	-1.27737	-2.17824	0.30892	0.31585	1.79154	-0.76651	0.27007	-2.26782	1.11106	1.18668	-0.03741	0.38845	1.82109	-1.27522	0.93001	1.01959	-0.77286	0.62327	-0.89640	-0.75488	0.02646	-0.67380	0.81715	-0.55317	0.48279	0.60961	0.07137	1.66998
0.63404	2.52478	1.15235	-0.19443	1.17954	0.15636	0.08223	-1.11562	0.93958	1.10991	-0.40482	-1.60387	0.46753	-1.08146	-0.38431	0.23409	-1.29082	-0.00674	-0.49197	0.39125	-0.67244	0.03589	1.65655	0.12441	0.03562	-1.82070	0.59242	0.11117	0.29926	1.49028	-0.80354	-2.40516	-0.76373	1.16014	0.06762	0.42652	0.01804	-0.02852	0.05415	-0.72162	0.72237	0.83169	-1.56365	-0.19183	-0.08062	-1.12841	0.84927	-1.64446	-1.18122	-0.22582	1.21897	1.06295	-0.37891	-0.32231	-0.13877	1.38863	2.22916	-0.22421	1.53921	0.82077	-1.06482	-0.21069	1.04665	-2.56390
0.42039	-1.91263	-0.97247	0.38059	-1.33639	-0.28441	-0.81115	0.70227	-0.61323	-0.97402	-0.16498	-0.66323	0.32665	-0.54049	-0.20235	1.03377	-0.10208	-2.19672	1.65094	0.31240	-0.61060	-0.86020	1.54912	-0.48918	-0.84438	-0.83304	-0.87570	-1.38730	1.82238	1.18243	2.04049	1.56473	-0.11928	1.18226	-1.24849	-0.03007	0.57393	-0.71071	0.67476	-0.10777	-0.12938	-1.43455	0.41199	-0.28268	-0.34948	0.54223	-0.40801	0.33532	-0.69733	1.18300	-0.78914	0.05599	-0.88384	0.53784	0.01797	1.08370	-1.21490	-1.05389	0.30296	0.28266	0.07030	1.39168	-0.20259	0.44738
1.21204	-0.20160	-1.40330	0.38552	0.99326	0.05341	-0.50750	1.34442	-0.96527	-1.43708	0.66746	0.47701	-0.04485	0.13054	-0.86291	-0.40066	0.33091	-1.00172	0.73519	0.58860	-1.56517	-0.95516	-0.92081	-1.56046	-2.09095	-0.63961	-0.34556	2.20125	-0.69915	1.31622	-1.09566	0.28951	-0.32954	1.04687	-0.65827	1.03108	1.77328	0.11465	-0.64293	0.07963	1.05995	-1.03414	-0.53264	-0.91088	0.33917	-0.27752	-0.61096	3.14744	-1.53928	-0.79811	0.79754	1.56274	0.70400	-1.13050	0.55370	0.54253	1.20649	-0.12592	0.29262	1.64780	-0.15344	-0.43620	-0.49870	0.53299
-0.10846	0.47511	1.35074	3.08229	0.28733	0.18734	-0.13498	-0.81807	-0.72842	-0.70422	0.74617	0.34849	-2.00164	0.43251	0.53019	-0.59838	-0.66590	-0.90420	-0.70215	-0.43354	0.58329	-1.35418	1.62675	-1.42529	-0.80394	0.49623	0.77835	-0.85851	0.85493	-1.97110	0.04577	-0.45169	-1.33953	0.33654	-0.64455	1.85027	-0.79402	-0.46837	-0.12232	-1.44033	0.00032	-0.44102	0.11060	-0.94725	-0.84553	-0.36400	-0.72049	-1.55681	-0.50472	0.91268	-0.15063	-0.73670	-0.60123	2.16995	-1.64387	0.22872	0.24261	0.26772	1.26525	0.63502	-0.24214	-0.01480	0.41216	1.10656
0.66488	-0.13691	-0.21581	0.92487	-1.73420	-0.82526	-0.68810	-0.98940	-0.99747	-0.90333	0.65801	-0.46373	0.69340	-0.28157	-1.02185	0.02415	0.01435	-1.88192	0.09917	-0.01093	0.02881	0.83362	-0.52640	-0.24134	0.01854	-1.23100	0.33054	0.05528	0.26857	0.74325	-1.42241	0.78789	-0.51956	1.11703	-0.88526	0.03754	0.72170	-1.45123	-0.79726	-1.07550	-0.22768	0.88405	0.12637	0.57435	-0.68638	0.60425	-2.19359	-0.87920	-0.40782	-0.39579	0.68364	0.76431	0.22556	-0.00768	-0.26205	0.57639	0.41910	-0.59746	-0.91299	-1.18273	0.74634	0.02016	1.15133	1.30485
-0.86154	-0.34499	0.66138	-1.00872	0.48486	0.21411	0.00947	0.60567	0.54729	0.04335	0.62323	1.37903	0.30539	-2.30508	0.16499	-0.41282	-0.04479	1.07229	-1.31704	-0.07718	-1.08275	0.62423	-2.24120	1.32865	0.27162	0.68114	-0.69417	-0.14073	0.55446	2.16995	-0.39512	-1.34933	0.11600	-0.18343	0.15840	0.70642	0.77645	-0.69050	1.39141	-0.38969	0.16367	-0.50500	-0.53909	-2.89963	-1.10955	-0.00118	-0.64089	0.82367	-0.58004	-0.96414	0.43834	1.25245	-0.77995	0.20852	-0.41017	-0.26001	-0.73828	0.19602	1.50350	-1.28765	-2.39635	-0.67588	0.17226	-0.12952
-0.04904	0.11697	0.56688	-0.09875	-1.44755	-1.38160	-0.94952	0.67856	-0.34359	0.46386	0.23402	-0.62041	0.32726	-0.03772	-0.08375	1.80974	-0.05174	-0.33274	-0.70486	-0.39468	0.33607	-0.86501	0.92758	-0.00071	1.14971	0.08695	-0.25894	-0.19554	-0.40789	0.58414	-0.24502	0.36437	-0.43558	-0.31908	-1.07633	-0.19393	2.37818	-0.00234	3.16565	0.07597	-0.33508	-0.89454	-0.01333	-0.59710	-0.15742	0.03093	0.12201	-0.48333	-0.70931	2.65367	-0.56038	0.30754	0.19841	0.65665	-0.60193	-1.16181	0.50510	-1.64092	-0.30208	-0.38253	-0.38216	-1.48301	0.63280	-1.87216
-1.22420	0.75267	-2.08350	0.32514	0.32957	1.57532	2.43848	1.23715	-0.12641	0.66015	0.73865	0.75874	-0.00577	-0.85436	1.22064	-0.72597	1.13951	-0.19524	-0.75573	-0.19149	-0.65075	-0.67832	-1.35326	-1.43395	-0.14278	-1.44138	0.81990	1.21147	-0.83319	0.37742	0.01717	-2.38944	-0.03629	0.42178	-0.45217	-1.70005	0.17911	1.62264	-1.10270	-0.22003	1.76356	0.92364	1.44341	0.76390	-1.26100	2.13393	-0.52204	-0.05594	0.22210	1.03424	-1.43198	1.00721	-0.99248	1.87611	1.80892	-1.23044	0.67259	-0.73548	-0.05829	-0.85111	0.68538	-0.44822	-1.51993	-0.36014
0.89459	-0.60824	2.14021	-0.78826	0.11894	-2.07257	-1.28956	-1.39054	-0.13893	0.24678	-0.77330	-1.14813	-1.11295	-0.81564	-0.76091	-0.68695	-0.20309	0.43502	0.10009	-0.30911	0.24359	0.93658	3.27574	-0.95903	-0.02020	-0.48480	-0.21802	-0.26602	0.29690	-0.44359	-1.10599	-0.29206	0.64859	0.06113	-0.61677	-0.47880	0.92693	0.67701	1.54260	-0.18214	0.51178	-1.15224	-0.77891	-1.08760	0.65712	0.09625	0.00919	-0.39701	-1.70750	-0.10533	1.33643	0.18349	0.94679	-0.86179	0.49445	-0.44195	0.14220	0.66690	1.87093	0.97042	0.65903	1.34314	1.46076	3.08304
-0.08265	0.05863	-0.85741	1.95077	1.06430	0.36917	1.51171	-0.06693	0.47995	-0.47799	-0.45352	0.59131	1.01836	-1.27281	1.19304	2.13710	1.34922	0.74751	-0.37914	-0.20658	-0.93108	0.96921	0.36892	-0.99340	-0.87415	1.59126	-0.49226	0.53610	-0.44012	0.12461	1.69444	0.68183	-0.80175	-1.35807	-0.95322	0.13183	-1.49881	-0.25272	-0.55427	-0.70429	0.89569	1.72317	0.86003	0.81086	-1.04578	-1.24767	0.19960	0.05538	0.87196	-1.52140	1.36334	0.94240	0.34839	-0.50090	-1.22930	-1.41603	0.59893	-0.13353	1.08537	-0.08999	-0.56480	-0.84524	0.87801	-0.54610
-1.68700	-0.63809	-0.29459	1.04949	-0.35267	0.42385	-0.46635	2.47686	-1.42329	-0.90152	0.14945	0.13762	0.13292	1.40493	0.41037	-0.38891	0.92013	1.07776	-1.35077	-0.47296	-0.07392	1.07558	-0.43096	1.21395	0.47031	0.06708	2.45197	-0.56785	0.78345	1.84741	0.32488	-0.07900	-0.41678	-0.47520	0.75766	0.36302	1.67121	1.06549	0.53398	0.63890	-1.65983	0.67767	0.09848	0.33639	-0.09679	0.46570	-0.62024	-0.02668	0.64332	-0.88185	0.41553	-0.09209	-0.58192	-1.10079	0.89134	0.30324	1.40897	0.28683	-3.30919	-0.52833	0.30665	-0.80550	0.05642	-0.21173
0.38554	-0.34169	-1.33322	-0.49571	-1.13815	0.51270	-0.54735	0.67938	1.08073	-0.27378	-0.62188	1.82974	-1.82709	0.34056	0.10932	-0.38393	1.18342	0.69428	0.52518	-0.86993	1.59732	-0.87199	-0.14919	-1.23685	-1.26106	0.40514	0.07306	2.01126	-0.22767	1.76981	0.28807	1.59422	1.39223	0.06605	-1.75417	1.19645	0.22263	0.44741	-0.75495	-0.85087	1.01437	-1.07338	0.35711	-0.49876	-0.78652	1.73662	0.26757	0.45314	0.10368	-1.50830	1.02405	0.46331	0.99181	-2.17532	1.13130	0.97253	-0.89423	-0.84404	1.24217	0.11895	0.01357	-0.24226	0.65417	1.27095
0.86838	0.53622	2.40921	0.38554	0.63821	-0.71359	-0.54106	0.16949	-0.04684	0.79643	0.06084	-0.19468	-0.62484	-0.51382	0.79175	-0.23062	-0.59705	-1.29795	-0.18531	-1.07682	-0.85701	1.25681	0.87845	0.57043	1.39188	-0.14662	-0.40101	-0.41107	-0.74624	-1.09744	1.26381	0.74632	-0.11217	0.14504	0.01244	-0.48534	-1.53793	0.49367	0.39687	1.30189	1.32265	-0.16382	0.19718	0.69774	-0.71222	0.28307	-1.23887	-0.02793	-0.90573	-0.27428	-2.96494	0.56646	0.20560	0.44724	-0.31381	-1.54533	0.53578	0.21806	-0.91859	0.58239	-0.11522	-0.04133	-1.28618	0.15845
0.62373	0.23028	0.30434	-0.32783	2.09718	0.88083	1.80802	-0.50369	0.89914	-0.82602	-0.59010	-2.01212	0.70687	-0.39983	1.79558	-0.22342	0.01892	0.92697	-0.04831	-1.27719	0.81187	0.41213	0.55946	-0.44601	0.43082	0.79662	-0.98511	-0.67195	-0.50241	0.20883	0.53392	0.32021	1.78438	-0.69072	-0.42580	-0.55314	-0.07082	-0.56436	-0.20039	-0.55220	1.53618	-1.21054	1.11613	1.36785	0.90301	-0.39290	-1.38901	0.54081	1.18851	0.11022	0.86004	0.57083	0.50406	-0.36530	-1.80108	0.50880	-1.32177	-0.54849	-1.24747	1.33473	-1.13973	0.29306	1.33454	-0.41853
-0.54373	-0.74994	0.20387	-1.13991	0.39290	0.28902	-0.10033	0.59984	1.09921	-1.47860	0.14382	-0.10039	0.46793	-2.25964	2.46671	0.20740	-0.76557	0.05378	-1.42854	1.74161	1.23953	1.30399	-0.09448	2.21432	-0.47901	-0.02244	-0.13298	-0.11523	-1.11281	0.05101	-0.08401	-0.70205	1.36812	0.04688	-1.16814	-1.27989	0.00646	1.22399	-0.83564	0.79691	-0.70753	1.02674	0.23200	1.56929	-1.04237	1.30968	-0.91837	-1.19635	0.98606	0.81313	-1.03084	1.08033	0.60917	0.54235	-0.86812	0.10879	-0.25563	-1.45955	1.51273	-1.67483	-0.95789	-0.13836	1.33028	0.14385
-0.77928	0.85983	0.15127	-0.01982	-0.53569	-0.45695	-0.31863	-1.89329	-0.59341	-0.47663	0.41754	0.93406	1.68674	-0.75867	0.20567	-0.25790	-0.92774	1.13368	-0.16248	-0.16880	0.10744	1.99403	0.52345	-0.37346	0.31654	-0.44009	-0.38496	-0.14264	-1.62726	-1.89217	-0.97948	1.65618	1.09171	-1.95952	-0.05765	0.45557	-2.25406	1.22824	-0.16054	0.01692	-0.35798	-0.18695	0.58766	-0.70649	0.37968	-0.77663	0.41769	0.09937	-0.74582	2.27308	-0.49712	0.13989	0.36347	-0.07692	0.90219	0.56673	-1.20416	0.05887	0.54497	-0.61781	-0.67824	0.29270	0.92496	0.08734
-1.92163	-0.77899	0.47103	-0.47802	-0.97082	0.02936	0.01551	0.07949	1.27830	-0.26835	-1.19958	-0.52102	-1.27573	1.94544	0.53127	0.01418	-0.55240	0.83251	-0.49873	0.80116	-0.47636	-2.20651	0.92165	-0.09204	0.54655	0.81359	-0.77171	-1.26249	-0.75225	1.89545	-2.73142	2.21272	0.36665	0.70221	0.14804	0.08169	-0.33104	0.25648	0.05704	0.63680	-1.39540	1.03595	0.11999	1.39092	0.97714	0.53968	-0.22380	-0.84902	0.80556	0.23868	-0.33491	0.00055	0.61344	0.50051	-0.76891	0.28971	-1.26607	0.46664	1.04085	-0.47661	-0.44705	-0.11626	0.10028	0.23776
-1.35609	0.42804	-0.14062	-0.69086	-1.87115	1.17525	-1.57699	0.64299	0.77347	1.59771	0.38966	-1.78708	-0.18250	-0.10006	-0.65709	0.04186	1.99924	-1.41238	0.64560	-0.25040	-1.29794	1.46711	-2.90233	1.36485	1.02343	0.60270	-1.71698	-1.26393	-0.95698	-0.75869	-0.43402	-1.37230	1.22753	0.42550	-0.21838	-0.40729	0.17043	-0.23878	0.15716	-0.06296	0.08936	0.83130	2.45489	-0.72524	-0.18586	-0.18836	-1.40118	-0.58866	0.43197	0.25991	1.27936	0.17147	-0.38612	1.60881	0.31721	0.49625	0.39639	-0.40699	-0.11602	-0.91491	-0.42690	-0.08016	0.24174	-0.87208
-0.04727	-1.72367	-1.98077	-0.69432	-0.73928	1.24323	2.00316	0.78019	-0.87838	-0.15317	1.46875	1.24853	-0.39759	0.50329	-0.15989	1.34041	-0.18080	-0.69502	-0.47186	1.05276	0.34647	-0.27011	0.05264	0.23771	-0.65541	1.56295	1.26952	0.42105	0.33603	-0.55704	0.33393	-2.13731	-1.74755	-1.18114	0.03569	-0.11648	-1.72665	0.60145	0.91879	-0.00262	-0.36164	0.05809	-0.11461	-1.12855	0.13331	0.19562	-1.47167	1.28385	0.04219	0.34819	1.03416	1.47933	0.86211	-0.27509	0.39189	-0.26582	-0.16923	-0.39101	-0.87013	-1.52362	0.00952	-0.30554	-0.91258	-0.23168
1.35138	-1.03404	-1.11584	-0.98512	-0.08498	0.68212	0.44210	0.71400	0.89717	-0.51672	-1.44242	0.64460	1.64520	0.23326	-0.56420	0.08173	1.22329	0.06588	-0.18974	0.33359	1.27843	1.08027	-0.23161	0.05024	1.99617	-0.27342	0.18839	-0.62746	-1.87095	1.29640	-0.01533	-1.12939	1.51935	0.93637	0.19870	1.58018	0.17660	1.84260	0.18075	-0.70864	0.81525	-0.23900	0.61026	-0.39366	-0.04537	-0.37341	-1.51249	0.46849	1.17145	1.44391	0.71321	0.88422	-0.09513	-0.25528	-0.78563	-1.33687	-0.21152	-0.56577	-0.97174	-2.30173	0.19749	-2.02175	2.41649	-0.69047
2.15844	0.42361	0.19941	0.80243	-0.51830	1.92879	-0.29130	0.40173	0.64942	1.57584	0.92799	-0.00994	0.40250	0.83643	0.28000	-0.01643	-0.05218	-0.16807	-0.00478	0.39197	0.03599	-1.04786	-0.51549	-0.52429	0.36391	1.99258	-0.73025	0.97857	-2.56222	0.78520	-0.38780	1.16300	2.41549	0.01273	-1.29335	-0.83556	0.08625	-0.47269	-0.42525	1.47604	0.09344	1.73792	0.14093	-1.50235	-1.61303	-0.27847	-0.70459	1.63835	0.34533	0.50447	0.53358	-0.93886	-0.54719	0.07816	-0.10756	2.54054	-2.33962	0.99427	0.09315	1.66575	-0.60778	-1.53370	0.49943	1.86728
0.01789	0.67246	2.34835	1.50619	0.32689	0.41121	0.41143	-0.90941	-1.69134	-0.20078	-0.67606	-0.74105	-1.00317	0.87022	0.63127	1.18730	0.26242	-1.32353	-0.97217	-0.25317	0.58842	-0.91713	1.61225	-1.69634	1.26374	-1.86489	1.85430	-0.70182	0.14728	0.17958	-0.76688	-0.47496	-0.44434	0.65639	-1.22031	-0.45406	0.47996	-1.42398	0.43694	0.33090	-0.07871	0.71404	-0.25497	0.27035	-0.40572	1.24930	-0.49710	-0.65847	-0.35988	1.26323	1.18129	0.06456	-0.62392	0.52079	-0.04611	-0.43436	1.23086	-1.07971	-0.39543	-1.30454	-1.82515	-0.97773	-0.07494	-0.11612
-0.78538	-0.88786	1.00092	-0.33137	-0.19391	0.77489	0.77547	0.00271	-1.51324	-1.48908	0.90015	-1.13726	0.12512	-1.61482	0.43646	1.13475	1.03122	1.34383	0.69006	-1.08955	-1.42158	1.65909	1.06641	1.50687	-0.55497	0.25443	0.37785	1.10984	0.98798	1.93579	0.47676	1.17769	0.72475	-1.02925	-1.81135	0.62608	1.64660	-0.23747	-0.38569	0.94512	0.17978	-0.73016	0.10617	-0.18744	0.46021	-0.13674	-0.75406	-0.43641	-0.29677	0.78451	2.50013	-0.21276	-0.11304	1.53434	-0.14986	-0.78883	-0.18647	0.33680	-0.10308	-0.04787	-1.44991	0.45943	0.15637	0.07361
1.48661	0.65179	0.41723	0.25488	0.57509	0.92868	0.08846	0.42558	1.33113	0.18643	-0.43553	1.06022	0.60169	-1.64442	-0.66049	0.02460	0.66705	-0.95769	-1.39523	0.44386	-0.16145	-1.85023	0.65433	0.49849	0.77927	-2.01508	-1.48652	-0.65019	-0.56682	0.91919	0.84022	0.82910	-0.55350	1.15011	-1.96764	-0.32306	-0.76863	-0.14034	0.91160	-1.21081	1.00659	0.63818	0.21442	-0.73430	-1.91314	-2.07837	-0.16061	1.63808	0.76530	0.87769	2.07428	1.81606	1.10597	1.27958	0.25417	-0.30702	-0.88135	1.21673	-1.77440	0.01796	0.55825	-1.07359	0.80091	0.27526
0.03638	-1.41129	-0.17405	-1.62968	0.11299	-0.25929	-1.26126	-0.99228	-1.71971	0.71084	1.74315	0.23234	-1.87331	-0.28548	-1.33269	0.31256	-0.67708	0.71797	1.00399	0.59157	0.97082	-2.55130	-1.15263	0.09662	-1.24033	0.97260	1.02150	-0.92233	2.36485	-1.08189	-0.25775	1.27945	-0.40139	2.30506	0.26026	0.39094	-0.79816	0.09511	-0.23644	-0.14724	2.90645	1.24074	-1.12189	-2.33574	0.60997	0.31052	-0.90292	1.84946	0.09587	-1.10822	-0.90721	-1.67026	-0.86316	0.87547	0.48020	-1.14551	1.60284	0.33815	0.31208	-0.39434	1.35851	1.43692	-0.04208	0.06687
-1.20873	-0.15411	-1.11216	0.13092	-0.10296	0.17498	0.39974	-0.41633	-0.07087	-0.02450	0.92842	0.26967	0.61701	-0.94195	1.06350	-0.89541	-0.13583	-1.22166	-0.68637	0.54799	0.99825	0.40896	-2.31640	-1.57030	1.54699	0.64950	-0.73880	-1.70020	0.16599	1.16889	-1.67615	-0.20414	2.13832	-1.59975	-0.76120	-0.21476	-0.08953	0.27115	-1.23025	1.53969	1.49628	1.35734	0.66822	0.62111	-1.35926	-0.19824	-0.16942	2.62953	-0.98222	0.61256	-2.62767	-0.23796	-1.07833	-0.75473	0.79142	-0.98252	-0.62494	-0.53578	0.31382	0.94265	-0.48190	-1.93834	0.12974	0.27353
-0.78451	0.23855	0.39034	1.59289	0.56017	1.69842	0.45087	-0.02211	1.01754	0.12515	0.34634	-1.13435	0.10585	-0.71480	0.72952	-0.23324	-0.45266	-0.38324	-0.11507	-0.22097	0.17490	-1.32826	-0.80413	-0.75540	-0.04659	1.73366	0.00286	0.18929	-0.26480	-1.14327	0.91898	-0.33613	0.68414	-1.39480	-1.48827	-1.30829	0.26499	-1.37550	0.18253	-0.53884	0.06658	0.38311	-0.16750	-1.29182	-1.15641	0.57406	0.47322	-0.64328	0.15619	0.99603	-0.75585	0.24093	3.02835	-0.86066	1.56118	-2.38599	0.16124	0.23306	0.06588	-0.26308	-0.12405	0.99278	1.10540	0.93903
1.01213	-0.04072	-1.66943	0.30270	-0.50709	-0.91361	1.01344	0.26137	-1.49947	-0.78273	-0.58690	0.71537	0.20504	1.13001	-0.72783	0.52304	-0.06316	0.49593	0.08935	0.50664	-1.71083	0.38582	-0.33325	0.04558	0.49470	-0.28453	1.56700	1.78618	-0.98332	0.03925	-1.07249	-1.93016	1.21542	1.79553	-0.71571	-0.46138	0.16771	-1.09761	0.26233	-0.14726	0.51034	1.62115	0.95485	-0.18463	0.53856	-0.43860	-0.72062	-0.38636	-2.26872	-0.78808	-0.31239	-0.50555	0.20474	1.01461	-1.02316	0.09156	-0.86974	1.38959	1.15208	1.42573	-0.55039	-0.01301	-0.76691	-1.25992
1.97100	0.04792	0.23717	0.08156	0.23699	0.42559	0.19943	-0.24446	0.96708	1.31960	0.03042	0.58423	-1.27664	1.94708	-0.04839	-0.91748	0.20493	-0.74339	-0.12403	0.42757	0.37371	-0.22453	-0.90892	0.04260	0.40644	1.64728	-0.82674	-1.56661	-1.64427	-1.20587	-1.75339	0.76513	-0.78658	0.48692	0.93282	2.98673	-0.35345	-1.02161	1.16647	-0.10985	-1.12030	-1.56447	2.44162	-0.90691	0.66261	0.77415	0.54701	0.77796	0.73367	0.60456	-0.85986	-0.99848	1.19896	-0.44779	0.63098	-0.73970	-0.78814	-0.70678	0.21217	-1.47687	-0.51985	-1.61095	1.40494	-0.33960
-1.25372	0.00933	0.45840	-0.11067	-0.39983	-0.57829	-0.11942	-0.64798	0.56253	1.32988	1.13025	-0.18067	-1.59250	0.37342	-0.60505	-0.01730	0.92284	0.33799	-0.15053	-0.26643	-1.23431	0.25290	0.05356	-0.09501	-1.76361	0.05240	-0.94171	-0.30878	1.42614	-1.55343	3.19961	1.02267	0.43318	0.97212	-1.65827	0.94416	1.16380	0.71170	-0.01934	2.48779	-1.09326	-0.74201	0.41110	0.20677	-0.26439	1.13868	-0.39788	-0.35693	0.43938	-0.99726	0.16982	-0.33705	-1.21413	1.14033	0.15973	1.66297	-0.93897	0.24774	-0.00592	-0.12998	-0.13522	1.89186	0.18574	-0.20797
-0.24112	-0.07254	-1.03178	-1.07097	-0.38107	0.74494	-1.22810	-1.04358	-0.18179	-0.90839	2.00284	0.82985	0.11873	-0.66533	0.67961	0.38369	-0.11628	-0.68802	0.01373	-0.29530	0.69253	1.91271	0.50316	0.83428	0.19532	-0.62326	0.22304	1.59944	-1.03483	2.00811	-0.47414	-0.05050	-1.56667	-1.10100	0.87897	-0.37187	0.01405	-0.86389	0.13486	-0.50925	-1.22300	-0.50946	1.50810	0.78012	0.17530	0.40712	0.50303	0.29952	0.27148	0.12521	0.97094	1.49382	-0.88404	-0.65591	0.82264	-0.52351	-0.79110	-0.61547	-1.91871	1.10897	-1.20878	0.46059	-0.36148	-0.06931
-2.09633	1.91197	-0.13011	-2.26355	0.83085	0.75072	1.26697	0.13106	0.13522	-0.94261	0.50076	-0.28705	-2.13952	-0.39931	1.05983	-0.24636	0.64821	-0.48377	-2.82312	-0.47690	-0.56268	-0.69851	-0.43047	-2.78790	0.53088	-0.82610	0.59408	-0.62572	1.19069	1.52893	0.36251	-0.93045	-0.23119	-2.19173	-0.19811	-2.01284	-0.60878	-0.36745	-0.74962	-1.08101	-1.39203	-1.05133	-0.30533	1.82566	-0.78113	-1.46085	-1.18786	-0.03303	0.65477	2.43411	0.68074	-1.08429	-0.08891	-0.20906	1.89210	0.05971	1.49554	0.75423	0.37526	-0.21412	-0.37277	1.83816	-1.08452	0.78099
0.29585	-0.21673	-0.35738	-0.15404	-0.46529	-0.99365	2.53098	-0.54067	-0.27842	3.20526	-1.64632	-1.16528	0.89275	-0.86586	0.91982	0.00190	0.38610	-1.59948	2.02738	0.52271	0.22590	-0.99978	1.29759	-0.02425	0.72481	0.78867	-2.17052	-0.05391	-0.48046	0.63932	0.02689	-0.71401	-0.60388	0.98948	0.36444	0.09638	-0.59233	0.11430	-0.98537	0.32418	0.88200	0.72065	-0.77756	1.69044	1.70840	-0.11758	0.12580	-0.37944	-0.44877	-0.94621	1.16537	1.03261	-0.54134	-0.62875	0.50705	0.49624	0.99107	1.45894	-0.16865	0.33069	1.40239	-0.23081	-1.66082	-0.06528
0.57485	1.17432	0.25104	0.50075	-0.76010	-1.26758	-0.50454	0.26538	0.02583	-0.56658	-0.03825	-1.02165	-0.54661	0.04590	0.07241	-0.65971	-1.08047	-0.72158	-0.52591	0.46295	-1.19332	-0.55002	-0.39664	0.12398	-1.01106	-0.53420	-1.34663	0.15944	0.83050	-0.92711	-0.94990	0.01699	-0.12494	0.11363	0.62317	-0.39685	-0.41255	-0.05430	0.65891	-0.18224	1.61280	-0.15262	1.23350	-0.18990	1.09410	-0.31872	0.02946	-0.71438	0.92999	-1.00688	1.30518	-2.19690	0.30157	0.21226	-0.21284	-0.40557	1.11951	1.61899	1.50136	-0.21488	2.92948	0.68768	-1.16912	-1.78594
0.74231	-0.50384	0.36337	-0.77552	0.63809	-1.21904	0.25955	-1.50484	-1.14349	-0.53246	-0.97007	0.34001	-0.97461	-0.04000	1.68645	0.07874	-0.14406	-0.08421	0.35116	-0.69811	-0.60966	0.20725	0.44400	-0.61868	-0.75183	-0.24147	-0.94310	-0.58401	0.52093	-0.38638	0.70166	0.01123	-0.17402	0.84532	-0.18086	-0.30386	-0.35510	-0.06157	0.31632	1.83051	0.09998	-1.23028	0.73001	0.37134	2.10915	-2.11152	1.17596	0.71055	-3.34646	1.88327	-0.58628	-1.09963	0.33845	-1.50316	-0.58784	0.53145	-0.62473	-1.06516	1.38037	1.36293	-0.85928	0.12414	0.52374	-1.67925
-0.56533	0.44083	0.91717	0.72294	-1.00767	0.60007	-1.44501	-0.96399	-0.21468	0.39847	-2.04841	-1.22096	-1.58963	-0.44980	-0.16436	1.68395	2.59577	-0.99486	1.29166	-0.66546	-1.24316	0.18120	0.55508	-0.15291	0.62193	0.34167	-1.51855	-1.33527	0.14078	0.60562	0.65849	-0.65017	-0.94495	-1.90124	-1.68006	-0.91297	-0.63822	-1.05826	1.13879	-0.01256	1.34910	-1.79327	1.27190	-1.10851	0.73812	-1.47821	-0.42597	-0.66925	0.92681	1.01067	-0.74319	-0.42532	-0.33797	0.97224	-0.91686	-2.76258	0.12642	1.32312	-0.15003	-1.12150	-0.06830	1.43549	0.66338	0.42768
-0.96826	0.72312	-0.40840	-0.54481	-0.47469	0.00227	1.13300	-0.09551	1.70291	-1.47326	-0.26810	0.02447	-1.20855	0.22180	1.32192	-1.29419	-0.37180	-1.04534	1.14451	1.41444	-0.92194	-0.26035	-0.53936	1.79802	0.91573	-1.21091	1.27151	2.21921	0.52272	-0.71557	1.56061	2.05437	0.32633	1.12715	-1.90096	0.54889	1.14492	0.92168	0.35683	-0.42720	0.95089	0.91759	0.16542	0.22941	-1.18975	1.15322	-1.27801	1.03374	0.53260	-1.21623	-1.95542	2.13025	-1.87694	-1.78705	0.34915	-0.40487	-0.41736	-1.03687	2.72444	1.23453	-0.08030	0.27900	-0.34486	-0.50548
-1.85702	-0.97661	0.45039	0.09107	-1.57374	-0.50924	-0.85139	2.38936	0.76362	1.15728	-0.86160	0.83735	-0.44573	-0.85770	-0.44395	0.22891	0.42533	-0.13853	-0.25101	-0.18634	-0.29011	0.81783	0.96198	0.95814	0.63659	-1.21723	1.50065	-1.00622	0.73347	-0.25968	-1.39361	1.68872	-0.91922	-0.48379	-1.08653	-0.82791	1.62753	1.14826	-0.22549	0.29847	-0.29211	1.82978	-0.06832	-1.58557	-0.10054	-0.30166	-1.31181	2.04482	0.43792	-1.20622	-0.23638	-0.19052	-1.44981	-0.71983	-0.63774	1.40266	0.40310	1.40970	-1.09698	-0.62614	0.55316	-1.45952	-0.73511	0.79162
1.54800	-1.00989	1.25945	0.25705	0.13482	1.83714	0.24088	0.78499	-0.51923	1.10581	-0.52110	1.39416	2.17461	1.01236	-0.77375	0.22234	1.18234	0.62929	0.51975	0.55321	1.98631	-1.02208	0.65285	2.20618	0.78354	-0.91267	1.10552	-0.19567	0.58608	-0.07683	1.67247	-0.15158	-1.36826	-0.79831	0.19749	-0.82963	1.36462	0.63050	-0.60128	0.51982	0.35291	-0.38021	1.08865	-1.02232	0.43833	-0.14841	0.21850	-0.38456	-1.22218	-0.23895	1.37209	-0.67183	0.68468	1.18838	-0.49710	0.31518	0.87232	0.70361	-0.90435	1.11587	-0.58860	-1.35750	0.36745	-0.20834
1.35931	-0.49148	0.64325	-0.21265	-0.75261	-0.09801	-0.77212	-1.45493	-0.81264	-0.30334	-1.69130	0.78879	-0.26636	-1.43943	1.23065	-0.19304	-1.02057	0.46013	0.63450	-1.37262	1.57410	-0.05902	1.69826	1.05080	-2.47531	0.55999	0.06614	-0.08775	0.42059	0.38096	0.15677	-2.64445	1.65979	-1.07166	0.23852	0.09414	-0.40826	-1.71675	0.45562	-1.68979	1.96764	-2.48906	0.30245	0.50008	-0.11746	-0.29379	-0.00870	0.52463	-1.07055	-2.16870	-0.62307	-0.05270	-0.52292	-0.08700	0.41675	-0.53002	-0.37804	-0.00246	-0.51024	0.47818	0.09027	-1.30705	-0.80628	0.15427
1.59544	1.33685	0.04640	-1.40209	0.17284	0.74115	-0.18324	0.66100	-0.11603	0.76833	0.19231	0.69573	0.62819	0.56219	0.08114	0.73855	0.49958	-1.58942	-0.10978	-0.98634	-0.73233	-1.60686	0.05751	0.60271	-1.70171	-0.68343	-1.12385	1.08669	-2.29001	1.21075	-1.45232	1.69519	2.32646	-0.20548	-0.68670	0.32289	-0.00851	1.31278	1.65170	0.97981	0.42501	0.21335	1.79848	-0.60361	-0.69082	-0.18478	1.33043	0.81428	-1.02594	0.21990	-0.25174	-1.82761	0.68276	0.53848	-0.81214	-0.14189	-0.41548	-1.86726	1.00648	0.05424	1.00131	-0.75812	0.56876	0.68851
1.40559	-1.37202	0.66345	1.98341	-0.22695	-1.79433	-1.55074	-0.18570	-1.82950	0.86768	-0.00385	0.82821	-0.23947	-0.44901	-0.49486	1.08148	-0.22419	-1.15052	0.93323	-0.20825	-0.72668	-0.45466	0.21575	1.85873	-1.17798	1.04803	0.30810	0.23805	1.29628	0.98862	0.39396	-0.07931	-0.12846	-0.15822	1.44106	-0.40684	-0.82261	-0.16066	2.27963	-0.42204	-0.52847	0.41075	1.94676	0.20085	-0.10923	-0.16817	0.95195	-1.90053	-0.61518	0.12215	-1.55632	0.82800	-1.90290	0.65074	-0.51407	0.99797	1.74231	0.82226	0.35128	-1.15643	1.21296	0.08195	0.04740	1.04528
0.11374	1.88060	-0.49288	1.25401	0.12307	-0.49500	-0.43426	-1.36165	1.70304	0.63022	-0.96631	0.29178	-0.32845	0.47328	-0.08887	-2.08745	-0.36085	0.11215	1.39178	0.35591	0.09813	-1.14568	-0.46771	-0.41383	0.43902	-0.93980	-1.49363	-1.15734	0.93465	-1.37249	2.25850	-0.86375	-1.11334	1.08804	-1.43390	-0.91329	0.52863	-0.25608	0.41427	0.79678	-1.17099	-0.24976	-1.32203	-1.54125	1.61712	1.73770	-1.58206	0.69464	-0.11634	0.08309	0.02977	1.26244	1.39506	0.16811	-1.13962	1.73075	1.15438	0.70565	2.20241	-0.07576	0.29416	0.33187	0.40615	0.67443
0.40110	0.33944	-0.43870	-0.07605	-0.74898	-1.90872	-1.38156	-0.34115	0.96177	0.21594	0.51967	-1.10920	-0.58012	0.69542	1.00241	-2.49161	-0.98162	-0.87586	-0.39457	-1.51133	-0.00199	-1.84828	1.76313	-0.71519	-1.14334	-0.57628	-1.16022	0.57380	-0.27345	-3.20114	2.07492	0.59464	-1.02629	-0.39128	0.77279	0.54952	0.55267	-2.15061	-1.16021	2.56019	-0.77723	-2.39612	-0.32969	-0.07067	1.19963	0.23001	1.83189	-0.77520	-0.30315	1.37180	-0.71250	-0.41914	0.41192	1.65631	-0.59764	-1.22040	0.83291	2.97950	-0.72683	-1.43900	0.51724	0.59312	-1.26507	-1.01927
1.38417	-0.73714	2.23165	-2.43597	0.20182	-0.14466	-0.23417	-2.18478	0.90947	0.55003	1.82566	-1.28368	1.36714	-1.43201	-1.79215	0.36767	-0.09298	0.87531	-0.56568	-0.18293	0.79209	0.08302	0.55220	-1.27788	0.36930	-0.28207	-0.36854	0.31798	-0.66149	0.35411	-0.21731	-0.64714	0.28402	0.47416	0.73739	-0.78805	0.47020	-0.16593	0.39602	0.87495	0.99468	-2.38314	1.07438	-0.45451	0.43694	0.89519	0.09907	-0.77450	-0.69548	-0.47723	0.14451	-0.60969	0.18146	0.11819	1.94195	-0.26144	0.39663	1.44919	0.87709	-0.83195	0.90765	1.41453	-0.21218	1.52913
-0.43567	1.72621	1.03870	-1.90580	0.79504	0.18188	-0.65197	0.87938	-1.29224	-1.78280	-0.06746	-1.55898	-0.13593	-0.20731	-1.39371	0.34235	-0.26372	-1.11817	-0.81222	0.84715	1.88042	1.54479	0.81599	-1.45854	0.48165	-1.36725	-0.87962	0.17306	-0.59791	-0.56341	1.51459	0.15318	-0.14872	-1.87710	0.20166	0.98459	-0.05977	-0.19686	0.11447	1.17378	0.17465	-1.41335	0.76925	1.20344	0.10479	0.67187	-0.40804	0.51306	-0.93764	-1.19222	-1.55052	-0.74383	1.23351	1.29022	0.42284	0.91374	-0.34397	-0.57728	2.19723	0.50178	1.29583	1.67126	-0.67812	1.12029
1.58222	-0.57565	0.50001	-1.64581	0.11437	-1.50353	0.18366	0.90031	-1.53578	0.70933	0.43928	-0.84578	-1.44857	0.89253	0.16459	0.46379	-0.08857	0.63040	-0.37920	-0.23878	-0.42196	1.10707	0.23786	0.57216	-0.45547	-0.10613	0.20317	0.09215	-0.81026	-0.60926	-0.78037	0.51605	-0.41303	0.30594	0.22483	0.98765	1.15207	-1.64311	-1.80702	0.12923	0.74029	-0.66485	-0.14483	-0.80802	-1.79671	1.06190	0.46056	1.41382	-0.67106	2.13675	-2.32181	-0.52269	-0.38408	0.84288	1.51627	0.68614	-0.53289	0.61490	-0.19706	0.02217	0.02830	0.27443	0.30269	-0.66335
2.19554	-0.06796	0.56391	0.18022	-0.98364	0.41244	-0.05220	0.12946	0.92344	0.94221	1.15049	-0.22753	-0.07788	2.43192	-0.37240	1.29175	-0.45334	-1.36277	-1.23631	-0.52330	-1.05719	0.69922	0.39369	0.04784	-0.33946	1.94263	-0.44797	-2.39662	0.06531	-0.11766	-1.99507	-0.16817	-2.37469	-0.46586	0.82831	0.87880	0.66324	0.96428	-0.88820	-0.17652	0.63522	-0.78723	0.54299	-1.37334	0.74160	-0.12891	0.49417	1.21919	0.14724	0.29588	0.22485	-0.55602	-2.43103	-0.75008	2.33027	-0.33234	2.25007	-0.64699	-0.44027	0.47622	-0.02379	0.05551	-0.52592	0.00590
0.30610	1.05542	0.22043	0.65875	-0.09327	-0.17969	-1.48302	-1.66372	0.18599	1.06402	0.09732	0.17698	1.05598	-1.28705	-1.10838	1.16654	0.28166	-0.87297	-1.13073	0.30661	0.05122	-2.30085	0.75371	-0.76546	-0.49354	1.97873	-1.23177	-0.29369	-0.16704	0.64331	-1.89961	-1.05038	-0.26027	-1.03973	1.75119	0.36645	-1.32114	-0.29023	-0.58707	0.88944	0.55887	-0.81479	0.19193	0.95257	0.00347	-0.29422	-0.76016	1.13750	0.55347	-1.13322	-0.04904	-0.15278	-0.29483	0.68083	0.56472	-0.36894	0.61905	-0.47761	2.25442	-0.22634	-1.54306	-0.87168	-0.12442	1.64764
-0.69957	-1.67843	0.24795	0.61729	0.41571	1.37023	-0.39413	2.28608	0.00500	0.83990	0.54819	0.22354	-2.55044	1.46029	0.26721	0.03456	-0.91671	1.07646	0.98819	-0.08145	1.21609	-0.81828	-1.76582	0.00590	1.20770	1.86732	-0.07984	1.53652	-0.22954	-0.42086	0.56059	1.02012	0.43173	-0.40990	0.36783	0.33721	0.03928	-0.16853	-0.41280	-1.57507	0.17579	1.27866	1.43394	0.30860	-1.22834	1.45361	0.16346	-0.00821	-0.40530	-1.10600	1.51921	-1.81959	-0.29563	-0.28915	1.03099	2.06191	1.21615	1.78324	0.59598	1.11329	-0.73917	-1.04325	0.35261	-0.18215
-1.12874	0.86114	0.81041	-1.74858	0.88149	0.25722	0.05611	0.97441	0.37059	0.24064	1.63421	1.05603	0.40402	0.20269	0.51557	1.53588	0.03562	-0.92830	-0.41703	-0.98234	-2.30890	-0.22383	-0.87124	1.58058	-0.21860	-0.39358	1.17810	-0.97286	0.66673	0.66280	1.92341	0.62005	0.47310	-0.23063	1.78311	0.23468	-0.78174	-0.15860	-0.92488	0.97292	0.63628	-0.62323	-0.43296	-0.43643	1.07792	-0.83300	0.82447	0.37478	-0.21149	0.64249	0.74706	0.51066	0.71083	-2.50771	-1.57366	-0.13385	0.86602	-1.91180	0.45044	-0.55395	-1.50525	-0.85837	0.90774	1.94921
1.04775	-2.39209	2.26729	0.66291	-2.07026	0.06263	-0.45872	2.19005	-0.48950	-0.00922	-0.39867	-0.05912	-0.09581	0.96960	-0.61047	-1.02329	-0.66217	0.80742	0.60578	-0.34505	-0.75838	-0.12291	-1.80615	1.20827	0.05844	1.07728	-0.07809	-0.25266	0.57168	0.26073	0.70572	0.60313	-0.40554	-0.36956	-1.03966	1.73136	-1.58077	-0.36322	0.86547	-0.67884	1.58923	0.11114	1.38842	-0.43139	0.09415	0.09059	-2.56932	0.85187	0.10606	1.56455	-0.68888	0.62730	0.07465	-0.36013	-0.46663	0.81207	-0.69707	1.05981	-0.33786	1.19198	-0.41244	1.57016	-2.20749	-0.94104
1.58493	-0.87467	0.04687	1.72340	-0.95614	-0.51214	0.87767	1.71493	1.12744	0.85539	0.51004	0.93575	0.79610	1.03492	0.54674	-1.89451	0.58115	0.16665	1.38085	0.87012	0.91764	1.12082	-0.08508	-0.54121	1.51641	-0.88689	-0.38625	1.52422	0.50796	-1.65017	-0.37095	-1.25751	1.67607	-0.51243	0.97011	-1.36004	-0.89920	-0.73768	0.45122	-2.17011	-2.71096	0.35514	1.51464	1.34174	1.20998	0.01229	-0.35493	0.09740	-0.15995	0.64210	-0.62403	-0.82480	-0.61348	-0.27977	-1.45157	-0.98724	-0.44083	-1.37619	1.14372	0.11438	0.75917	1.30681	1.06271	0.32532
-0.45399	-1.63469	0.54264	-2.09742	1.49347	-0.91179	1.14233	-1.01074	0.96806	-1.07956	-0.00846	-0.98983	-0.16918	0.06280	0.64753	-0.85678	-0.80634	-1.11907	-0.72508	0.28371	-0.33872	-2.57025	0.27906	1.26469	0.44831	-0.45439	0.49971	1.03976	-0.45531	0.63373	-0.88885	-0.76289	-1.05618	-0.38726	1.99776	0.50418	0.02409	-2.15251	0.71966	1.16846	-0.40299	-1.06420	-1.02467	-0.00940	-0.53139	-0.94942	-2.30930	-0.18566	1.14207	0.27062	1.14531	0.26797	0.34991	1.07009	-2.34088	1.22544	0.70574	1.12235	0.05496	-1.05231	-0.85646	0.75558	-1.05832	0.42032
0.37250	1.96351	0.94442	-0.22741	0.16326	-0.80278	0.39972	0.39925	0.47836	-0.60683	-1.42311	1.69054	0.35500	0.61991	-0.65627	-1.59427	1.34896	-0.16816	0.12705	-0.40894	0.43577	0.73492	1.14841	-1.58201	0.61310	0.56954	1.05476	0.32003	0.39238	1.45955	0.69340	-0.47926	0.64241	-0.88349	0.96528	-1.64375	0.57427	-0.33386	0.30393	-2.01969	-0.04306	2.67866	-0.43802	-1.22646	-1.75030	0.53933	1.45044	-1.82577	0.23662	0.26057	1.01113	0.38822	0.66938	-2.27403	-1.12412	-1.72290	-0.78823	-0.09669	-0.71761	-1.10837	0.89606	0.14436	-2.86833	0.26826
1.56366	-1.46080	-1.47701	-0.55097	1.23621	0.21368	0.87181	1.40232	-0.26358	0.21563	0.85428	1.85151	0.48281	-1.49810	-0.37819	1.50353	-1.15819	0.60961	-0.24399	0.53376	-0.21351	1.07120	-1.71219	-2.66726	0.97179	-0.95432	-0.56110	-0.49177	-1.68741	1.81403	-0.39627	0.63333	0.65459	-1.62596	-0.03841	-0.87059	1.09798	0.26132	0.92534	-0.70907	-1.49830	0.36393	0.21967	-1.25604	0.66251	0.80572	0.14294	0.31407	0.88391	0.11426	0.39814	-0.73552	-1.81475	-0.79549	1.86502	-1.55809	-0.70533	-0.66191	-1.32532	-0.44456	-1.25151	2.41684	-0.32419	0.52604
-0.86740	-0.57046	0.00133	-0.57537	0.28309	-0.28443	0.15824	0.29444	0.21685	1.63035	0.25523	0.51067	-0.73677	-0.40306	-1.94663	0.77506	0.61276	-0.84489	-0.13271	1.17846	1.54798	-1.08007	-0.26069	-1.69250	-1.07174	0.04910	-0.06262	0.14432	-0.16776	-0.40983	1.05238	0.43024	-0.55573	-2.48370	1.70381	1.05920	0.38833	-0.50384	0.69205	-0.64969	0.68598	0.13695	-0.76275	0.39023	0.34924	-1.43431	-0.48297	-0.15691	0.74049	-0.55681	-0.78117	0.62570	-0.51326	0.02511	-0.53693	0.33385	-0.99988	0.54877	0.65350	-0.65126	-1.21950	-1.27528	-0.77320	-0.63752
-0.90664	0.52725	-0.30233	-0.52331	-0.22906	-1.35560	0.01185	1.41056	-1.19197	0.34389	1.04061	-0.41277	1.25091	0.20039	-0.34921	2.11713	0.09011	2.53996	-0.48233	0.99713	-1.58099	0.89802	-0.44793	-0.06794	1.34881	-0.85079	1.61147	-0.03303	1.29508	-0.19835	-0.19906	0.19618	-1.74824	0.41840	0.49726	-1.41879	1.93306	2.51070	0.93955	-0.53526	-0.45561	0.59207	-0.11939	-1.93927	-0.22129	-0.29018	-0.32296	-0.86868	0.75441	-0.25745	0.75408	1.30414	0.26495	1.45690	-0.54795	0.57241	-0.97808	1.47324	1.21207	-0.45334	-1.33006	-1.11652	-1.42000	0.07335
0.61327	0.14914	0.52550	-0.89824	-0.93860	0.57930	-0.11346	2.18542	-1.21556	-0.16833	0.81033	-1.29534	-0.47959	-0.16862	-0.86233	-0.40532	1.33485	-1.40494	-0.57990	1.60456	-0.02723	0.19790	-0.06024	-0.14105	1.44404	-0.17355	-0.54517	0.00032	-1.43240	0.92090	-0.03828	-0.12516	0.95198	0.25525	0.66572	-1.40649	-0.45032	0.63049	-0.81969	-0.89372	-1.14626	0.62378	0.95759	0.12849	-1.43848	-0.91469	0.16663	1.14426	1.30900	-0.85678	-0.39425	-0.55784	1.11471	-1.50730	-0.71062	0.96238	-0.73535	-0.17785	-0.93987	0.42797	-0.57257	1.06626	-0.83593	0.38453
1.01383	0.50940	0.37983	1.72653	-0.41517	-2.55481	0.77532	-0.85688	0.34684	0.32964	-1.16430	0.52075	0.58446	1.24968	-1.92427	-1.22728	-0.75159	0.55440	-0.38730	-0.44128	-0.33537	1.39683	0.44787	-0.23949	-1.74350	-0.82140	-0.86021	-0.02628	-0.49228	-0.78777	2.00146	-0.60024	-0.72930	0.82877	0.01408	0.29998	-0.44305	-0.03087	-0.13939	0.87700	0.28056	0.45178	-0.91761	-0.68835	1.83021	0.06724	1.25979	-0.89189	-1.34618	1.83819	-0.20063	-0.81982	-1.29140	-0.15442	0.21632	-0.26022	1.32632	2.01577	2.22662	1.18744	0.98695	-0.21487	1.43234	0.63261
-0.89006	-2.46469	1.36451	0.04561	-0.31787	0.41371	1.01015	1.46911	-0.66842	-0.67060	1.19136	2.38784	-0.15291	1.37538	0.83040	-1.35837	-0.65239	0.30864	1.13512	0.10688	0.98901	-0.31024	1.03550	-2.06128	-0.58463	-0.36658	-0.87935	-0.69808	0.07199	0.43087	-1.41355	-2.06314	-1.40965	-1.14762	-0.08125	-0.10196	-0.84950	-0.18666	0.20748	-0.21200	-0.40192	0.90840	0.35717	-0.71623	0.41766	-0.66770	0.96642	-0.96474	-0.71715	-2.06901	0.82707	-0.08898	-1.62776	0.12480	-2.28840	1.10197	0.46270	0.59095	2.80066	0.71012	-2.62168	0.29369	1.01619	1.65443
-1.10495	-1.28072	-2.42039	-1.49662	-0.30672	-0.34860	-0.70700	-0.28939	-0.42791	-0.71745	1.75347	0.92954	1.59058	0.17710	1.51407	0.60161	-2.07311	-0.24148	0.58097	0.62108	0.74997	0.45583	-1.67288	-0.07617	1.56307	-0.09925	0.68351	1.06410	-0.44260	-1.38386	-0.00974	-0.13754	-0.88398	0.11197	-0.07698	2.99413	0.56512	0.96755	-0.83984	0.22067	1.72583	0.93162	0.71760	1.89181	0.02642	1.72046	0.60020	-0.30942	1.19911	-0.74376	-1.66709	0.58920	0.77077	0.39230	1.08572	-1.74923	0.31135	0.97110	-0.78533	2.07575	-0.22303	-0.94528	-0.71724	-0.85170
-0.85062	-0.54565	0.16394	-0.79881	0.35464	-0.29822	0.27728	0.34581	1.16927	-0.52304	-1.04953	-0.54099	0.02957	0.64542	0.91400	0.16898	0.51910	0.56466	-0.72731	0.14555	-1.36871	-1.32586	-0.34844	0.57149	1.45611	-1.74637	-0.35410	-1.75487	0.29301	1.99810	1.27760	1.21425	-0.67899	0.01174	0.96054	-0.74295	-1.07835	0.95966	0.90690	-1.20327	-0.29089	0.74806	1.51077	1.49566	-0.55161	1.91336	0.49520	-0.63101	-1.27054	-0.35416	0.39537	0.83822	-0.75230	0.09479	-0.63581	3.27593	-0.33573	1.03625	-0.21064	1.24291	-0.34969	1.27582	-0.43319	-0.15160
-0.69194	1.68984	-1.36782	-0.32820	-0.38117	0.61502	0.02605	0.06462	-0.49498	0.34884	0.67603	0.10083	1.62758	-0.12749	0.45177	1.00143	-2.17086	1.11572	-1.22496	0.41383	0.02574	-0.09153	-1.00413	1.45732	-0.34116	-0.18010	2.33044	-0.49409	0.97260	-0.77454	-0.12575	1.98016	-0.40914	1.62870	-0.58386	0.65599	-0.72486	-0.84500	-0.28172	-0.00457	-0.18293	0.19215	0.47673	-1.07301	1.04803	0.95047	2.60787	0.02464	-0.25579	-0.41960	1.21098	-0.24653	-0.10213	0.36050	-2.48814	-0.71762	-0.55195	-1.97877	1.26348	0.72194	0.30747	0.10213	-0.86154	1.14267
2.34895	0.04683	-1.03186	0.53306	2.27752	1.03905	0.71258	-0.28943	0.08514	-0.95817	0.16916	0.76456	0.53455	-2.23838	0.17124	0.73569	0.74455	-0.05265	-1.97936	-0.14212	-0.99170	-1.37848	-0.47494	0.20953	-2.39522	-0.46235	-2.26992	-0.72148	-1.05146	0.82972	0.76922	0.51853	0.29440	0.18311	0.99419	1.18381	1.18998	0.55510	-1.24377	0.48602	-0.63986	0.32990	-0.50750	-1.51770	0.61870	-1.70465	-0.19025	-0.89220	0.02298	0.09270	2.06370	1.50105	-0.31452	-1.92582	-1.18917	0.17846	-0.45320	1.52757	-1.18558	-0.16272	0.09604	-0.52518	0.64081	-1.55282
-0.66993	0.45252	-0.07706	1.24767	1.31735	-0.18733	-1.24008	0.91203	0.96437	-0.83452	2.09173	-0.76579	0.83926	-0.11686	0.97717	-0.46674	0.16799	-0.54940	1.02498	0.59499	1.95623	-1.33056	0.20562	0.21928	0.52787	0.00484	1.24035	-1.07489	-1.79064	0.55664	-1.03236	0.90073	-1.41179	-0.29920	-2.30272	-0.15188	-2.23970	0.27326	-0.35434	1.00952	-1.63399	-0.38025	-0.13769	-1.20569	0.50369	-0.01706	0.17714	0.78507	-0.23260	0.10170	-0.00148	-0.81873	-0.06377	-0.19337	0.25364	-0.39255	0.28570	-0.86328	-0.21168	-0.86003	0.10598	0.79304	-1.60087	1.50534
-0.43748	-0.84923	-0.57159	0.33662	1.13247	-0.61283	-0.38234	0.70472	0.67811	1.49732	-0.33438	0.69145	1.27018	-0.06808	-0.01765	0.91450	0.58534	-2.16089	0.00563	0.77650	-0.45629	-0.30765	1.73921	-0.54341	2.58887	0.97548	1.92946	0.81863	0.69949	1.53447	0.00721	0.28896	-0.41338	0.27154	0.33896	-0.39707	-0.66933	0.28303	-0.26163	-0.54448	-0.76932	0.55520	0.22327	-0.34572	-1.19288	0.92163	0.76182	-0.39563	-0.89167	0.25905	0.08794	-1.27745	0.60334	-1.77526	0.64323	-1.04586	-0.65198	0.33053	-0.19131	0.11766	0.35883	0.66086	-0.19898	-0.88053
-0.70715	-0.96533	0.55660	-0.45960	-0.89301	0.57216	0.64978	-0.26546	-0.32306	-0.66009	0.19306	-0.71311	0.00551	-1.10041	-0.12261	0.06657	1.68197	1.44771	-1.28179	0.48455	-0.89700	0.28135	1.17257	0.14378	-0.35927	-0.17778	-1.22102	0.57324	0.83946	0.43157	-0.81447	-1.66791	-0.46209	-2.59229	1.27162	-0.71036	1.50635	0.13406	1.23491	0.80649	0.00925	-0.47818	0.86596	0.25769	0.87319	-1.17817	-0.05777	-0.16682	-0.33563	0.50855	0.20771	-0.46214	0.46070	0.20568	0.53145	-0.12020	0.96257	-0.08634	-0.43336	0.04105	-1.35886	-2.17209	2.34847	-0.37850
-0.60795	-0.47398	-1.29104	0.31736	0.59390	-1.04318	-2.27023	1.18432	0.86709	-1.51610	1.35970	0.64493	0.30510	-1.74405	0.73450	-0.58826	0.47955	0.04121	0.26724	0.09584	-0.69962	1.39530	0.45981	0.61475	-0.55469	0.04037	1.01291	0.15307	1.04832	0.38100	0.02961	0.06459	-0.73553	-1.29119	-0.58077	1.62204	0.54107	-0.62449	-0.45505	0.74152	2.00660	-0.08692	0.06927	-0.27488	2.63763	-0.84980	-0.04659	1.06730	1.74195	0.06755	0.44331	0.49428	-1.97421	-0.11249	-0.69618	0.01187	0.64080	-1.16872	-0.18535	0.21504	-0.85410	1.72881	-2.65945	-0.60809
-0.17423	-0.10562	0.51069	-0.74695	0.95088	0.32732	-0.87290	1.54704	-0.33229	-1.58983	-0.59138	-1.36973	-0.94199	0.39262	1.96773	-0.62412	-0.51852	-1.50331	0.16770	-0.56517	0.42718	2.05897	1.68526	0.84438	0.57173	-0.25447	1.49479	-0.93264	-0.11832	-0.04377	-0.62458	0.08144	-0.03550	-0.42337	-0.71951	1.23965	-0.22270	2.32332	-1.37537	1.83910	0.84454	0.41069	-0.68407	-0.54223	1.84522	-0.57181	1.12142	-0.31246	1.08510	-0.59833	-0.71920	1.57210	1.65938	2.62076	1.40303	-0.59298	-1.26194	-1.26200	-0.60460	1.34518	-1.91403	1.63671	-1.06049	0.15693
-0.77193	0.42375	0.44652	-0.39783	-0.37344	0.10357	-0.75471	0.78801	-0.38755	-0.70385	-0.48144	-0.14351	-1.11049	0.74073	0.37808	1.96148	-0.45670	1.20594	-0.22871	-0.31379	-0.29039	0.47392	-1.53493	-0.02143	-0.45746	-1.73083	-0.12334	1.40784	-3.75575	-2.17848	0.11777	-1.90285	-0.98837	1.06218	0.58866	1.47399	0.02264	0.39720	0.29254	-0.91096	0.60420	0.82759	-0.32076	1.99451	0.62031	-1.70387	-0.00380	1.03743	-0.17346	-0.62851	0.20410	0.18039	-1.35032	0.75026	-0.39864	0.13295	0.42768	0.32266	0.67584	-0.49409	1.68476	-1.85953	-0.11153	-1.82519
-1.95275	-1.04087	-0.18129	-2.04002	0.86513	0.05143	-1.18023	-1.14791	1.22620	0.07996	0.60177	-0.84145	-1.35810	0.08222	1.10503	0.79389	1.92351	0.33558	-0.28619	-0.15364	-1.41629	1.19242	-0.78701	1.67351	-0.09228	1.19591	-1.33684	0.37633	1.41602	0.32611	-0.75573	-0.17262	0.26179	0.98088	0.72869	0.27530	0.46077	0.28833	0.73550	0.90943	0.15724	-0.80067	-1.38465	-0.37533	0.41075	-0.09279	-1.02555	0.40827	0.08363	0.51599	1.27259	-1.57148	0.37226	-0.43852	0.87255	0.30122	-1.20749	-0.30638	-1.66783	0.85504	0.08811	-0.67053	-0.43265	-0.05630
0.75872	-0.82894	-1.44414	0.18263	0.35596	-0.72420	-0.86260	0.30583	1.42888	0.30839	-0.36365	-0.51465	0.48823	0.44886	0.26628	0.87476	-0.56432	-0.82617	1.01537	-0.30890	0.18830	-0.19082	-1.28176	-0.98609	-0.34895	-0.65075	-1.06009	-1.05319	0.12245	0.34692	0.54435	-0.83915	-1.21581	0.59397	-0.23752	0.51093	0.16708	-0.72206	0.57790	-0.09912	-0.59814	0.37271	0.19248	-1.63555	-0.05425	0.56766	0.42471	1.02831	1.14679	1.34069	0.58145	-0.38469	-0.61353	-1.19716	-1.57259	-0.30835	0.34643	-1.96431	-0.11409	0.12673	-0.55658	-1.88319	-1.28940	-0.43969
-0.42178	-1.26670	0.28154	0.45840	-0.95641	0.73181	-0.72241	0.94110	0.52039	-0.62532	0.19393	-0.36777	-1.38496	-0.26721	0.44559	-1.37318	0.41778	-1.59748	0.17744	-2.43980	-0.36915	-1.73793	0.19596	-0.26402	-0.45206	0.36156	0.76159	0.61342	-0.27187	-0.54404	-1.10466	-0.91806	1.68610	0.90285	0.69285	0.65727	1.08247	-0.07281	-1.44334	-1.59860	1.04735	1.71683	-1.98161	-0.55364	-0.15949	-0.20437	0.49743	-2.71545	0.03844	-0.16727	0.39366	0.09293	0.76803	0.72983	-1.57694	-1.23120	0.15127	0.59746	-0.57768	-0.45453	0.90829	-0.03657	1.47187	0.79400
0.67188	1.51447	-0.29284	0.82680	-0.42772	-0.59833	-0.17585	0.27585	-2.73507	1.56273	-0.25970	0.66598	0.82997	0.56636	-0.26107	0.37001	0.35005	-0.65582	-0.60666	-0.40148	-0.39933	0.93860	0.41267	-0.01644	-1.24472	-1.82415	-2.12359	0.41173	-0.02793	-1.49800	-1.70422	-0.56854	0.44127	-0.19172	-0.27785	0.32653	0.40136	1.04327	-0.01220	0.97295	-2.40128	-0.25855	0.91683	-1.47944	0.38722	1.94443	-0.04215	-0.50800	-0.17282	0.72880	-0.18292	-0.29052	0.88114	1.16287	-1.32658	1.44613	-0.75454	0.92393	0.68259	-0.54178	2.52300	1.84559	-0.09259	-0.18951
1.75414	-0.35417	-0.75629	-1.94549	2.41564	0.21139	-0.17847	0.42153	0.05641	0.76357	-0.30335	-0.12189	-0.76869	1.74133	-0.62940	-1.25953	0.08174	-0.05651	0.17957	-0.40292	-0.16398	-0.05664	-0.62604	-0.42657	0.90720	-0.27161	-0.41958	0.01440	1.69874	0.24170	-0.76403	-0.17205	-0.44705	0.10738	-0.17209	1.71839	0.76933	-1.40334	-1.86542	0.41300	1.10771	0.88374	0.46572	-1.36681	-0.38841	-0.99567	1.17584	-0.43844	-0.89779	1.01596	-0.17062	-1.92351	-0.30114	-0.14181	-1.82643	0.05873	0.08113	1.54541	0.75266	-0.00622	-0.61516	0.33250	-0.60106	0.45806
0.96643	-0.66920	-0.04347	-2.53443	-0.35104	1.23965	-1.25675	0.30166	-0.37769	-0.82345	-0.57259	0.12964	-0.14350	0.58252	-0.18768	-1.25791	0.91431	-1.12251	-0.20152	-0.67491	-2.06744	3.83988	-1.03719	-1.71133	0.38734	-1.53013	1.43063	0.09575	-0.40243	-0.69012	-0.34085	2.24279	1.12514	0.24267	0.52926	0.35973	-0.16182	0.06712	-0.57463	0.84726	0.68915	-0.16760	-1.11490	-0.84126	0.25664	1.78723	0.29746	-1.37263	-0.63405	2.15323	0.54409	-0.60008	0.46274	0.00267	0.78029	-0.11886	-0.87140	-0.14566	1.49398	1.33418	1.24658	1.29175	1.54760	-0.38342
2.03943	-0.10846	-0.10732	-1.26688	0.36229	1.11756	-1.70843	0.44325	-0.34108	-0.14035	0.59267	-0.14992	-0.53008	-1.25273	0.37024	-1.65989	-1.61874	0.93989	-0.69000	0.15546	-1.34819	0.49553	-1.74232	2.47170	-0.49397	-2.31147	-0.50636	-0.58147	0.97437	1.05422	0.65759	-0.95722	0.71252	0.09635	0.12513	-0.12007	0.44605	-3.34619	0.33090	0.97262	0.26861	3.86758	0.99427	0.32119	-2.35415	1.01178	-0.07769	0.54941	0.36013	-1.72871	0.87712	-0.49080	-0.06511	-1.60182	-0.25750	1.17712	-0.76030	-0.92237	-0.45330	1.81573	-0.13427	-1.01709	-0.77203	0.54719
1.39367	0.86960	0.60954	0.54653	-2.84694	0.43108	0.52545	-0.05822	0.01657	0.42218	-1.81451	-0.69383	-0.11275	-0.31061	-0.22591	-0.33543	0.91060	-1.01862	0.14993	-1.22578	1.43233	-1.20793	0.56129	0.04489	0.27015	-0.63210	-0.53304	-0.24182	-0.44692	0.83643	-0.33297	0.40395	-0.70547	0.29860	0.63411	2.79063	-0.04361	0.45502	1.70569	0.15013	0.29098	-0.10840	0.96824	-1.32775	0.88598	1.60969	-1.37755	-0.83693	-0.82234	-0.75128	-0.52384	1.80008	0.07917	-1.10932	-0.45241	0.29936	-0.53525	1.15911	0.67316	1.93299	0.18199	-0.81911	-0.04293	0.59826
-0.54909	-0.63620	-0.68102	-2.09083	-0.17450	-0.62009	-0.26658	-1.50064	-0.59346	-0.09216	0.02376	0.69610	1.24588	-1.13635	1.16743	-0.42558	-0.31720	1.47112	-0.65728	0.28047	0.15360	0.83297	-1.47122	0.94485	0.18115	0.57479	-0.01661	-1.18763	-0.52386	-2.89621	-0.43335	-0.86823	0.05989	1.46446	1.65626	0.05076	-0.68310	0.02419	0.82360	-0.68535	-1.38697	-0.54163	0.11438	1.15877	0.26248	-0.18083	-0.08035	-1.64594	-0.71500	-0.58651	-1.39209	0.48542	0.46049	1.08988	-1.80969	0.16220	-0.44799	-0.03069	0.04827	0.52389	0.49220	0.02116	1.38372	0.17882
0.62444	0.01996	-1.13826	0.68431	-0.37478	1.45427	2.10653	0.78819	0.17193	-0.65923	0.52570	2.09404	-0.89760	-0.99071	1.75982	0.28933	-0.24928	-0.84022	-1.69051	0.84160	-0.67158	0.18069	-0.09870	-0.67412	-0.50573	-0.17995	1.29041	-0.22191	0.00433	2.48430	0.36464	1.07431	2.20339	-2.07195	-1.50157	-1.86467	1.81414	1.30146	1.54366	0.23882	-0.50532	1.32303	0.00870	0.82081	-1.55854	-0.73464	-0.33980	0.70718	-0.26679	0.05302	0.97968	-0.13484	-0.93469	-0.05994	0.92496	-1.04611	-2.19065	-0.57299	-0.73401	-0.32335	1.03905	0.13870	0.17693	0.90827
-0.00268	-0.90689	-0.39677	-0.28947	-0.27053	-0.69909	-1.28181	-0.95469	-0.90866	-0.59637	1.57291	-1.42455	0.15502	1.35765	-0.10456	-0.68871	-1.95138	-1.79868	-0.17674	-0.72329	0.90546	0.34421	-0.58191	0.47017	-1.86559	0.35781	-0.28121	0.85057	1.08185	0.17059	-0.19675	1.20240	2.15110	0.66031	0.71201	0.61215	0.39630	0.75099	-0.73570	-1.74396	-0.67355	0.35873	-1.18737	0.17232	0.89946	0.01930	-0.48149	0.19564	-0.87758	-0.00833	-0.87075	0.41793	-0.48944	0.32640	-1.02082	0.02044	-1.54282	0.38381	0.81073	1.08051	0.74198	-0.55930	1.39201	0.15511
0.94378	-1.31203	-0.77638	-1.75048	0.50771	0.04984	1.20131	0.02696	0.05907	-0.36521	0.69125	1.14141	1.55924	1.35140	-0.39684	-0.28075	-1.33775	-0.54492	-0.64915	-1.73828	0.33630	1.48983	0.24546	1.23534	0.61766	-0.17787	1.43220	-0.72485	-2.31761	-1.24785	1.69140	0.24836	0.50313	0.22219	-0.44850	-3.02342	-0.11785	1.90518	-1.32140	-0.48711	0.32881	-0.75567	1.24402	2.44413	-0.05582	-1.48890	-0.26130	1.36924	0.58040	-0.74150	0.74582	-0.34164	0.65549	-0.38225	0.35577	0.31400	0.65668	-0.90142	1.24102	1.20837	-2.83059	-0.57522	-0.97414	0.10939
-1.19120	-1.21036	0.91446	-0.02546	-0.14242	0.62022	-0.04379	-0.71654	-0.49958	-0.83154	1.13073	-2.24273	1.32775	1.45113	0.39739	-0.13380	1.79591	0.23774	-0.86573	0.99593	0.33337	0.03388	-1.71525	2.04446	-0.14849	-0.03900	-1.76255	-1.78702	1.25083	-0.23744	-1.44409	-0.53381	1.73263	0.81790	0.65921	-0.24646	0.20058	-0.83968	-0.78521	-0.81228	-0.52269	-0.15497	-0.55846	0.27705	0.16460	1.43539	-0.02551	-0.76529	-0.11524	1.42724	0.16740	-0.54845	-1.69132	-1.11574	1.51766	0.63292	0.82234	-0.58880	-1.82705	-0.45541	0.11068	0.89149	0.57131	-1.35636
1.49293	2.01151	-1.24101	0.03440	-0.97964	-0.55017	1.20621	-1.78538	1.02925	0.52315	0.91312	-0.64626	0.63903	-0.01516	0.41692	-0.78734	-0.33184	-0.24044	-1.42404	-0.97479	0.54133	0.82975	-0.32100	1.01400	-1.98317	-0.70964	0.10590	1.79685	0.31686	-0.09991	0.20239	-0.27001	-0.90447	0.63696	0.31954	3.77268	0.36649	-1.19574	0.41652	0.07494	1.09333	-0.41061	-2.20343	-1.01027	0.31019	-0.11144	1.78438	0.25500	-1.10596	1.72294	-0.44233	-1.12570	-1.30442	-0.70307	1.26193	-0.23891	-0.31751	-0.11432	0.93319	0.02438	0.66655	0.12839	-0.03181	-0.03368
0.29770	-0.12001	-0.24107	-2.24848	0.87107	0.30587	0.59251	0.84282	-0.96257	-0.99770	0.45299	-0.69431	1.42398	0.58274	-0.97821	1.11152	0.29282	-0.24797	0.57166	-0.21565	0.69674	-0.18857	-0.02264	-0.31039	1.24847	-0.82907	1.57164	0.72327	-0.36104	0.12264	-0.02612	-1.25825	-1.57217	-0.19702	0.25428	1.96234	0.33217	-0.08821	-0.39734	0.71217	-0.21822	0.39173	0.31663	-0.86588	0.82816	1.14752	0.18976	0.63605	-0.39918	-0.75966	0.90142	-0.27004	-0.16477	-0.14507	-0.01538	0.45515	-0.63865	-0.35276	0.77924	-0.33766	0.45533	-1.41319	0.53316	-0.63125
-1.20248	0.05799	0.37837	-1.05186	0.06063	1.13074	0.24732	-0.49069	2.49977	-0.38726	1.17314	-0.30605	-1.26546	-1.21417	0.48096	-1.37554	0.89656	1.27484	-0.09490	-0.60079	0.27361	0.39888	1.82426	-1.37149	0.79088	0.88216	-0.12155	-0.54904	-1.53415	-0.03611	-1.10499	-0.18595	1.02525	-2.12192	0.13686	1.18376	-0.45031	0.62036	-1.25308	-0.59958	-0.90979	-1.24791	-0.06366	0.37240	-0.58803	-0.88596	1.58364	0.46960	0.77055	0.50043	0.86461	1.30532	1.29382	1.69885	-1.42805	-0.08920	0.12428	-0.10287	0.15580	0.48172	1.23129	-1.00673	-0.54509	1.79184
-0.94430	0.78331	-0.11906	0.09919	-0.20190	-1.42256	0.34886	-1.37640	-0.34654	-0.22295	-1.57170	0.45459	-0.18798	-0.42671	1.15022	-0.88024	-0.60396	-0.01268	0.47586	1.13233	0.17037	-1.07078	0.59838	1.23439	0.47152	-0.83365	-0.42029	2.02598	-0.24754	-1.29207	1.01120	-1.15809	0.15101	0.08163	-1.96028	0.18552	-0.78879	1.00223	0.64177	0.19873	-1.88444	0.06790	-1.06341	-0.26484	1.37739	0.16016	-1.75662	-1.16292	0.10670	-2.33015	-0.24263	0.78201	-0.42165	-0.45111	1.37485	0.65737	0.14115	-0.00206	0.43081	-0.10977	1.28469	1.35208	-1.69249	-1.18047
-0.28304	0.80859	-1.76115	-0.62779	1.29503	0.57481	-0.07927	0.67560	0.11019	0.57028	0.46007	2.16241	0.48105	0.19787	-0.63997	0.23130	1.00850	1.03188	-0.10450	0.13054	-0.67812	-0.47010	0.09266	0.02640	1.96342	2.11946	-1.58749	-1.04021	-0.08584	0.07931	0.04898	2.80836	2.03455	-1.76369	-1.38502	0.29875	1.29471	-1.06256	-0.67465	-0.19285	-0.61077	-1.47613	0.53464	-1.81869	-0.87852	-2.37355	-0.44196	0.39064	0.85361	-0.30203	0.62314	-0.99525	-0.63181	0.23464	0.82582	1.34050	-0.02645	-0.70312	0.26676	0.28321	-1.62082	-0.68856	0.89309	-0.02235
-0.18172	-1.07553	1.16449	-1.12491	-0.90608	1.63070	-0.04455	0.09458	0.46235	1.01473	-0.11266	0.21430	0.75153	0.35889	0.19515	1.81563	0.04374	-0.80866	-0.66997	1.57660	1.30443	-0.37280	-0.29800	-0.95107	0.38594	1.13614	1.49419	0.10169	-0.84006	0.13679	-0.15981	1.16962	-0.37578	-0.36155	0.19403	0.82310	1.35809	0.85810	-1.03170	0.29763	-0.50655	0.98182	-1.63825	-0.39391	-2.00853	-0.90519	-1.05265	-0.09543	0.29791	-0.07616	-1.06898	0.38457	0.52720	1.26832	-1.76226	-0.98608	0.14071	-0.21028	-1.73887	-1.85190	0.35149	0.84151	0.09840	-1.15899
2.04267	-1.03730	0.17028	-1.79356	1.63789	0.40999	0.68603	0.32629	0.56149	-1.52533	-0.29901	0.41122	0.24096	0.25386	-1.11400	-1.05447	-0.97789	0.35633	0.06003	-1.27855	0.77328	-1.43468	0.84164	-0.16038	0.53202	-1.28735	-0.20053	-0.25950	0.23072	0.25543	0.89885	-0.83622	-0.65867	0.24285	-0.13138	0.14106	0.40885	1.08390	-1.70038	0.12682	0.20097	1.71586	-0.23115	-0.17139	-0.58149	-0.09737	-1.07507	0.75020	-0.67266	-0.99812	0.16738	0.04679	0.48119	-1.20699	-1.52185	0.89859	-0.94822	-0.20321	-0.77859	-0.79015	1.16281	1.35979	-0.28879	-0.23635
0.00266	-0.28012	-1.21282	-0.03928	1.92331	-0.02352	-0.00596	-0.01466	0.14531	0.92576	-1.10025	0.77465	1.09169	-1.34160	0.10600	0.26989	-0.47445	-0.02011	0.14702	-0.58243	-0.01015	-0.56204	0.15579	1.56483	0.22440	-2.96995	0.77140	0.63633	1.37619	1.36947	-0.96103	1.02579	-1.08227	2.21789	-0.39828	-0.98955	0.10639	0.09328	0.06742	-0.57603	-0.99227	-0.76593	0.26748	0.82641	-1.11630	-0.90440	-1.78103	-2.11830	-1.66151	0.48412	1.22905	-0.10690	-0.34679	-0.18548	1.42876	1.67890	-0.04241	0.43520	-0.00812	1.69886	-1.07304	1.03950	-0.70915	1.76738
0.25101	-1.28310	0.04635	0.30854	0.85371	0.54176	1.06869	0.11090	1.07874	-0.78950	-0.06896	-0.25445	0.30511	-1.62229	0.66701	-1.18154	0.49286	2.20826	1.15334	1.13558	-1.03626	0.79128	0.13443	1.52753	0.64911	1.22033	2.32180	-1.33359	-0.24562	0.72543	0.07939	0.72530	-0.79254	-1.06100	-1.76631	0.82295	1.48142	0.63462	-2.47856	0.85154	-0.23800	0.58514	-0.54319	-1.10758	-0.64995	-0.48303	-1.60736	1.79338	1.15598	0.14059	2.81320	0.27444	-0.54879	-0.50216	0.54118	-0.72799	-1.09665	0.00353	-0.83553	-0.91924	1.60443	-0.11260	2.24739	-0.27813
0.41621	-0.67222	0.22910	-0.20312	-1.71888	0.74867	-0.40481	0.06587	-0.19294	0.04640	-0.27598	-0.63428	1.11238	1.63642	-0.57042	0.32715	-0.25128	1.98759	1.38710	0.17263	-1.42762	-0.23986	0.00732	1.40519	-1.91534	0.00927	0.80361	1.45560	-0.45511	1.30651	-0.43568	-0.44980	-0.52538	0.01747	0.44196	1.61636	0.06002	-0.09315	1.09072	0.66315	0.03183	1.90634	-0.43542	0.14478	-0.81005	-0.71816	-1.09791	-0.85067	-0.52883	2.45799	0.03727	0.78524	-0.57983	-0.98566	-1.30728	-0.76344	2.65255	1.19529	0.08064	0.94581	-1.21500	-2.24534	-0.01146	-0.84192
-1.23834	-0.26898	0.07904	1.46336	0.02013	0.15388	-2.14489	1.78804	1.54540	0.74066	-0.55000	0.75780	-1.32959	1.41071	-1.18322	0.73596	-2.28763	0.62626	-0.39429	0.79160	-0.23715	0.38303	-0.15447	-1.09549	-0.26800	0.88979	-1.46089	-0.42067	-2.09333	0.41498	-0.89487	-2.02039	-1.56473	0.93731	0.65241	-1.14996	-1.52881	-0.28748	-1.21065	1.11476	0.60681	0.07891	0.64750	-0.48766	-0.46062	-1.50004	0.54389	2.79590	-0.26478	0.84356	-0.49894	-0.55695	1.70643	0.63108	0.47442	1.29480	0.34705	-0.88017	0.38791	0.09913	0.77511	-1.53615	1.33135	-0.95603
-0.46444	0.72087	0.16783	-0.42220	-0.43012	-1.15033	-1.96072	0.16130	-1.14349	-0.22443	0.67276	-0.56055	1.03938	0.78609	0.52526	0.19367	-1.07829	0.68495	-0.28220	-1.19465	1.21198	-0.35881	-0.42670	-0.66786	-0.96730	-2.45788	-0.51592	-0.98278	-0.32938	-0.42305	1.72532	-0.95232	0.18146	-0.29174	-0.73426	0.14292	0.69368	-0.56196	0.77620	-0.80560	0.84883	-1.97407	-0.71009	-2.06577	-1.40997	0.30813	1.35254	1.48219	0.44957	2.13061	-0.15435	-0.67336	-0.98428	0.53681	-0.46844	0.90897	0.21245	-0.00917	1.15199	0.46248	0.65513	-0.20744	-0.32786	-1.15085
1.04769	-1.87822	-0.70224	0.12353	-0.38445	0.93048	-0.90963	-0.68909	0.73601	0.14749	0.38425	0.82602	-1.32196	0.66934	-0.23140	-0.24350	-1.36073	0.37638	-0.90005	0.31622	0.92249	-2.49717	0.88709	-0.65533	0.85189	-0.87936	0.81399	-1.13029	0.02724	-0.37232	0.99176	0.86087	0.53034	-0.42066	-0.51184	1.26770	0.12325	-0.78207	1.95913	-0.93090	-0.82178	-0.35914	-0.36297	-0.81779	-1.90594	0.10638	-1.33299	-1.86025	-0.86528	-1.34655	-1.24448	0.62659	-1.55632	0.61811	-0.81754	0.23406	1.61674	-0.57842	-0.31951	0.54534	-1.06834	-1.53618	0.57512	0.40687
2.42649	1.79705	0.68276	1.19802	-0.84516	1.06555	-0.55812	1.23244	-0.78714	0.71233	0.75166	-0.02003	-1.96485	-0.49781	0.59002	-0.01740	0.45569	-0.43247	0.90616	-0.32525	-0.49363	-1.27763	0.43730	-0.84668	-0.53824	0.59985	-1.21871	1.33604	-0.99800	0.65928	-1.98114	-0.58200	-0.40382	0.03363	-0.57743	-0.68675	0.39280	0.23307	-0.26795	-0.44391	1.07978	-0.97913	0.80447	0.21226	1.28549	0.08463	-1.98308	-0.98667	-1.39784	-1.53145	1.56256	-0.99440	1.65935	-0.27727	-0.32134	-1.25105	-0.21486	-0.41832	0.42914	-0.67319	0.28003	0.04479	1.54989	-0.29978
-0.16449	-2.43547	0.51212	-0.17999	-0.30727	1.00821	1.60667	-0.64787	0.21659	-1.55104	1.40737	-0.12524	-0.49525	0.30941	-0.36530	0.97175	-0.12437	-0.90965	-1.29834	-0.26110	-0.28270	0.42025	-2.16242	-1.02246	1.75404	0.11021	0.21462	-1.23232	-0.06386	-0.07023	-1.19843	-1.08678	0.25765	0.27428	-1.22878	-0.32152	-0.19373	-0.52447	-0.02261	-0.51022	0.19284	-1.04914	-0.70577	0.68081	-1.17433	-0.54977	-1.65361	-1.74350	-1.05755	0.49065	0.53705	-1.25414	-0.00984	1.83834	0.53837	-0.98125	0.67209	-0.89569	-0.57023	-0.66199	1.46987	-0.13441	0.20064	2.17263
-0.77244	-0.88288	-0.64231	0.57010	0.37282	0.45888	-0.79144	-1.22448	0.26480	1.89700	1.55664	1.01633	-0.94229	-0.01140	-1.42343	-1.71266	0.43011	1.14589	-0.37769	2.41045	0.27930	-0.31104	2.11374	-0.20986	-1.02092	0.78425	0.79823	-0.71948	1.64908	-0.12679	-0.08919	-0.78904	0.15383	-0.39714	1.23465	-0.14259	0.64779	-1.60844	0.02160	-0.87994	-1.51936	-1.19382	-0.52733	0.20726	0.08708	0.69831	-1.68458	-0.12020	0.07718	-0.09803	0.12071	0.55783	0.57592	1.28209	0.39645	-2.81343	-0.09170	-1.09162	0.73363	-0.14602	-1.27329	0.71067	0.14721	1.98935
-1.50874	1.31412	-0.73461	0.14079	-3.34107	-2.26027	1.03818	2.06599	-0.19427	0.67282	-1.50941	1.09287	0.39252	-0.75405	-1.62163	0.77785	0.61889	-0.53921	0.45169	-1.22497	0.25157	-0.95682	-0.21900	2.68978	-0.02942	-1.09899	1.15281	0.37423	0.67061	-0.65917	0.15682	-0.92996	1.67554	0.50834	0.21343	1.85439	0.45543	0.01903	0.16973	0.49697	0.83236	1.13722	0.50171	-0.52425	-1.09562	-0.44944	-0.52528	0.10373	0.82240	1.71260	-1.48200	-0.07963	0.94198	-0.22717	0.04070	1.56624	-1.69768	1.08845	-0.04837	-1.31650	-0.18425	0.48569	0.56789	0.04222
0.75133	1.33739	-0.44893	1.26297	0.22694	0.80977	0.09375	0.47033	-0.75461	0.62159	1.83843	-0.01207	-0.08102	0.78606	-2.44816	1.01134	-0.69150	-0.65065	0.97261	-0.04910	-0.76298	-0.53010	3.29203	-1.22581	1.57242	-1.51412	1.08195	-0.83544	2.76849	-1.16884	-0.10176	0.14176	0.29369	0.25907	0.62980	1.04923	-0.67865	0.63975	0.18040	0.58706	1.04843	-1.93957	0.74653	-0.54520	1.27780	-0.03729	0.29823	0.65132	0.59793	0.74490	-2.24469	-0.49469	-0.38579	0.59547	-1.16573	0.29259	2.16713	1.50024	0.48443	0.88963	-0.96453	-0.97736	0.98274	0.82862
-0.21902	0.89841	-0.61623	-1.73552	-0.69025	-1.42097	-0.18169	0.90017	-0.34290	1.29585	0.71083	0.17978	0.21750	-0.58563	0.76730	-0.80451	-0.54733	-0.00777	-1.78087	-1.08091	-0.29534	0.69826	0.84754	-0.18610	-1.41481	1.09566	0.71983	1.50088	0.21661	0.40810	0.47706	-1.02996	0.73345	-0.29174	-0.39251	-1.35570	1.74645	0.47522	-0.64884	1.33420	-1.06090	2.14366	1.58817	0.80521	-0.09538	-1.31489	-0.47194	0.79967	0.22901	2.14834	0.73008	-0.83727	-0.68366	0.00186	-0.22547	-0.64004	0.87921	1.01612	-1.78178	0.20871	0.07676	-1.00233	0.05585	-1.31530
-0.94558	0.29438	-0.75099	0.18832	-0.57427	0.20684	0.60679	-1.43389	0.06607	0.60759	-0.96216	1.85130	0.94974	-0.60051	0.30545	0.08747	0.27794	-0.80069	-0.02482	0.50511	1.75276	-0.19774	1.67516	-0.40937	-1.02996	1.13546	0.51509	0.27679	-0.92530	0.45944	0.85862	0.45545	0.29727	-0.86501	0.29157	-1.41348	-0.91136	1.49736	-0.01464	1.77038	0.81329	0.28716	-0.85112	1.53516	0.04925	-0.95984	0.95564	0.23678	-0.58684	0.32419	-0.05235	-1.22109	-1.23255	1.05477	1.27955	-2.16725	2.30793	0.82048	1.34962	0.32708	0.85534	1.15493	-0.05709	0.34422
-0.01020	-2.21288	-0.28402	-0.69316	0.83534	-0.78212	-0.64071	-0.40022	-0.40147	-0.94825	1.43749	-0.97462	-0.11085	0.86819	-0.01481	-1.03060	0.14070	0.17917	-0.73339	-0.39278	0.42670	-0.45016	-0.91462	1.19847	0.46022	0.35236	-0.34588	-0.50883	-0.95394	-0.77318	-2.40577	-0.58928	-0.38095	-0.07971	-0.15222	-0.71185	0.30207	0.02264	-0.31142	-1.30746	-0.58108	-0.01381	0.09459	-1.43147	-0.29261	-0.62751	-0.46941	0.64579	1.02632	-1.47638	-1.76709	-0.41074	-1.16437	1.14945	0.13607	-1.12648	-0.71581	0.13519	-0.42687	0.19679	0.44510	0.06355	-0.83736	-0.09120
0.39793	1.32752	-0.73079	-0.94702	-0.03432	0.48561	1.12275	0.55378	0.36608	-0.87020	0.48636	0.01588	-0.89509	-1.01414	0.72219	0.71207	-1.35026	1.67975	-1.45108	0.44590	0.41265	0.18351	0.83046	0.97971	-0.12175	-0.08421	0.42426	-3.28420	-0.58151	0.54154	-1.27069	2.47323	0.91459	-2.44172	-0.06614	-1.01951	0.30608	0.68926	-1.29178	-1.24700	-1.63826	2.15028	-0.85393	-0.13159	-0.29430	-0.66565	0.00271	-0.93943	1.30486	-0.66487	-1.60298	0.91857	-1.40098	0.02968	-0.97695	-1.04050	0.51409	-0.00250	-0.18570	-1.15577	-1.18867	-0.77364	-1.88334	-0.20439
0.63581	-0.20578	0.34105	-0.14763	-1.24241	-0.35085	0.69232	-0.53811	0.02598	-2.12639	-0.94602	0.06378	1.22280	-0.32515	0.99468	0.07499	-0.75915	0.24659	0.32644	0.94872	-0.42005	0.17951	1.01092	1.71921	-1.34735	-1.98554	-0.99301	-0.26258	-0.32666	-0.99641	1.01534	0.71143	-0.05856	0.02207	-0.28360	-0.59166	0.01880	-0.81068	-0.14978	0.55361	0.03316	0.95078	0.28050	-1.33744	-0.63822	-0.51779	0.89414	0.50038	0.14097	0.30212	-2.27883	-0.08286	-1.80195	0.19596	0.72177	-0.93411	2.02220	-0.52032	0.41051	-1.10790	0.21631	0.67266	0.23090	1.39034
-0.57910	1.42548	0.53661	-0.56465	-0.83419	-0.92715	0.32268	-0.05216	0.53499	-0.56737	-1.48026	-0.84109	-1.24545	-0.36043	0.99732	-1.94152	-1.21679	0.11953	1.65447	-0.85846	-0.96458	0.06389	1.97032	-0.79814	0.16407	-1.03044	0.90537	0.16699	-1.32995	0.23926	0.49132	0.81756	-0.24430	0.72354	0.81126	0.46155	0.52126	0.10352	0.91831	-0.38411	1.07063	1.37554	-1.00278	-1.64906	0.15247	0.43423	-1.40820	-0.45954	-0.47923	-0.54386	-1.03417	0.00817	0.35020	0.59909	-1.03229	-1.07408	0.18162	1.35444	-0.73088	1.71582	-0.80654	-1.20667	-0.05939	0.91970
0.64297	0.59874	-1.04983	-0.45446	-0.48083	1.21661	0.11845	-1.06291	-0.26777	0.41683	-0.17941	-1.79694	-0.99377	-0.26497	-0.63435	1.30545	-2.25469	-1.61637	-0.80880	-0.27085	1.34566	-0.32211	0.60882	-0.48099	0.67374	-1.69496	0.52153	1.12164	0.78966	-0.07604	1.06407	-2.18083	-0.24715	0.79122	0.63350	1.05081	-0.60686	-1.63635	-0.14069	0.97548	1.72622	0.22504	0.16685	-0.80202	0.59687	1.33762	0.17713	-0.77166	-1.05270	0.51670	-1.18439	-0.71873	-0.29692	1.01794	0.98472	-0.66511	0.23712	1.29692	1.12710	-0.24593	0.88298	1.11815	-0.22192	0.77782
-0.64806	1.28937	-2.40872	-0.06382	1.28040	-0.41393	-0.35839	-1.92410	-0.19309	2.00439	-0.33712	-1.60797	-1.41108	-1.85895	-0.84701	-0.17618	0.36638	0.27753	0.33325	-1.12700	0.23420	0.92805	2.38064	0.87638	1.53873	1.29154	-0.39385	1.78566	0.20918	0.24397	-0.38864	2.31828	-1.24171	-0.12141	1.82463	0.84537	1.53002	0.77512	-0.48055	-0.39591	-1.22033	0.99782	1.68176	0.39451	0.30121	-0.11446	0.50218	-0.86992	1.62775	0.23115	-1.82646	-0.54586	-1.76923	-0.45842	1.66426	-0.51443	0.29008	0.45577	1.21406	-0.93709	0.66092	-0.28997	1.26070	-0.16094
0.73936	1.03152	1.94616	-0.40264	-1.19740	-1.58926	-0.37984	0.42203	1.45363	0.16853	0.60795	-1.73690	-2.46290	1.36197	1.46633	0.10790	-0.01980	-0.08393	-0.75053	-0.24478	0.80927	0.06873	0.69898	-0.68560	0.09567	0.03402	-0.52900	0.33004	0.17869	-0.29516	-0.23875	-0.82618	0.05227	1.77231	1.54000	0.18289	0.41401	-0.13578	-0.00518	-0.44462	-0.58915	0.96228	-0.82355	1.50636	-1.42677	0.87425	-0.79063	1.54890	0.68402	0.24518	-0.38505	0.61191	-1.14569	0.41497	-0.94346	1.07799	-0.67032	-0.19336	-0.98946	1.02176	0.37915	0.79822	-0.67267	0.19377
0.28730	1.48624	3.32404	-0.25709	0.55675	0.41996	-2.91185	-0.64094	-1.45459	0.19493	-1.08076	-0.46598	-0.87450	0.66417	-0.72723	-3.08151	0.39250	-1.21918	1.32920	-1.80545	-0.73426	-0.57138	2.08756	-1.62328	-0.58048	-0.67326	-0.99365	-1.40300	0.94542	-1.43955	0.57261	-2.07593	-1.37040	-1.14375	0.58327	1.21366	-0.65404	0.77396	0.87156	-0.75795	-0.23600	-1.97687	-1.06131	0.73201	-1.71878	0.45815	0.05085	-1.00617	-2.88234	-0.60831	-0.80533	0.36481	-0.74197	0.60243	0.33354	0.56348	-0.02210	-0.16335	3.28643	-1.35065	-0.31811	-0.09142	-1.32732	0.74943
-0.93106	0.11040	1.10314	-1.15671	1.44622	0.62650	0.25283	-2.94489	-1.39035	-2.45572	0.82088	-0.01930	-0.90094	0.55066	0.31294	-0.57879	0.31240	0.28020	0.76913	-1.88036	0.25237	-0.10137	1.06875	-1.42539	-0.43193	-0.46976	-0.01334	-1.56119	1.38900	-0.63584	0.95879	0.09882	1.15131	0.17638	1.45425	-0.04386	-0.02965	-0.04013	0.60684	-0.93922	0.68369	-0.48939	-0.46360	0.02747	-0.63513	-2.40310	1.20169	-0.63754	0.56920	-2.66065	0.02826	2.02370	-0.94295	-1.91853	-1.28338	0.75531	0.50540	-0.53914	0.49040	0.03340	-0.25282	0.36239	1.96803	0.17002
-0.79677	-0.10938	1.87929	0.67765	-0.86434	-0.03428	0.02861	-1.74647	-1.03535	-0.20707	-0.86641	-0.94834	-0.70075	-0.07193	1.35316	1.14567	-1.38175	0.63961	-0.56748	-0.72772	0.84608	1.50708	-0.31997	-1.06264	-1.04567	-0.90364	-0.15168	-0.40196	-0.72828	-0.05003	-0.41238	-1.60860	-0.82208	0.59752	1.10945	-1.72889	-0.71385	0.18107	-1.13643	0.51117	-0.04461	0.94225	0.59648	-0.34818	-0.97417	0.02056	-1.05826	0.59851	-1.16954	0.98460	-0.53083	0.59740	-1.60637	-0.30281	0.08783	0.13463	-0.43006	-0.14942	0.73901	-1.44042	0.50353	-0.41795	0.78197	0.23035
-0.07770	1.37597	-0.60003	-0.57176	-1.97318	0.34459	-1.07949	-0.49052	1.31413	0.07330	-0.84319	1.10261	1.42905	2.00852	0.41012	-0.95859	-0.06833	0.08013	0.72569	-0.77945	1.47969	-0.52140	0.49440	-2.63964	0.71044	0.05878	-0.01898	-0.54424	0.02931	0.32662	-0.85719	-0.56964	-0.62148	0.65690	1.11273	1.17354	2.01992	-1.09063	-0.16188	0.47876	0.67604	-1.72457	-0.60410	0.08763	1.36012	1.31968	-1.26863	1.19920	-1.19669	0.06698	0.92866	1.36572	0.82541	-1.08483	0.30330	1.27567	-0.82534	1.27897	-1.50749	-1.01087	-1.08568	-0.74594	-1.18036	0.23116
0.49801	-1.02393	0.34844	0.61978	-0.18332	0.26170	-0.47934	-0.10016	-0.93505	-0.18318	-0.47819	2.55227	1.25331	-0.11897	-0.43065	-0.87135	0.78397	-0.60949	0.32393	-0.17526	1.99362	0.61450	-1.03743	1.28359	0.74731	1.03428	1.88219	-0.11209	-0.62341	0.08952	0.10093	-1.24689	-0.33702	0.78656	1.48401	-1.79653	0.73090	-0.48426	-0.36312	-0.50444	-0.12634	0.05929	2.59076	0.03133	0.22673	0.98086	1.20468	0.11830	-0.16411	-1.31028	-0.71012	0.36037	1.02910	0.40541	-1.74347	-0.89894	0.60047	-0.49201	-0.04036	2.33751	1.21935	0.55112	-1.35379	0.57548
-0.83540	-0.77319	-1.60379	1.21674	1.71271	0.89732	0.53279	-0.48042	-0.23051	0.41997	1.35204	-0.03537	-0.71500	1.08417	0.57965	-0.14280	-0.01440	0.70035	0.35263	0.44854	-0.60771	1.33388	1.18196	0.20834	1.15001	-0.42761	-0.52145	0.31697	0.17117	-0.78192	-0.81612	-0.73680	-0.56710	-0.55900	0.90619	2.44693	0.54809	-0.81834	-0.29844	1.07948	1.97762	0.18806	-0.16370	-0.73946	-0.39434	-1.16784	-2.28124	1.18301	-0.57840	0.16579	2.39395	1.56528	-0.48499	0.18337	-1.62163	1.67560	-0.79180	-0.51033	0.13038	0.05903	-0.87414	-2.13260	0.29566	-2.83693
-0.45266	-2.11977	-1.10544	0.90855	-0.95627	0.93798	1.27749	0.61641	0.58610	-1.24660	-0.52821	0.37076	0.17637	0.50574	0.37276	1.32393	0.10092	0.75738	0.42688	2.19493	-2.14475	0.90373	-0.41641	0.43817	0.42229	0.15142	0.43261	-0.76696	-1.72714	-1.27098	0.64219	1.31258	0.20366	-1.79000	-0.86043	-1.54839	-0.45069	0.04983	-0.13263	0.08485	0.19183	2.52557	1.12369	0.03652	-0.07605	0.43411	-2.09799	-0.66168	0.02359	-0.43435	0.47190	-0.05148	-0.61377	0.31331	1.20274	1.36760	-0.97660	-0.06876	0.28766	1.55865	0.63474	0.69959	-0.11061	1.07081
0.70777	0.51592	-1.73495	-0.16304	-2.90137	-0.40469	-0.55051	-0.01614	1.60317	0.28646	0.19047	1.31679	-0.75072	-1.01691	1.33304	0.25265	0.09661	0.19586	-0.28111	-1.40865	0.51541	-0.70576	1.37849	-0.24186	-0.29087	-0.35421	-0.79551	-0.40517	-0.95939	0.79186	0.29596	-1.08789	0.51977	-0.56196	-0.77076	2.24495	0.26183	-2.49644	0.87244	0.35711	0.83393	2.37901	-0.92037	-0.51257	1.06149	-0.67242	2.44777	0.72912	0.25834	0.51284	-0.11173	0.04686	0.81908	0.36598	2.00441	1.16656	-1.16252	0.14422	-1.26152	0.37797	0.46668	-1.94771	-0.41751	1.28544
0.71019	1.75704	1.24653	2.26013	-0.57967	-0.22801	-1.43677	-1.16573	-0.88431	2.54498	-0.09272	-1.35743	-1.13735	0.00803	-0.86779	0.22727	-1.21099	-0.15843	0.14879	0.75858	2.12355	-0.78735	0.65077	-1.47011	0.37518	-0.43538	0.36599	-0.16909	1.07850	0.03298	0.18285	-1.60548	-2.21426	-0.42469	-0.27756	-0.93851	-0.84289	1.79510	0.18691	-0.42001	-0.45803	1.17493	-0.07896	-1.24460	0.24546	0.86262	-0.64056	0.06824	1.21354	0.90394	1.25092	0.16955	0.14127	1.07982	-0.74663	0.36592	0.16568	-0.03083	-1.74134	-0.99500	1.51122	-0.44244	0.52252	-1.73221
-0.57392	0.55434	-0.23801	0.85447	-1.67748	-3.27431	-1.83678	0.20571	0.44162	0.87810	-0.74124	-0.23080	-1.14633	-1.05932	0.24147	-0.05448	-0.62642	-0.59049	-0.30231	-1.96781	1.56655	0.58635	0.14353	-1.18516	-0.71757	0.02179	0.17660	0.27401	-1.05049	-0.28963	0.66366	-3.06821	1.12722	0.46232	-0.66713	-0.15157	-0.72365	0.42584	2.19631	-0.44082	0.82989	-1.37017	-0.08336	-0.24279	0.84820	1.37927	0.84146	-1.46160	-2.18755	-0.80048	-3.53571	-1.18180	0.66053	-1.20254	-0.68999	0.22819	-0.17471	0.34424	-0.22950	-0.76531	1.45193	-0.91879	-0.67610	-0.16072
-0.75252	2.00805	0.66241	1.38356	-0.83360	-1.36028	-0.01274	-0.01031	0.23405	-0.37567	-0.26351	-0.85819	0.64488	1.13494	-0.24857	-1.13030	0.48544	-0.83491	-1.64121	0.27801	0.20454	-1.01443	-1.19266	-0.03035	-2.11120	-0.15545	0.15472	0.54010	2.07198	0.75347	0.28359	-0.40857	0.66490	0.34827	1.67180	-1.33850	1.40147	0.64571	-1.18106	-0.27024	-0.70584	1.09495	-0.39863	-2.13840	1.05652	-0.74836	-0.91624	-0.30879	1.36456	-0.03533	-0.38367	-1.27728	-0.90792	0.37112	-0.21578	0.10005	0.04682	-0.75769	2.42687	0.23948	-0.24902	-1.21946	0.49622	-0.29917
-1.41157	-0.56638	0.08035	-1.43004	1.88773	-0.41257	1.30531	0.56408	-0.79214	-0.06958	-0.96509	1.51640	-0.01206	1.79317	-1.60676	1.19822	0.83596	0.42192	-2.47530	-1.35203	-0.39726	-0.10142	-0.25988	0.49641	0.60858	1.83637	1.19525	0.80723	0.00633	0.00322	0.37306	1.16330	1.01681	-1.20614	0.64804	-0.01001	1.82633	-1.15506	-0.66256	-0.88058	-1.52948	-0.17892	0.34576	0.22277	1.74230	1.10132	-0.13251	-0.44846	-1.31674	0.29794	0.17580	0.20074	1.72850	0.15419	1.34964	-0.24512	0.82691	1.36321	0.29870	-0.38685	0.04413	1.81985	-0.88315	-0.62595
1.37493	0.53373	-0.89895	1.15793	-0.59600	-0.48582	0.72826	-0.00321	2.00948	-1.23756	-0.14211	0.36741	1.42664	0.10796	-2.04010	-1.46578	-0.55251	-1.03263	-0.87338	0.42985	-0.29383	0.96042	-0.80451	-0.24922	-0.17094	0.27836	-0.03006	-1.24778	0.07855	-1.80067	2.06933	-0.42925	0.55094	-1.32585	1.48931	-0.32905	0.14880	-1.22336	1.77946	0.82589	-0.62956	-0.89954	0.68521	-0.30662	1.40909	0.99510	-0.28400	-0.58902	-2.29048	1.27532	-0.95967	0.26259	1.41259	-0.30898	-0.60843	-0.45922	0.51858	0.66419	-0.03471	-1.58807	0.85794	0.81888	-0.36380	-0.44404
0.69329	-1.03809	-0.87540	-1.14969	-0.15027	-0.15923	0.23536	-0.23792	-0.19106	-1.26030	0.07841	1.68923	-0.12737	1.90566	-0.35748	2.01221	-1.88709	-1.79615	-0.58941	-0.78148	0.03451	2.38532	0.00008	-0.67188	0.35808	-0.43171	-1.28541	-1.08902	-1.73827	-0.85214	0.32692	-0.76232	-0.77702	0.83330	0.85318	-0.42249	-2.04757	-0.43663	0.22658	-1.35719	-0.34766	-1.27226	-0.39158	-1.30110	-0.08705	-0.64007	0.23459	0.26527	-0.97822	0.39145	0.36876	0.08295	-0.25283	0.01333	-1.31490	-0.20385	0.04436	0.20390	0.04022	-0.46044	-0.24696	-0.83975	-1.27518	0.94076
2.53128	-0.03670	-1.66088	-0.01201	-1.06078	-0.46349	-0.67204	0.36196	-0.66187	0.77472	-0.77043	0.14085	-0.82708	0.37639	1.37851	0.25281	0.22718	-0.15968	1.69151	1.89412	0.56121	-0.38975	1.47333	-0.55861	1.62344	-2.56362	-0.30088	-1.06280	-1.36911	-0.34383	-0.78762	-1.25772	-0.97002	-0.45329	0.26978	0.57264	0.26278	-0.40406	-0.92579	0.51565	0.47634	-1.24923	-0.54939	-2.29955	-0.16544	0.49216	0.27052	0.95853	0.26573	0.05828	-0.10991	-0.93976	-0.21856	0.68253	0.12793	0.55399	1.64104	1.33159	1.50288	-1.97027	-0.58561	0.59976	1.02199	-0.24543
0.39066	-0.77649	1.95667	0.72825	-2.38990	0.27589	-1.08485	-1.05731	-0.40416	1.70893	-1.03103	-0.61571	-1.07356	0.81894	-0.00988	0.18050	-0.18337	-1.23981	0.23005	-0.92306	-0.27491	-0.72106	0.21509	-0.52232	0.35655	0.64948	0.28116	-0.42459	-0.49348	-1.13640	0.97087	0.72845	0.71092	0.97150	0.03981	3.32490	0.64717	-0.52359	-1.44953	-0.06361	0.50792	0.01995	0.87659	0.57781	1.21416	0.37204	0.30090	0.50627	-0.24895	0.26081	-0.82295	-0.39729	-0.90403	-1.70611	0.75202	-0.20268	-0.22888	-0.07718	0.76248	0.02441	-0.98297	1.48302	-2.05938	-0.34950
0.74427	-0.53851	-0.51337	-1.39785	0.41740	0.79326	0.49162	1.17365	0.62582	-1.15534	-2.41991	0.24271	1.09626	0.09135	-0.04895	-0.35177	0.64457	-0.97190	-0.99785	-0.23032	0.14567	-1.73449	-0.66716	0.49330	0.76400	0.57646	0.87901	1.37427	-0.55198	-0.12082	1.88744	1.37493	0.28389	0.66732	-0.12287	-0.72418	0.86731	0.73587	-0.93897	-0.50540	0.58844	-2.50905	-1.57755	-0.10620	-0.68033	-0.01086	-0.42122	-0.30378	0.01336	0.96472	0.03161	-0.66294	0.22571	-1.02886	0.40485	0.90772	1.02970	-0.76215	-0.45560	-0.97739	1.80789	-1.40705	-0.53781	-0.79342
-0.76481	2.21422	1.13715	0.70189	-0.63583	1.20255	-0.94794	-2.95812	-0.48710	-0.42046	0.00114	-0.31893	-1.53929	-0.11937	-0.07070	1.23216	-0.89208	0.64361	-1.25374	-0.43257	-0.63141	0.75209	1.23520	0.00445	-0.40489	-1.05968	0.82774	1.24443	-0.50572	-1.49671	-0.11242	0.78822	-0.68361	-0.38718	1.12951	-1.42376	0.09710	-0.43258	-1.45552	1.02883	0.63134	-1.51815	0.56073	1.67457	-0.61396	0.77155	0.07302	-1.05374	0.44528	0.55909	-1.46711	-0.38609	-0.37556	-0.06243	-1.34923	0.44756	-1.55654	0.56458	-0.81937	-1.53713	0.42798	0.16154	-1.39126	0.48809
0.83723	0.09769	1.17908	0.18547	1.78635	0.40203	-0.31371	-0.17567	-1.03739	0.49434	1.20803	0.06665	-0.81723	1.21289	-1.23591	0.30172	0.43814	-0.33052	0.16903	-1.20626	-0.34676	-0.04342	0.05385	-2.35102	0.18478	-0.71781	0.66035	-0.63929	0.61211	1.64704	-0.73930	0.25737	1.62104	1.81127	0.62303	1.48880	0.57313	0.43379	1.17464	0.06408	-0.61021	0.15696	-0.06446	-0.15045	-0.36359	-0.14152	-0.27630	0.61579	1.74268	0.27162	-0.35020	-0.47766	-0.09218	2.51440	-0.36017	0.09286	-0.15004	-0.74128	-0.26907	-1.05436	1.32328	1.79052	0.86765	0.45091
-0.22863	-0.95232	-0.90781	-1.80389	-2.01169	-0.04056	0.44678	-1.48725	-1.45389	0.07484	-0.83849	0.89776	0.66622	1.03826	1.94865	0.16595	-2.21895	0.62341	-0.12974	0.91414	-0.40539	-0.50031	0.56767	-0.16577	-0.28062	-1.45275	2.66548	1.31172	0.45564	0.67146	0.84710	0.28698	0.02637	-1.77168	-0.09639	-0.02488	-0.85973	-1.39998	-0.27870	-0.74159	-0.28324	-1.57569	0.36895	0.75099	0.32490	-0.73083	0.26728	-0.87108	-0.06692	-0.65188	-0.02171	1.88000	-1.55036	0.58370	-0.82061	-0.03044	0.51129	0.36595	0.02557	1.54001	-1.28112	-0.73585	-0.99046	-1.25065
-1.64228	0.36166	0.73478	-1.19377	1.06486	-0.26638	1.07299	-1.11957	0.61267	-1.45626	1.58233	0.69302	0.02690	-0.25698	1.25141	-0.50555	0.51277	-0.50359	-1.00460	-0.65223	0.59081	0.12486	-0.57329	-1.63619	0.54892	-1.04234	-0.44959	-0.60148	-0.95180	0.68357	-0.50664	-0.18990	-0.27083	-0.73228	1.79588	-0.71850	0.78703	-0.77144	-2.21134	0.85340	-0.27517	-1.31389	-0.56072	0.55796	-0.76490	-0.20020	0.08248	2.39162	-0.34806	0.71957	0.94617	0.11768	0.11195	-1.62595	1.83693	0.91013	-1.54965	-0.91171	-1.14647	-0.89559	0.55993	-0.64452	-1.03798	1.06668
0.93494	-0.41910	-0.10443	-0.24954	-0.00968	-1.20158	-0.89284	1.14715	-1.30116	-1.82186	0.87826	-0.84329	2.52248	-0.63646	0.13416	0.20634	0.21363	-0.13819	0.79796	-1.26358	0.90922	0.96369	0.28468	1.26122	-2.63918	2.51727	-0.63379	0.31254	0.44259	0.55476	-0.63232	0.45278	0.60372	1.00200	-0.56512	1.92608	0.51789	-0.71854	-0.09822	-1.47737	1.90744	-1.13948	-0.93496	1.10438	-0.98697	-1.25492	0.29843	-0.81011	-0.80197	2.17646	-0.96142	-1.65336	1.11815	1.27509	1.27915	-0.12740	-0.65665	0.02889	-0.85064	-2.61814	0.52370	-1.43980	0.10608	-1.94503
-0.43988	0.83849	-0.16337	0.80289	-1.18966	-0.35383	1.91850	-1.08028	-0.06628	-0.22385	1.45090	-0.01593	-0.69674	-0.25336	-0.75520	-0.01449	0.63056	0.35098	-0.70157	1.68682	0.76626	0.76134	0.19187	-2.45479	1.10233	0.36682	0.37933	0.00644	0.00575	-0.16563	0.13773	2.14109	2.54241	-0.94656	-0.73326	-0.48295	1.64024	0.23104	0.02359	-0.24751	-1.51012	0.93233	0.87224	-0.43075	-0.04130	-1.45259	-1.16738	0.83331	-0.69379	1.82734	-0.14045	0.64158	0.42071	0.27312	1.79315	0.26505	-0.28912	-1.10736	-0.01264	0.54613	-1.99863	-0.78326	0.00490	-0.93346
0.68893	-0.36882	1.57308	-0.03562	-0.12877	-0.41372	-1.08512	-1.94766	0.50098	0.43757	-2.25536	-1.14628	-0.69747	-0.41733	-0.91101	-1.44824	-0.21051	0.32504	0.59854	-0.02278	-0.49127	0.41152	0.00483	1.72120	0.61043	-0.71679	0.83435	-0.22534	-0.36861	-0.91222	-0.03793	-0.18689	-0.69679	0.06278	-0.29402	0.58535	-0.21762	-1.19341	0.36750	-0.56131	-0.74722	1.76738	-0.06589	-0.49652	-0.13762	1.35805	-0.22352	-0.89459	0.91675	-1.49331	-1.73784	-0.60456	-1.68653	-0.24430	-2.58022	-0.52921	0.24785	1.65942	0.46875	-1.39554	0.78688	-1.65308	0.98409	-0.23284
1.37959	-0.48796	0.77730	-0.03143	1.79903	0.54736	0.12658	0.46163	0.38271	-0.27219	-0.68249	-0.68816	0.60918	1.01560	0.09938	-0.18684	-0.16993	-1.09364	-1.63634	-0.13437	-0.61909	-0.70983	-1.07808	0.53914	-0.69627	1.29497	-0.61037	1.21439	-1.91558	0.64811	-0.90995	0.48736	1.91864	-0.38848	-1.13475	-0.14487	1.72303	0.15786	0.27480	0.87477	0.06438	1.22132	-0.55489	0.61486	1.54480	-0.60474	-0.07186	-0.84039	0.76856	-0.95968	0.75161	1.09853	0.93795	-0.47651	-0.02683	0.32044	0.92979	0.27609	0.79581	0.56890	0.70169	1.23009	-3.37839	0.10942
-0.08142	-0.35438	0.00067	-1.03484	0.21628	1.10885	2.33891	0.75427	0.54625	1.12404	0.84603	-2.29974	3.40077	2.09404	1.04221	1.27721	1.18387	-0.91638	-0.37779	1.28814	0.94788	2.77369	-0.82225	0.16986	-0.52692	1.29862	-0.30062	0.42199	0.84580	0.05696	-0.16092	-0.12792	-0.42045	2.10296	0.01442	-1.73184	0.76401	-0.25156	-0.63658	-0.53402	0.38475	-0.94070	-0.12799	-1.09508	-2.12843	-1.17174	1.32689	-0.25846	0.20666	0.50418	0.84185	-0.41490	0.56377	1.82330	0.57583	0.68029	-0.54236	-0.18745	-0.84575	0.95477	0.30993	-0.46235	-0.85866	1.23688
0.24490	-0.55591	-0.78415	-0.51537	-0.52874	0.20281	0.74903	-0.30298	0.99174	-0.04152	1.37787	-0.19182	0.37143	-0.11981	0.80662	1.28284	-1.71254	0.37090	1.17208	-1.07952	-0.25212	0.26537	-0.32144	-1.09333	-0.35393	0.37640	-0.64540	0.01201	-1.52295	-0.72107	-0.72759	0.35820	-0.50931	-0.31027	-0.35503	0.21988	0.05012	-1.39962	0.88198	-1.58632	-0.99218	2.22386	-1.42196	-1.44439	-0.12145	0.67782	0.02598	0.33874	-2.41236	2.12321	1.11733	-1.01078	0.46111	-0.83522	-0.55875	-0.02401	-1.09799	-0.35301	-1.07484	0.57185	-0.77149	-1.18851	-2.07697	-0.81041
2.13941	1.29915	-1.18463	-0.18715	-0.76137	1.02366	0.73591	0.44220	-0.81617	0.97627	-0.22505	0.10899	1.63228	-0.05939	-0.70115	1.27784	0.63038	-0.87634	-1.26615	0.18238	0.51332	-0.74466	1.07021	0.73431	1.79670	-0.27692	0.42155	-0.43627	0.14180	-0.36656	-0.11193	-0.03820	-0.60291	0.54542	-0.26869	-1.91343	1.08154	0.38540	0.89440	-1.74974	-1.26460	0.43837	-0.81646	-0.94197	-1.92608	-2.40443	-0.73591	-0.07346	-1.00441	0.47914	-0.17781	0.11955	0.74265	-0.15723	1.61095	-1.69060	-1.09805	-0.12460	-1.72302	-0.49060	-0.13927	0.62536	0.39186	-0.71749
0.32428	-1.76493	-0.27055	2.02340	0.81224	0.24973	1.13166	-1.52139	-1.02338	-0.30140	-0.18298	-0.89541	-1.32887	-0.11032	-0.96672	0.52936	-0.23576	-1.11801	0.37900	0.83440	-1.85185	-0.17678	1.42335	0.58337	-0.77400	-0.08733	-1.31205	1.42379	1.73056	0.02704	-0.62541	0.75435	-0.63269	-0.34704	0.34423	2.09081	0.24974	1.41841	-0.04266	2.87279	0.06942	-0.68878	-0.49286	-0.22697	0.74624	0.28825	0.36130	-1.55072	-0.90360	0.16781	-0.21850	-0.30795	-0.87049	0.02409	-1.42896	-1.58055	0.74657	0.38550	-0.34481	1.15986	2.48065	0.18774	0.50535	-0.51069
0.73613	0.80303	-0.12241	0.40493	-0.00992	0.14329	1.02048	-0.46158	0.23571	-1.03080	1.30450	2.65966	1.28573	-0.82139	-1.18826	-0.83264	-0.45939	0.84849	-0.22621	0.37110	-0.62736	0.29462	1.72627	-0.71809	-0.84392	0.72830	-0.73228	-2.49717	-0.92777	0.95184	-1.45172	-0.56592	0.42049	0.97842	-0.95194	1.45264	2.44989	1.58877	-0.11782	-0.49133	-0.51452	0.16583	0.20839	-0.82884	1.27543	-0.71685	1.31703	-0.20090	0.12233	0.67770	0.95128	1.46758	1.75071	-0.50270	0.89634	-2.35831	0.13284	-1.57343	-0.54855	1.02356	1.84914	-0.15550	0.52289	0.18585
-0.69565	-1.47014	-0.40886	0.31903	-1.62905	-1.19272	-1.98128	0.46539	-0.68800	0.23582	-0.53894	0.34210	1.97410	-0.81721	1.57014	-1.81622	-0.49228	0.23177	0.44429	1.06205	0.52271	-0.97183	-1.20239	1.18675	0.97845	0.45386	-0.43204	-0.71257	0.53129	0.98233	-1.05757	-0.58070	1.95582	-0.97601	0.51904	-0.95500	-1.59742	-0.36801	0.16031	-0.52589	0.76578	-0.55519	0.08137	0.09540	-0.05632	0.63255	-1.30421	-0.35104	1.55172	-0.94041	-0.60538	2.11675	-0.02425	0.05552	0.07934	0.17821	0.61025	-0.55397	0.84056	0.19376	0.16828	-0.54831	-2.37720	1.29842
2.26953	-0.32804	0.25476	2.39381	1.58398	-1.60161	-1.05521	1.16211	0.41783	-1.09637	-0.99028	0.39348	-1.09749	1.25952	-1.14473	0.87395	-1.15628	-0.36545	0.07782	1.20838	1.07038	2.30641	1.36524	1.83153	0.18015	-0.38823	-0.59437	0.07002	-0.47454	-0.76569	-1.70858	-0.47685	-1.38314	2.14631	0.39248	0.01134	2.72851	-0.41786	0.40152	0.39775	-0.18026	-0.82128	-1.60903	0.11968	0.33401	1.25712	-1.54954	1.36882	-0.41873	-0.62191	1.21765	0.34678	-1.36568	-0.51985	-0.24830	-0.09171	-0.02699	0.37813	-0.25391	-0.17459	-0.48948	-0.09559	0.08234	-0.31665
0.74861	0.37314	-0.96486	0.42058	1.64487	0.13046	-0.66761	-0.24857	1.09510	-0.80293	-0.45786	1.12403	-1.54498	-0.09417	0.17825	-0.35741	-0.54557	-0.18934	1.46019	0.95402	-0.33912	0.11246	0.75014	0.29137	-0.45005	-1.09482	1.16617	-0.17664	0.68489	1.40221	1.23057	1.39220	-0.30568	-1.16735	0.32837	-0.13922	0.08288	0.43317	-0.81388	0.78874	-0.25832	1.36796	-0.40519	0.61154	0.35254	0.36956	0.03491	-0.71800	1.23069	0.94618	0.42572	0.93617	-1.37074	2.40334	0.18524	-0.38672	0.71248	-0.45979	0.76576	-1.20552	-0.09002	1.48637	-1.00091	0.19343
2.06233	-1.03115	0.00663	0.07670	-0.61237	0.15828	-0.85764	0.01451	1.72965	0.35901	-0.56398	-1.28952	-0.42151	-0.27029	0.09596	0.15047	-0.01016	-0.17110	0.66649	-0.77825	-0.68166	-1.19321	-0.93660	0.98415	-0.22062	0.32218	-0.14339	-0.52353	0.14109	-1.31590	0.05442	0.61044	0.38004	0.35007	0.46060	-0.40859	-1.55506	-1.11965	0.58677	1.96080	1.31017	0.34867	-0.99447	-0.57938	0.51193	-1.02353	-0.67878	-0.88240	0.70429	-1.01016	0.94012	-0.11575	-0.90789	0.76674	-1.08904	-1.01148	-0.95230	-1.25903	-1.48162	-2.01347	-0.50464	-0.61775	0.48863	0.48840
0.90260	0.13493	-1.36728	2.27767	-0.73950	-0.39719	1.27488	-1.11011	0.73107	0.17211	-0.74870	-0.62346	0.54174	-0.66153	-0.42287	0.10153	1.64370	-0.40756	-1.55898	-0.59122	1.21871	1.55353	-0.79701	-1.42522	-0.40101	0.20091	2.18224	-0.45899	-1.27606	-0.43534	0.79388	-1.57612	0.04128	0.42055	-0.03068	-0.31788	-1.45119	-1.85787	-0.44621	0.61931	-0.17098	-0.70455	0.79295	1.32801	-0.09456	0.27604	-0.61083	0.22166	-0.14602	-1.52588	0.45782	2.67919	1.22006	-0.10253	0.00945	-1.32110	0.84477	0.77430	0.79581	0.61207	0.59963	1.01132	-1.11499	0.08123
0.32866	1.21206	0.59973	0.95332	-0.61975	-1.06222	-1.25925	-1.92550	-0.37326	1.39902	-1.23408	0.04081	3.19734	-1.03821	-2.52531	0.96538	-1.57213	0.52037	-1.13096	-1.47079	-1.11951	-0.56405	0.18850	-0.06088	-1.11451	-1.39260	-0.32133	0.42834	0.28050	0.55797	-1.23019	-1.42367	0.75170	1.13358	2.07271	0.35277	0.18335	-0.95116	0.30221	0.59556	-0.97141	-0.66936	1.18615	0.53663	0.53855	-0.92933	-1.24886	-0.34953	1.54155	-0.02431	-0.17104	0.78403	-0.86049	-1.03195	-1.40340	1.09242	-1.35198	-1.15185	0.21579	1.01048	-2.01486	-1.68298	-0.86809	0.75145
-0.10745	0.10332	-0.37393	0.53977	0.50470	-2.88345	-0.75190	0.56972	-1.53019	-1.22581	-0.02267	-0.14204	1.04901	-0.15185	0.21089	0.94093	-0.04693	-0.73991	1.49899	0.96826	0.53565	-1.63937	-0.72893	1.13840	0.29005	2.50301	2.94968	0.01632	0.37231	-0.75255	0.51117	-2.91499	-0.90592	0.92767	1.27734	0.17632	0.47151	0.30495	-0.13293	-0.49851	0.05124	0.19501	-0.66769	-0.29893	-0.92334	0.85955	-1.46232	-1.28643	0.45067	0.43441	0.91644	-0.40378	-0.36636	0.18769	1.13274	-0.76005	0.64235	-0.36395	-0.11048	0.47679	0.29486	-1.18645	1.13085	1.04462
-0.04922	-2.49946	-0.21362	0.21083	0.17425	-0.82257	1.34650	1.20294	1.29020	-0.80279	-1.13094	-0.27125	1.34028	0.56652	-0.16164	1.05867	-0.39874	-0.23122	-1.65186	-0.33786	0.20009	0.20813	1.47788	1.06107	1.78924	1.73684	-0.08398	-0.29768	-1.46965	-0.01078	-0.16760	1.14309	1.09219	0.35805	-0.27824	1.50878	-0.11784	-0.08007	-1.25202	1.08600	-2.59266	0.89958	0.05038	0.00625	-0.83720	-0.04415	-1.85992	0.25484	-0.10174	-0.45228	1.30038	0.11690	-0.24685	1.69847	1.12574	0.59044	-0.44131	2.86604	-0.34427	0.79498	1.07408	0.45315	0.05555	0.34753
0.10615	0.94553	0.71739	-1.29220	0.68643	0.83273	-0.13053	1.88297	-0.02561	-0.72599	0.89558	-0.02841	0.81939	-1.07763	0.64165	-0.74912	-0.16066	0.39053	-1.24833	-1.26462	0.24765	-1.80335	0.03018	0.76908	-0.11661	-1.04563	1.64878	0.12520	-0.06842	-1.39408	0.67800	-0.86040	0.93182	1.61692	0.90690	1.45024	-1.58702	-0.53065	-1.64715	0.32658	-0.55342	-0.28728	-1.49639	-0.32268	-0.11840	-1.66781	-1.71461	-0.09454	1.29547	-0.28741	-1.39977	-2.41695	-0.52927	-0.64834	0.63892	-2.39298	0.54783	-0.98484	0.47587	1.36712	-0.32345	-0.98571	-0.75078	-1.31870
-0.00131	1.10381	0.43176	0.73053	1.32051	0.40330	-0.24617	1.14978	0.62862	-1.87250	0.91326	1.28605	0.54044	-1.28415	-0.52292	0.36394	-1.16680	-0.43536	0.27384	1.78131	-1.37146	0.93089	-0.90139	0.94622	-0.39963	2.94964	-0.11059	-1.73510	-0.62898	-0.75123	-0.79516	0.07443	0.90914	1.56899	0.57697	-0.45841	0.00806	-0.02658	0.82224	-0.42803	-0.34575	0.37744	0.91221	0.74092	-0.50024	0.14338	1.62047	1.23651	0.57399	0.14917	0.86699	0.28106	1.59350	1.28615	1.00399	-0.06892	0.50644	-1.66392	1.07671	0.71034	0.46909	0.24198	-0.56678	-1.36076
0.19352	-0.02662	-0.63379	-0.46514	-0.45433	-0.88114	-0.15255	2.74013	-0.15613	-0.69778	-0.19600	0.76232	-2.07575	-0.11704	0.47238	0.55407	1.78565	0.08320	-0.65716	0.34963	0.62920	-0.83364	0.86987	1.46925	-0.19410	-0.83301	0.25704	0.40612	-1.03209	-0.49627	-0.96078	0.37940	-0.42901	0.97915	-2.49586	0.71392	-0.45923	-0.11683	-0.15838	1.38963	-1.23947	-0.55368	1.56434	-2.05594	0.21402	-2.50663	-0.02253	-0.62264	-0.26348	-0.34930	-0.46150	-0.61976	2.38468	0.75919	-0.82620	1.02309	1.15809	0.35359	-1.25209	0.35008	1.66492	0.09780	-0.64595	0.61364
0.94276	0.43607	0.81428	0.51040	-1.60737	-0.82976	-0.71913	-0.67873	-0.37281	-0.36546	-0.51361	0.38529	-0.29429	0.03979	-1.82128	-0.67852	0.17781	0.47642	1.31541	-1.06660	-0.40174	-0.23632	-0.08623	-0.44343	-0.92464	-0.26849	-1.65295	0.55588	0.83011	0.44887	0.88401	1.71808	-0.44086	-0.01906	0.22603	0.36709	0.18492	-1.59945	-0.12772	-0.43337	0.09737	1.20545	-1.58090	-0.53060	0.37589	-0.02109	0.48713	-0.88160	-0.25405	-0.84319	0.65892	-0.27219	1.05143	0.06722	-0.04575	0.30033	1.14654	-0.03059	1.47764	-0.10212	1.54468	-0.69184	-0.05536	-0.78143
-1.09796	0.46311	-0.43830	-1.08321	0.45212	0.04164	-2.13416	-0.16826	2.53843	-0.91318	1.16470	-0.71940	0.78433	1.58022	-0.16127	0.82159	-1.74415	-0.98261	-0.80524	0.65687	-0.22582	0.67523	1.53916	2.06948	-0.58111	0.16422	1.62389	0.13570	2.56205	0.64452	0.24290	-1.65863	0.99961	0.63404	0.68485	-0.07288	0.83198	0.73408	-0.43043	-1.08083	-1.77408	-2.09416	0.44750	-0.77163	-1.90699	0.33306	1.07945	0.19962	-0.08457	1.52314	-1.74853	-0.06009	0.94573	0.38380	-0.08731	-1.41792	0.07873	-1.11867	-0.35925	1.17392	0.67579	0.67994	0.66932	-0.14701
0.61293	0.97140	0.02430	0.55957	-1.03944	0.05325	-0.18133	0.20672	-0.01552	0.69568	1.35619	0.76201	0.64991	0.06101	-0.18908	1.18177	-0.31904	0.22358	-0.07241	-0.94974	-0.36443	1.11527	-0.58042	-0.57849	-0.81727	-0.13398	-0.56570	1.74268	0.86596	0.25355	0.87229	-0.27146	1.29455	-1.24795	-0.45595	-1.81997	0.26118	-0.61453	0.72318	0.84006	0.44883	0.44745	0.03271	-0.10608	-1.11941	-1.90807	-2.12336	0.60772	-0.21540	0.08048	1.03499	-0.38033	-0.60680	-2.64412	0.81129	0.38572	2.81591	0.24977	1.30894	0.44156	0.62868	-0.26683	-0.85863	-0.59699
0.04948	-0.40017	-0.32602	0.88992	-0.04682	1.38525	0.26745	2.15760	1.54779	-0.19439	0.77434	-1.70757	1.48753	-0.74847	-0.92465	1.23347	0.92567	0.73654	-1.64265	1.14101	0.54677	-0.29425	-0.44324	-1.37382	0.50136	0.63322	-0.13200	0.25865	-0.80296	0.51752	0.13841	-2.17342	-0.44768	-0.89201	0.25770	0.10791	-0.43150	0.64945	-1.79219	-0.60921	-0.31508	-0.05782	2.13914	0.86791	-1.54721	1.51412	-0.26077	-0.43197	-0.11712	0.03026	-1.45127	-0.41028	-1.64858	-0.55423	0.43450	1.59407	-1.54383	-0.84887	0.66126	-0.30343	-0.87271	-0.15693	-1.46592	-1.51667
0.43673	0.64094	-0.51632	1.26976	-0.19560	-0.17794	0.92025	-0.05291	-0.70775	2.18023	-1.20680	0.50310	1.20328	0.94261	-1.00493	-0.33878	0.17773	-1.35325	0.15376	0.73118	-0.67997	0.64177	0.72265	-0.52376	-0.99935	1.66358	-0.38635	1.53073	0.96141	-0.60786	0.59446	1.60141	-1.42707	0.07545	1.18972	2.33245	-0.95143	-0.51227	0.78747	-0.84706	1.64017	-1.29573	-1.96253	-0.39914	1.53172	-0.41481	0.32846	1.45312	0.84464	0.80676	0.11124	-1.71788	0.85019	-0.84370	-0.99515	0.71505	0.13393	-0.36728	0.81144	-0.84426	1.31467	1.68096	0.99927	0.91958
0.99982	1.62038	0.62500	-0.07966	0.18068	-0.23391	-0.20083	0.11092	0.10741	-2.65652	-0.20728	0.39093	-1.32251	0.14757	0.98551	0.97630	-0.47869	0.20799	0.84381	-0.72105	-0.05905	0.10482	-0.69628	0.38534	-0.06133	0.66958	1.07510	-0.36101	1.25914	0.20188	1.20259	1.00804	0.62551	1.32087	-0.76341	-0.23993	0.97849	1.06197	0.52174	0.79085	-0.78646	1.63655	0.05320	0.61984	0.07172	0.45118	-0.19771	-1.25453	-1.50798	-2.19961	0.11591	0.84214	-0.48843	1.11842	0.39026	0.92406	0.49014	0.65709	-0.83095	-0.21240	1.09154	-0.88267	2.09509	-0.18923
1.10031	0.67406	0.52699	1.56139	-0.23893	-0.06710	0.83667	-0.43328	0.24057	0.37659	0.63198	0.40109	0.10310	1.26353	-0.88775	-1.88780	0.38649	-1.40397	-0.53119	-0.96501	-0.31182	-0.71691	0.69682	-0.23399	-0.94359	-1.03339	1.45746	0.36202	0.61902	-2.55090	0.05655	0.87514	-0.36899	0.47478	-0.51756	0.32330	0.16552	-0.94808	0.02437	-0.38828	0.25446	0.65230	-0.63565	-0.07240	0.36283	0.84573	-1.35199	0.55415	-1.21100	0.59208	-0.31211	-2.16844	-0.77257	0.28746	-0.01420	1.67257	1.23979	0.81664	-1.00697	0.23041	-0.23043	-1.09579	0.07781	0.17387
0.90068	0.16477	-1.12162	0.07902	0.33919	0.39143	-0.15618	-1.59130	-0.51710	0.09340	-0.81936	-0.36571	1.50890	2.16635	0.55861	0.41998	0.58171	1.84884	-0.39307	-1.44112	-1.72244	-0.31741	0.13317	-2.19530	-1.13983	2.02730	0.81383	0.88457	0.11398	0.06273	1.17209	0.99216	-1.35383	-0.10757	-0.44682	2.80661	-0.85084	-0.50081	0.25968	1.84409	-0.01910	0.61813	1.74955	-1.77704	1.47541	1.64492	-0.67446	0.17395	2.17793	-2.21327	-0.43275	-0.99519	0.05802	-0.57979	-1.89858	0.94584	0.20765	1.26657	0.20810	0.62520	-0.62640	-0.23939	0.45429	1.19863
0.68360	-0.64794	0.91762	-0.50230	-2.73069	0.57511	-0.39974	-0.06839	-1.29234	-0.71546	1.53606	0.01585	0.18115	1.04111	-0.88764	0.73974	0.67455	1.53144	-0.16620	1.72526	-0.83249	-1.40051	1.07726	-0.09967	-0.07842	-0.96326	1.19201	-2.06388	1.01622	0.14206	1.38184	1.45580	-0.46669	1.35747	1.11057	0.02763	0.25919	0.15858	0.88852	-0.36696	-1.12308	-0.17091	-0.42480	-0.21342	-0.44494	-1.69510	0.34405	-2.75813	0.62424	-0.32297	0.31196	-0.64632	0.24113	-1.74907	-0.90047	0.46698	0.68612	1.17269	0.41544	-0.56180	1.38344	-1.24905	0.07592	-0.13887
-0.20585	0.81684	-2.61318	-1.23175	0.49821	-0.72847	-0.66232	-0.65588	0.52843	-0.18757	-0.07503	0.37911	0.24997	-1.08497	-0.45411	-0.09381	-0.99671	1.56712	-1.70495	-0.17768	-1.02963	0.89941	-0.37649	-1.66806	0.54871	0.92690	0.52641	0.73762	0.46623	-0.09170	1.49895	0.10506	0.02857	-2.00754	-0.91865	-0.53518	-0.45185	0.03531	0.63841	-0.69832	-1.77249	1.11882	-0.26623	1.07546	-1.25997	1.93024	-0.50802	0.40265	0.64228	-0.32900	-1.42273	0.17672	-1.78815	0.01678	-1.26671	0.67198	-0.15446	-0.32141	0.06022	-1.99059	0.00252	-2.15113	-0.13413	0.16608
-1.38472	-0.99955	1.85138	0.80281	-0.84221	-0.08882	-0.19309	0.00900	-0.34834	0.62118	0.35370	-0.28970	0.55360	-0.16567	0.42386	-0.26112	-0.17126	-0.13553	-0.16358	0.95838	-1.10609	0.53752	-1.67745	0.74434	0.35251	-1.53253	1.09453	1.10613	-0.26150	-0.01789	0.07731	-0.04723	-0.57376	0.87338	-0.23392	-0.01242	1.46991	-0.55469	-0.11383	-0.46778	-1.36410	-0.37578	2.41203	2.60810	1.33472	1.76961	-0.70240	1.30420	1.69828	-0.53000	-0.33322	0.21733	1.00919	1.22617	0.60626	0.02557	0.96162	0.64947	0.35559	0.51815	-1.72849	-1.97196	-1.99264	-2.19175
0.04324	-0.63181	-0.42366	-2.10673	1.37987	1.24472	1.17183	-0.66308	-0.13573	-1.05095	-0.55618	1.31653	0.00166	-1.39921	1.58645	0.15338	1.47269	0.62337	-0.66250	0.75532	-0.52218	0.00439	-2.39157	0.86905	0.42776	0.09697	0.93608	-0.91638	1.01165	0.19333	-1.56446	0.09368	1.03146	0.76774	-0.49528	-0.82203	-0.08660	2.38676	-2.17050	-1.04257	-0.76831	-1.28288	-0.40364	1.25357	-0.78096	1.40858	-1.02173	0.97912	2.06744	-0.65270	-0.89587	-0.06397	-0.69044	-0.63177	0.51322	0.45176	-1.58336	-1.71758	-0.55957	0.09367	0.04950	-1.17192	0.69666	-0.34468
-0.39673	0.20480	-1.72535	0.37292	-0.77120	-0.41514	0.34249	0.07755	-0.25943	1.83643	1.73610	1.02706	-0.34150	0.31007	1.30970	-0.43870	-0.27938	0.36678	-0.33647	-0.47664	-0.20072	0.34568	-1.08472	-0.17086	0.95382	1.08547	-0.73513	1.69424	-1.78712	1.08359	1.51139	0.76920	-0.05408	-0.68071	-0.56459	-0.16075	1.45929	0.08490	-0.92273	-1.26432	-0.11315	0.20154	-0.62038	-1.31893	-0.83417	0.26126	-0.76217	0.71733	-0.28256	0.51267	0.95651	2.43430	-0.55345	1.02154	1.03927	-2.04823	-0.59914	-0.41572	0.14814	2.45405	0.01390	-1.52865	0.68669	-0.13309
-0.05793	-1.48781	-0.89739	0.31348	-0.91706	-0.60090	0.80700	-0.54041	0.79740	0.10196	-1.05189	0.87769	2.43741	-0.02375	2.98459	1.26052	-0.89464	-0.70358	-0.52725	0.75765	-0.44770	0.09322	-0.73343	0.45318	0.95148	2.33122	-0.10810	-0.05572	0.73293	-0.69257	-0.29735	0.31136	1.30747	0.15070	1.74122	0.35699	-0.55668	-1.39684	-1.38976	-0.70602	-0.80948	-1.25656	0.34221	0.02146	-0.96332	-0.54599	-0.74607	0.11349	0.20910	0.88916	-0.23718	0.06550	0.46096	1.20374	-0.75538	-0.98855	-1.07534	-1.01498	0.84284	0.90297	-1.11250	0.53544	0.41558	0.85397
1.30423	0.14061	-0.53162	-1.32970	-0.32241	0.32570	-2.15488	-0.17829	2.16913	0.63418	0.15117	1.56670	-1.05202	1.93750	-0.61787	0.87045	0.08465	1.44552	0.75831	-0.25708	-1.07719	-0.26316	-0.33409	0.57449	-1.00862	-0.31884	0.04968	-0.26027	-0.92633	0.90910	1.14716	1.13732	-0.18608	-0.32631	-0.13431	-0.02585	1.92358	-0.07990	0.68630	-1.36389	0.57206	0.30680	0.71664	0.12396	-0.85408	-0.58376	1.79713	1.46174	-0.11599	1.23228	0.32387	0.32152	0.54959	-1.39225	0.94771	-1.14675	1.39698	-0.66847	-0.44992	0.64414	0.26636	2.53977	0.84943	-0.23917
0.85904	1.07776	0.55058	-1.91819	-0.19587	-0.64020	-2.07427	1.06090	0.88050	0.89414	-0.34095	0.72738	0.07650	0.66376	0.26325	0.14321	-1.83429	-0.08594	-0.61730	-1.46644	-0.81150	1.90087	-0.57045	-0.11142	0.18705	-0.41897	-1.02929	-0.39900	0.85801	0.20367	-0.61016	-0.85471	0.72430	-2.40046	0.80159	0.73960	-0.70776	1.48397	0.38185	0.30731	0.46637	1.71372	0.25211	0.01984	0.61720	-0.70072	-2.49211	-0.45125	0.62664	-2.54297	0.17759	1.55743	-0.05207	0.43051	-1.11100	-0.71131	0.53825	-0.38541	0.16333	-0.14329	-0.91682	-1.73695	-1.16865	-0.01546
-0.44597	1.29946	-0.70532	-0.87243	-1.19546	-0.29457	-0.04046	-1.05303	-0.84608	0.26363	-1.81359	0.02356	-0.24884	-0.46866	0.26878	0.17253	-0.32767	-0.68223	0.39886	1.60135	1.15559	-0.44458	-2.40896	-1.05603	0.19342	0.74895	-1.07105	-0.10409	-0.50030	0.80138	0.18094	2.05641	-0.85857	0.67319	-0.81285	-0.17277	0.48613	-0.08841	-0.25059	-0.33283	1.38760	0.21792	-0.11023	-0.51967	0.60797	-0.61684	0.44129	0.46174	0.23560	0.00377	0.16198	-1.63605	-0.97837	-1.78344	-0.85257	-1.61484	0.23108	0.78751	0.53642	-0.94583	0.90618	-0.36968	1.09783	0.13637
-0.13337	0.77515	1.22362	1.99038	-0.68889	-0.97759	0.96539	1.03601	-0.77048	-0.11168	-0.53217	-0.44826	-0.39083	-0.76154	1.34889	0.26319	-1.99483	-0.28086	0.74723	0.68343	-0.35064	-0.15550	-0.39333	0.67489	0.31301	-2.38154	-0.23695	-0.66014	-1.06929	-0.70373	-0.89467	-0.46116	-0.54251	-0.94853	-0.98035	1.63652	-1.69642	0.13870	0.84300	-0.00922	-0.33649	0.58349	-0.45164	0.41411	0.15366	-2.99654	-1.01582	-1.93573	0.12717	0.43566	-1.27915	-0.07309	0.35811	-1.85442	-0.45351	1.45612	0.82316	-0.98424	-1.36577	-0.97654	0.98057	-1.00519	-0.19230	1.14240
0.77831	-0.14937	-1.98987	-0.31257	-0.48195	1.77902	2.38984	0.35740	0.13328	0.84049	-0.00183	-0.53197	-0.10248	-1.58549	-1.33263	1.18887	0.59847	1.96029	-0.97731	0.76861	0.38340	1.58114	-0.38774	1.02088	-0.15338	-0.56959	-0.06563	-0.06895	-0.86008	1.01152	-0.06139	2.95853	1.03793	0.18989	-0.18604	-0.93730	-0.03836	-0.92119	-0.15593	-1.21286	-0.44539	0.03139	0.05581	0.73546	0.51855	-0.54271	-0.03261	1.51993	-0.48634	0.52562	-0.18897	-0.70457	0.17634	-0.75353	0.64695	-0.54298	-0.86763	1.05878	-0.82768	-0.18914	0.77883	-1.16312	-0.73199	-0.85218
-1.59876	0.33678	1.23212	1.13415	-0.36907	-0.02857	-0.77638	-0.43116	-1.88483	0.28176	-0.74004	-0.28769	0.07056	0.07413	-0.47871	-0.35413	-2.24819	1.60102	-1.30418	-1.17883	0.18338	-0.38210	-0.64219	-0.03660	2.39624	-1.06204	-0.57182	-0.21729	-0.65306	-0.00388	1.10606	-1.98090	-1.20698	0.56601	-0.43169	0.65127	0.70453	0.55137	0.62720	-1.38594	0.02642	0.36693	-0.40562	-0.29274	0.24363	-0.06455	-1.53411	-0.93415	-0.87062	-0.05467	-0.17563	0.46426	1.00407	-0.64834	0.90454	-0.02828	-0.14995	-0.46490	-0.83305	-0.39804	0.33382	0.37038	0.55634	-0.30550
0.57642	1.30537	-0.95653	1.42555	-0.76957	0.57636	1.01724	-0.70003	-0.23403	-0.18882	2.84263	0.39547	-0.09641	0.41633	-0.09527	-1.77833	0.28298	0.91811	-0.54903	0.39290	0.56866	-0.05121	-0.66114	-0.35569	-2.67410	-0.57004	-1.58355	-1.03923	-0.02117	-0.37079	0.29873	1.20474	0.44550	1.34064	0.00681	-1.15010	-0.19462	0.64293	0.32669	-2.11982	-0.51916	-1.24643	2.17785	1.19466	0.03495	1.40106	0.99289	0.07641	1.19080	-0.07710	0.30159	0.67814	-0.99582	-1.63857	-0.77401	0.25330	-2.20616	-2.50467	0.00733	0.39012	-0.25592	-1.22811	0.38630	0.01400
-0.56710	-0.49773	-1.15540	0.20284	-0.07879	-1.64451	-0.10873	0.36051	-0.43481	-0.75628	-0.80742	0.09152	1.74396	-0.18954	-0.83801	1.71999	0.07702	-0.03651	-0.06547	-1.74610	-1.38079	0.07309	-0.38385	0.53707	-0.30753	-0.67550	-0.24559	1.07237	1.15062	0.12116	-0.02681	-0.98805	0.05307	0.15481	-0.38339	0.44069	0.78977	0.20720	-1.51799	0.24976	-0.21955	-1.50002	-0.00536	1.70380	0.14509	-0.31489	1.11661	-0.72806	0.88449	2.72045	1.42691	-0.87646	0.21854	-1.47185	1.72476	-1.28274	-0.41389	-2.03113	-0.13731	-0.47885	-0.54183	-0.36029	0.83787	-0.14498
-1.06186	-0.86554	-0.76817	0.20666	-0.42337	-0.77689	0.36363	4.56922	1.10471	0.15965	-1.98334	-0.68524	-1.20051	0.07557	0.15702	0.01084	0.78381	0.83864	-1.59300	2.29276	-1.95865	0.24889	-0.04465	-1.01252	0.20681	-0.37832	-0.72962	-0.05249	-0.20311	0.77369	-1.11427	-0.27868	1.66845	0.22153	-0.96774	0.96154	0.59478	-2.70259	0.06310	0.42545	1.33907	0.02086	0.17213	1.59004	0.48588	-2.25043	-1.01452	-2.24042	-0.60572	0.96945	0.73390	0.52690	0.40114	-0.98322	1.52059	0.87919	-1.24882	-0.00309	0.12762	2.90314	0.44495	0.49511	1.04748	0.12548
-0.06139	0.01113	0.85364	-0.86726	0.46677	-0.75011	0.91721	0.63128	-1.84364	0.91272	-0.79455	-0.66104	0.15675	-0.82392	0.54761	-0.98386	-0.16043	1.23669	0.39766	-1.33241	0.61685	0.51272	0.38488	-0.19601	1.76394	-0.57162	-0.10326	-0.26951	0.58731	-0.56090	-0.77804	1.13141	-0.73817	-0.66739	1.50184	-0.37200	0.15988	0.71463	1.01022	0.39159	0.48968	-0.15654	1.73792	-0.16725	0.47287	0.31528	0.38496	1.29450	-0.99514	-0.32157	-0.33024	0.88107	0.71738	0.07854	-0.55091	1.41568	-1.42353	0.76713	0.89458	0.46706	-1.32193	2.28880	-0.34413	-0.36590
-0.08693	0.91124	0.78445	-2.73903	0.89974	-1.72550	1.57418	-1.55393	0.41273	1.99127	-0.38416	0.44502	-0.31632	-1.06190	-1.89540	0.66890	-1.69174	0.72213	0.01105	0.51741	-0.23456	-0.93076	0.56575	-0.06221	-0.66367	1.84603	1.29852	-0.10700	-0.46644	0.42038	0.04112	0.79409	-0.96394	-0.90628	-0.92659	0.88279	0.52326	-0.31662	0.34802	1.78998	-0.88090	1.22061	-1.25764	1.62090	-0.14628	0.15921	-2.19917	1.22509	1.24761	-0.65275	-0.14961	1.98634	-0.32885	0.22813	-1.00553	2.28518	0.34435	-0.77684	2.16908	0.94665	1.26862	-0.42301	0.13245	-0.40497
-1.05015	0.78147	0.25860	0.28154	2.51073	0.82467	0.46522	-0.14110	-0.66977	1.93666	-0.63250	-0.20416	-0.37093	0.32549	1.01895	0.62762	-0.26919	-1.04533	-1.01185	-0.72453	-1.90021	3.27839	-1.59676	0.98398	-0.27758	1.00564	0.63703	0.80805	-1.09674	-0.75641	0.18686	-0.54736	-0.79711	0.41885	-0.49801	1.64934	-0.03967	-1.36708	-0.63099	-0.13445	-0.17494	0.06863	0.63541	0.00329	0.49930	-0.16342	0.82809	0.82732	-0.13650	-1.07519	1.43749	-1.25044	-0.08512	-0.31725	-0.25451	0.82820	0.39834	0.15511	-0.29393	-0.35255	-2.05220	-0.97301	-0.38144	-0.73067
0.87149	0.80459	1.34774	0.90815	-1.07345	1.37067	-0.05744	-0.47374	-1.54704	0.59944	0.33267	-0.22712	-0.93821	0.24125	0.27686	1.92555	0.24362	-0.97883	0.04400	-1.78085	1.25288	-0.31298	-0.41460	-1.92125	-0.54753	1.27976	-0.23670	0.56204	1.02508	0.11945	0.71976	-0.31758	-0.79745	0.22132	-0.05046	2.18090	-0.59480	0.74804	0.96516	0.93201	0.81529	1.04607	0.51995	0.40795	0.76838	0.30669	1.67265	-0.47288	0.66901	1.16791	-1.83947	0.54872	1.90586	1.12352	-0.57496	0.49787	0.93325	1.67576	0.42826	-0.73328	1.03584	1.31254	1.21167	-0.15706
-1.45908	-0.74928	1.62935	1.66573	-2.17346	0.99356	-0.94909	0.00286	0.94067	0.06732	0.19105	-0.81267	-0.91477	-0.58419	-0.76078	0.87681	-1.92087	0.75233	0.03000	1.09441	-0.85634	-1.21637	1.19914	-1.31462	-0.29857	-1.37781	0.15312	-0.73750	1.00237	0.18822	0.35892	0.54683	0.33680	2.03813	-0.59812	-1.91785	-0.63000	-2.19112	-0.27132	1.52483	-1.67230	-1.27450	-0.12060	0.04783	0.73327	-0.54525	1.60865	-0.76268	-0.66033	0.02977	-0.30908	-0.97821	0.49476	0.25584	0.49314	-0.07531	0.48468	-0.93441	-1.31389	0.37035	1.09643	-0.94031	-1.51077	0.60669
1.38419	0.80816	-0.29664	2.41031	-1.00392	-0.80449	-0.01039	0.79115	1.62778	0.63554	-0.67709	2.84760	-0.84357	2.86680	-0.14847	-0.72529	0.43997	0.72360	-0.43352	-1.51361	-0.29632	-0.71693	0.70150	-0.34408	0.41518	0.16454	-0.62101	0.27036	2.20780	-0.26617	0.90966	-1.32066	-2.51138	0.22996	-0.89012	-0.47335	-0.85494	0.58665	0.70919	0.65329	-0.61544	-0.42901	-1.40679	0.02199	-0.64851	0.24177	0.84978	0.73482	-0.81704	0.27220	-0.28197	-0.53782	0.03808	2.04006	-0.14479	-0.90090	1.91539	0.55535	1.39570	-1.03989	0.64410	0.24153	0.09016	1.72888
0.15211	0.52163	1.02812	0.18352	-0.08164	-1.08355	-1.02100	-0.41477	-1.12902	-0.57104	1.03249	-0.75691	0.97941	-0.13506	-2.64161	-0.35011	1.38287	-0.16680	0.85135	-0.51890	0.81553	-0.64909	-0.02018	0.93001	-0.46005	-0.00365	0.45893	-0.96289	0.54821	-1.52041	-0.37625	-0.93050	2.16408	0.00015	0.60302	-2.62636	0.87133	-0.07186	0.83143	0.11098	2.31137	0.73946	-0.71633	-1.87586	2.35229	1.26574	1.56222	-1.46046	1.12076	-1.54400	-1.89130	-0.88808	0.87159	-0.10438	0.63905	1.80149	0.32762	0.52151	-0.46221	-0.02924	0.09001	-0.01312	0.82971	1.99059
-0.51088	-1.13671	-0.45949	-1.09384	-0.16308	0.73677	-0.52597	-0.49246	-0.68546	-1.24725	-0.23607	0.80954	-0.34837	-0.20712	-0.79064	-0.22662	-0.08137	-1.15700	-0.26703	0.80952	-0.77983	0.43458	-0.55757	-1.43673	-0.12898	-0.07042	-1.67085	-0.07546	1.39396	-1.83673	-0.26218	0.01503	0.48797	-0.32396	-0.08469	1.21141	1.16398	-0.70671	-0.55361	-0.27069	-0.75969	1.81284	-1.12591	0.01207	-0.82106	-2.66829	-0.48336	-0.20284	0.07219	0.93332	0.08090	-0.30051	2.36677	-1.58253	1.30777	-0.13040	0.70638	1.20878	-0.27818	-0.51469	-0.70859	1.04266	-0.43921	-0.60509
1.06628	1.46762	0.87101	0.04023	1.42765	0.29361	-1.22129	0.54529	-1.54163	1.70938	0.47291	-1.00039	-3.15083	1.43442	-0.04098	-1.62231	-0.97924	-1.98473	-0.15819	-1.99560	0.81156	-0.75264	-0.51425	-0.95264	0.90542	2.01582	0.25910	1.00902	-0.83964	-0.20200	-0.27077	-0.21990	-0.83949	-0.59455	0.83946	1.02267	0.68219	0.94936	0.74280	1.53064	0.39397	0.48690	-0.44182	-1.26622	-0.64747	0.65242	0.84813	-0.85236	-1.02782	0.00303	-0.69521	0.33250	2.02909	-0.97697	-0.94652	-0.87733	-0.21317	-1.42557	0.12813	-0.32058	1.42767	0.65915	-1.66379	-0.24430
0.58401	-1.61755	-0.93866	-0.97710	-0.17468	0.17442	0.14213	0.07122	-0.22618	-0.69144	0.04971	-0.06400	0.86149	1.95647	-0.01233	-0.73081	0.55714	0.40823	-1.60176	0.00771	-1.74059	-1.38459	0.62733	-1.18894	0.72760	-1.04138	-0.45385	0.03649	-0.18917	1.54818	-1.73488	0.38468	1.95687	-0.39257	-0.28872	-0.16985	0.79554	-0.29830	-0.07880	1.78338	0.75943	-0.29438	-0.39877	1.88585	-1.41153	-1.22161	-0.57634	-0.49482	0.09434	1.15875	1.52503	-0.94171	-0.46758	0.43764	-1.12826	1.29431	-1.08405	-0.17102	-1.24567	-0.12648	-1.78342	0.03022	-1.55577	-0.39249
1.55684	0.05148	1.98761	-1.06585	-1.06209	-1.95431	0.86633	-0.82343	0.46326	0.15908	0.95714	-1.36248	-1.62942	-0.12147	0.42275	-1.09171	0.75372	0.60649	-1.63633	-0.34161	-0.11091	-0.15694	-2.68008	-0.37089	-0.42993	-0.50057	0.51724	0.76360	-0.50205	-0.54188	-0.56016	0.32046	1.10871	-1.20077	0.14624	0.73304	-1.06635	0.40085	0.26372	-0.64278	-2.68482	-0.72940	-0.18958	-1.21197	1.52878	-0.20886	1.00712	-0.65526	-1.08871	-0.26067	0.49058	0.91658	-0.84880	1.08133	0.05464	-0.60356	-0.74923	-0.31942	0.94410	-1.33875	1.18041	2.06853	0.34754	0.91370
0.31064	0.04586	0.95124	1.53932	-1.40721	-0.10477	-0.74611	0.51596	-0.68476	2.68432	0.27141	-1.20310	1.94342	0.15071	-0.02369	0.65404	-0.01210	-0.26770	-0.13976	1.86280	-0.66744	0.12669	-0.44584	0.28928	-0.10905	0.19296	-0.23160	-1.03410	0.36632	0.22611	0.41420	-0.40823	-0.80048	-0.16789	-1.00918	-0.00411	-0.12560	-0.81656	-2.24590	-1.14388	0.04051	2.12668	1.50953	1.84535	-0.07756	0.36843	-0.13446	-0.15100	-0.30070	0.71941	-1.17786	-0.73792	-1.09883	-1.67534	-1.22570	-0.67095	1.81380	0.88223	-2.26652	1.44651	0.85791	0.03907	-1.37410	-0.91723
0.94240	1.86492	0.91823	-0.85966	0.60930	-0.01927	0.95475	0.10888	-1.11238	2.29485	1.58453	0.65907	-0.33944	1.50646	1.42746	-0.01124	-0.56751	1.54637	-0.53185	0.94644	0.71183	0.19073	0.49264	0.73661	-1.22539	2.89165	0.13998	-0.34309	-0.71874	-0.23226	-0.92178	0.03512	1.34920	0.29829	2.13941	-0.55019	0.53058	-1.18303	-0.01481	0.96616	0.08719	-1.10888	1.52762	-0.79717	0.98600	0.56217	-0.22448	1.13998	0.19481	-0.39065	-0.88225	1.43751	-0.99406	-2.03163	0.01472	-0.79775	0.82283	-0.48918	-0.43289	1.36724	0.80866	-1.05519	0.26739	-0.04688
-0.24270	-0.49652	-0.54447	-0.50029	2.02113	0.64755	0.83689	1.04496	-0.79558	0.40564	0.01741	1.42152	0.81005	0.88767	1.03390	-0.19808	-0.44211	-0.36153	-1.25615	0.75449	-0.80168	0.08738	-0.00275	0.10997	2.60934	1.22113	0.43937	-0.75743	0.03785	-1.22779	0.40226	-0.12971	-0.16435	1.35202	-0.58148	0.22341	-0.26377	2.23734	-0.20526	0.34615	-1.60305	0.76467	-0.60727	0.51004	-0.79000	0.46603	0.51765	0.71540	-0.22115	-0.32208	0.51870	0.59981	-3.44427	0.01870	-1.40716	-0.18790	-0.40469	-1.27512	1.94790	-0.65704	1.38600	0.10876	-0.28001	0.20214
0.77842	0.26651	1.28995	0.01593	-0.11490	-0.70318	-1.75563	-0.06971	-0.54971	-0.19806	-0.53204	-2.39252	0.39907	0.41987	-0.04772	-0.03993	1.44509	-0.56125	-1.49282	-1.82190	2.34173	-0.39943	-1.03945	-0.97726	-1.18345	-1.37173	-0.82272	-1.98522	-0.06020	-0.91762	-0.92044	0.35800	-0.21287	0.95656	-0.64403	0.95665	-0.70634	1.65856	1.04921	0.37193	-0.65883	-1.36896	-0.82009	-0.70661	-1.07304	2.37102	-0.14438	0.39518	-0.14636	-0.45368	-0.14628	2.65399	0.03268	-0.56339	0.75216	-0.13490	0.84622	1.02975	-0.08554	1.66647	-0.18439	-1.06867	1.01955	0.33237
-0.28146	0.24379	-0.56818	-0.88402	-0.49349	0.92903	0.53498	0.64203	-1.07317	-0.09933	-1.17159	0.27766	-0.07491	-1.66886	-0.25712	-0.40053	0.18789	0.15809	0.39919	0.35968	1.46317	0.51016	0.20950	-0.37189	0.21082	-1.69272	-0.04106	-1.12783	1.05193	0.69471	1.11940	-0.02396	-0.60618	1.09922	-0.16246	-1.54337	0.74173	0.14731	-0.99685	0.90318	0.36109	0.27348	-0.56374	1.06077	0.58000	-1.18904	0.45860	0.56261	0.72432	0.68096	1.35635	0.57039	-0.55485	-0.25320	-0.17075	0.60980	-2.19130	0.54360	0.76048	1.40484	-0.42046	0.38472	0.32165	0.20334
-1.59548	0.39534	-1.21275	1.33575	0.00475	-0.30978	1.52896	-0.84830	2.49514	-0.81429	1.54158	-0.23356	-0.25426	1.24414	-1.02244	-0.32135	-1.54243	-0.82177	-0.30413	0.02249	-1.04407	0.22316	-0.44126	-0.83287	-1.89826	0.56361	0.72574	0.36383	-1.04931	0.60084	0.60459	1.06825	1.55460	0.91819	-1.38452	-0.83239	1.09735	-0.29726	-0.71840	-0.20704	-0.25105	1.42517	-0.89848	-0.84220	0.60703	0.93855	-1.39496	0.30495	0.94461	0.99680	-0.01549	2.17465	0.13980	1.55772	0.96590	0.54406	-1.11835	-1.28754	0.19617	-0.52479	0.14484	0.28078	-0.51605	-0.19429
0.19585	3.04321	0.47794	1.19430	-0.20783	-0.02341	-1.41297	-1.21248	-0.08066	1.16179	-0.53288	1.19779	-0.06351	0.56402	-0.51523	-1.56409	0.80689	0.48547	-1.19310	0.52787	0.93056	-1.56628	0.70462	1.34495	0.12862	0.48885	-0.84434	0.41004	1.48203	-1.45844	3.13770	-1.18135	0.10646	0.74453	0.73217	-1.47183	-1.57430	-1.72708	1.55991	0.76159	0.11237	-1.92303	0.49514	-1.29970	-0.21256	0.61499	0.69651	0.11638	-0.01526	1.71000	-2.33900	-0.28484	0.43118	-0.29743	-0.06104	-1.96936	-0.21607	-0.32439	-0.33477	-0.97792	0.32672	0.89733	-0.12074	0.26647
0.77427	-0.50729	0.85044	-0.31409	-1.54146	1.20451	-0.08428	-0.47920	1.47989	-0.01478	-0.21550	-0.07608	-2.23950	-1.51289	0.31798	1.14561	-0.51542	0.54025	0.02367	0.32248	-0.74917	0.60326	0.04616	1.62971	-1.66200	-0.90259	-0.58209	1.46394	-2.72020	1.17770	-1.41173	-2.94037	-0.71832	0.16074	0.38468	-0.45056	-0.23917	-0.78391	-0.02022	0.72559	-1.06162	2.62127	-1.39348	1.21107	-1.49159	-0.80362	0.64144	0.97360	0.29855	-0.21520	0.16455	0.29620	-0.90598	2.16044	0.24856	1.02887	-1.14580	-0.19371	0.22713	-0.47779	-0.19810	-1.34359	1.60768	0.96906
-0.65128	-1.31321	0.29973	-1.39186	0.68389	-0.07907	1.42305	0.99999	-1.27886	-1.29285	-0.78479	-0.97644	-0.86729	-0.78965	1.47542	0.19791	-1.40459	-0.34218	0.48358	-0.02697	0.19515	-0.96538	-0.53434	0.84224	-1.65611	0.10340	1.18840	3.31276	-1.05335	0.66926	0.73644	0.01406	0.15879	-1.41258	2.36414	1.43791	-1.49513	0.46619	-0.48539	0.29606	0.00674	-1.60839	-0.44507	-0.30352	-0.83692	2.55786	0.12018	-0.71397	-0.26575	1.05661	-0.31490	0.24845	2.09122	0.03316	0.70870	-1.49784	-0.37142	-0.25156	0.28233	0.51403	-0.12411	-1.78289	0.42960	0.42727
-0.78031	0.75312	-0.48896	-0.15905	-0.67375	0.74215	0.72895	-1.80057	-0.93141	1.76081	-0.80156	1.55394	-0.16461	-0.92638	0.29000	-0.63002	-1.13873	-0.20740	0.28141	-0.76208	0.52481	1.41213	-1.32277	1.72754	-0.09679	-2.09926	-2.17530	-1.38829	-1.30026	-1.51516	-0.36446	0.04553	-0.11476	-2.92919	0.12991	-1.22419	-0.68252	0.24848	-0.80053	2.08459	0.82397	-0.27770	-0.30604	-0.68585	-1.96361	-0.49817	-0.74515	-0.08779	1.33106	-0.14155	-0.75404	-0.36509	0.25564	-0.93119	-1.16655	0.71873	0.02326	0.27403	-1.67194	1.33072	2.37570	0.94907	-1.04334	-0.21533
1.43466	-1.03116	-0.11222	-0.57641	0.51512	1.46014	-0.80094	0.52626	-2.14569	1.57428	-1.36484	-0.36391	0.46159	0.98384	0.33475	0.65930	-0.14326	-0.95166	-0.90715	-0.94511	0.37292	-0.18332	-0.73794	0.18016	0.46871	0.44683	-0.50125	-0.19752	0.63013	-0.49285	-0.38128	0.56781	0.59098	1.11235	-0.53475	-0.56737	0.17188	1.54065	-0.34911	1.57625	1.22781	1.11865	-1.06105	-0.54805	0.63633	0.09124	-0.95800	0.03120	0.69941	-1.16190	1.56913	-0.77649	0.49215	0.04343	-1.66626	0.69211	-1.34349	-0.86047	-1.43401	0.63794	1.08830	-0.15888	0.71612	-1.70522
0.66656	0.93472	-0.09528	-1.32357	-1.32564	-0.67876	0.08817	-0.50963	0.09644	-0.54653	1.37193	-0.87641	0.68818	-0.09920	-0.22821	-0.58286	-1.25702	1.18957	-2.48077	-1.22065	-0.47233	1.01319	-0.21489	-0.25559	0.47903	-0.02812	0.61123	-0.05605	0.97159	1.61269	-0.91569	1.38036	2.46255	-0.44373	-0.01868	2.64601	0.85447	-0.55432	-1.30348	-0.93973	0.01934	-0.64556	0.75627	0.32860	0.28765	-0.06425	0.45517	1.51407	1.24024	0.24860	1.30361	0.83649	2.14624	1.87980	-0.91131	-0.69671	0.83229	0.95390	0.64018	0.22085	-1.06710	0.68278	-3.28665	0.69865
0.08976	0.40800	0.04919	-0.58505	1.06435	-0.29868	1.32766	1.87146	0.85852	0.10738	-0.32930	0.55178	0.12710	-1.65128	1.57620	0.36021	0.58983	-0.06414	-0.15583	1.69749	0.64397	-0.12445	-0.90653	0.06291	-0.58162	0.62482	0.05674	-0.78449	-0.95273	-0.69602	-0.21605	0.37146	0.96245	-0.66841	2.34472	-0.79799	0.38277	0.55819	-0.90238	-1.00306	-0.47835	0.14163	-1.50050	-0.67240	0.73169	-0.16789	-1.20392	0.84347	-0.05963	-1.24379	0.22854	-1.33699	-0.77619	-1.89531	0.76488	0.44407	0.81726	-0.60261	-1.11195	2.81851	0.13000	-0.57630	-0.37982	0.95094
0.00516	0.70980	-1.18051	-0.52280	1.39379	-0.93958	-2.83747	0.05377	-1.44601	0.17801	-0.97912	-0.17825	-0.23367	1.46379	-1.86746	-0.31778	-1.36561	-0.09568	1.60208	-1.29152	0.96164	0.39000	1.60704	-0.46006	-2.97699	0.19847	-2.10708	2.82438	1.37301	-0.76856	0.34848	-0.03476	1.24430	0.72269	-0.69082	0.58616	-0.79027	-0.69514	2.29506	0.20680	1.31378	-0.81897	0.55866	-0.23214	0.51642	1.18158	1.80866	-1.16637	-1.55848	0.10776	-2.89860	-0.23306	0.58309	1.93095	0.09556	-0.15964	1.87844	1.75878	-0.05340	-1.64185	0.44960	0.91404	0.05940	0.83964
0.99713	-0.50349	-1.60876	0.61959	-0.04361	-0.10120	-0.56746	1.72823	0.81261	1.33087	0.41427	-0.96476	1.86195	1.45274	-1.02588	1.54417	-0.65170	0.35947	0.19389	0.51680	1.73318	-0.22030	1.67172	1.16858	1.25780	0.52737	0.28385	0.68692	-0.00690	-1.70594	0.82045	0.44502	1.15855	1.94168	0.78633	-0.64865	-1.25551	-0.89039	-0.93036	0.37787	-0.77272	-0.04340	1.51461	0.06853	0.14474	1.41457	-0.01204	0.10933	-1.15893	0.79474	1.18505	-0.20110	0.39841	-0.83657	0.29272	-0.34129	0.64172	1.66567	1.02962	1.42088	-0.14787	-0.12282	0.49315	1.03485
-1.80439	1.76700	-1.43140	-0.64868	-0.94899	0.96024	-0.63772	0.14287	0.50418	-1.21147	-0.13592	0.98687	0.77961	0.36745	-0.40147	-1.34120	-3.42684	0.09077	-0.45590	-0.78554	2.20708	1.00411	-0.94732	-1.27371	-1.65403	-0.94438	-0.70746	1.04080	0.68107	-1.48662	-1.06668	0.57815	0.37644	0.35307	1.05641	-0.83185	0.83835	0.41941	2.53385	-0.87672	0.97997	0.75765	-0.68128	0.37343	0.37682	2.65458	1.03063	-0.73762	1.31885	0.31196	-0.69072	-1.56422	1.42251	-0.76574	-0.52932	0.69127	-0.16846	-0.48328	-0.39328	1.48420	1.61301	-1.52504	0.12694	-1.57147
-0.08095	1.22653	0.92369	0.06920	-0.35092	0.02087	1.47678	0.44782	0.21566	0.48570	1.84469	-1.37587	-0.16401	-0.20354	-1.02212	-0.60684	-2.48054	-0.60198	-0.81052	-0.17264	0.02327	0.71366	-1.15281	0.76942	-0.67702	-0.47657	-0.42233	-1.39159	0.45201	-2.22436	2.75058	0.02410	-0.62655	1.88746	1.15534	-0.46852	1.06872	1.28025	-0.31850	-1.18292	0.03449	1.64436	-0.19226	0.78976	-0.60470	-0.42380	-2.70425	-0.98328	-1.20942	0.44904	0.12967	0.52270	1.71433	-2.28444	-0.72363	0.22627	-0.35288	1.07702	1.42720	0.67364	-0.72977	-1.10386	0.28924	-0.22999
-1.63945	-1.07616	0.67698	-1.97685	0.99569	0.06138	-1.74340	0.55624	0.20174	-1.01069	0.82508	0.77137	-0.32150	0.29584	-0.20950	1.49784	0.51182	0.11995	-1.42381	0.28162	0.92557	-0.68051	0.19815	-1.34073	0.43598	-0.02821	-1.00704	-0.12991	1.57631	0.26237	0.50094	-1.91231	0.79060	2.29532	-0.78201	-1.26921	-1.08465	0.69422	0.62883	-0.59439	-0.35373	-0.60103	0.04529	-0.30835	0.12369	-0.67884	-0.66556	1.44435	-1.16856	-0.27348	-2.25753	-1.32017	-1.43706	0.67770	-0.19052	-0.02268	-0.05161	-0.75797	-1.23504	0.55390	-0.36403	0.05658	0.05133	1.24580
-0.34432	-0.20424	0.47988	-0.61327	-0.48053	-2.12110	-0.38632	-0.23936	0.49782	0.35773	-0.43455	-0.93785	1.69309	1.09146	-0.59688	-0.84499	0.41289	-0.46419	-0.90474	0.60284	0.13147	-1.74430	1.15742	0.34092	-0.17340	0.31168	-0.14448	1.78557	-0.45517	1.14163	-0.06260	1.06970	0.92782	-0.08282	0.48849	-1.31695	0.00556	-0.23024	-0.68101	-0.04327	1.72787	-1.13281	-0.90816	-0.62947	0.92817	-1.45810	0.28967	-0.67836	-0.35586	1.05174	-0.60019	0.59863	0.23610	0.63877	-0.84965	1.23064	-0.38632	-0.47128	0.56435	0.79102	-0.28513	0.74525	-1.69196	-1.30806
0.00808	0.46916	-0.41669	0.50620	-0.79497	-0.22914	0.98248	1.20595	0.94350	-1.36985	-0.80219	0.40898	0.85203	0.83282	0.14436	-0.91810	-0.45841	-1.97357	1.69260	1.11367	-1.48976	-0.24192	-0.23431	0.50240	-0.56819	1.38671	0.55479	-1.81256	-1.12173	-0.37131	1.21075	0.71305	0.63028	-0.17155	-0.13537	0.81553	-0.48575	0.77845	0.05627	-0.83959	-0.64901	0.32863	-0.27632	-0.33045	0.06113	1.12122	-0.15273	0.91418	-1.24681	-0.11112	0.78604	-1.71806	-0.16357	-0.47196	-0.34403	-0.38814	-1.39293	1.42217	0.10776	0.07500	-0.57736	0.84636	-1.50341	-1.06452
0.62480	-0.22929	0.07994	-0.11063	0.76610	0.28301	0.02741	-1.66804	-0.95088	-0.08775	-0.30206	-0.77180	0.64887	-2.07409	-0.41761	-0.46632	-0.71698	1.34677	-0.21555	0.08185	-1.09000	0.45616	0.28233	-1.25014	0.35043	-1.04127	1.27921	0.31057	-1.11261	-0.27341	-0.07520	0.76389	-0.42013	-0.81861	0.75940	-1.36959	-0.29825	1.38643	0.73290	1.25674	0.35396	-2.08776	-0.01569	-1.61374	-1.34344	-1.05842	-1.43181	0.31642	1.61165	0.45165	-0.37043	0.44079	0.37338	-1.43128	-1.30926	-0.36624	-0.71178	-0.08912	-2.83811	0.56408	0.27623	1.86571	0.29656	0.47280
1.21848	0.81505	-1.11303	0.82163	-1.54469	-0.90443	0.63596	0.38842	-0.47852	1.75059	-0.77214	-2.19680	-1.85547	1.18703	0.71350	0.88042	1.26060	-0.40786	0.61102	-0.42371	1.76469	-2.77546	0.42828	-0.02168	-0.73897	-1.75044	-2.46912	-0.17454	-0.99519	-1.46206	-0.56435	-0.09225	0.58522	-0.34157	0.63111	0.70379	-0.38361	2.25927	1.01839	0.91654	0.61278	0.66702	-1.68138	-2.58611	-0.67259	-0.45231	-0.20027	-2.38205	-0.20519	-2.98995	-0.61581	-0.65567	-0.60488	0.12571	0.74462	-0.86625	0.31562	-2.26209	0.71227	-0.19257	1.45538	0.02411	0.94392	1.30071
-0.44015	0.78856	1.41848	-1.16377	-0.24947	-0.12085	1.03428	-0.87674	-0.47663	-1.28089	0.94048	0.97297	-0.35008	0.37697	-0.36176	0.08657	-0.89282	-0.20131	-0.87155	0.22024	1.55297	1.04884	0.04992	-0.54287	-0.83056	0.64215	0.30343	-1.44226	1.73005	0.61845	0.56113	-1.57190	0.37385	1.23078	0.58976	-0.33845	-0.68168	-1.36182	-1.56560	-0.65095	-1.96655	1.05942	0.04375	1.51221	-0.11859	-0.73457	-2.42250	0.29181	0.50325	-0.50729	0.62143	-1.04267	-0.55561	-1.21981	0.79648	-1.18151	-1.71174	0.37949	-0.93205	-0.83217	0.25061	0.85268	-0.11946	-0.35491
1.58179	-0.02891	-0.50419	-0.75800	0.98937	0.29306	-0.37074	0.39092	-0.88948	-0.50868	-0.83005	-0.56459	-1.34242	0.83839	-0.82080	0.48234	0.14934	-0.29998	0.28786	0.33265	-0.20796	0.65635	0.73482	2.33222	0.10276	-0.16169	0.89888	0.71534	-0.96660	1.51870	0.82389	-0.83976	-0.91203	-1.85875	1.78199	1.33970	-0.51882	-1.20866	-0.02746	0.89787	1.47975	0.19860	-2.04784	0.75025	-1.08142	1.34692	-0.71257	0.01382	0.14111	-0.89976	0.65817	1.59786	0.39106	0.74355	-0.40211	0.17064	-0.01980	0.68220	0.14111	-0.57294	1.02773	-2.22172	-1.01365	-1.85547
0.50677	0.54989	-0.11161	-1.18981	-1.06198	-0.00883	0.14360	0.36515	0.90977	-0.14487	-0.51521	-0.54846	2.21301	0.26504	-0.32805	-0.30396	-1.11486	-0.11918	2.01722	-0.01512	-1.74307	-0.98030	1.81598	-0.67961	-1.08616	0.82857	1.37607	-1.30458	-0.93367	0.98351	1.72788	1.49800	-0.42526	0.46623	0.00631	0.31038	1.35344	0.68081	-0.03440	-1.53165	-0.71078	0.67519	-0.57159	-1.46819	1.32490	0.64912	0.92114	-0.43937	1.33692	-1.09507	-0.02340	0.40933	-0.12493	-0.35034	1.75566	-0.24529	-1.76614	0.11797	-0.77380	1.09774	-0.47279	0.99329	0.45296	0.02592
-0.46952	-0.86282	0.09743	-0.34652	-0.59112	0.56255	0.11361	-0.39895	-1.23588	-1.05254	-1.39299	0.80155	-0.23816	-1.34734	-0.37302	-0.93543	-0.01891	0.60432	-0.03381	0.50131	0.72081	-1.28077	-0.07035	0.94644	-0.26284	0.51820	0.35366	-1.44340	0.83516	-1.40692	-1.06830	0.53967	0.69820	0.10198	-2.28701	-0.13238	0.31519	0.69030	-0.54045	0.07060	-2.24036	0.00280	-1.41959	1.40012	0.50750	-1.30890	1.10313	1.77535	0.49969	-0.44955	-1.75073	0.06497	1.44914	-0.64527	-0.86926	0.25740	-1.74504	-0.46504	2.36350	-0.80867	0.04772	-1.36183	0.59829	-1.64518
-0.58428	0.54809	-2.24168	0.51241	0.85524	0.76109	-0.69364	1.57378	0.58763	-1.61765	0.25687	1.27398	0.97157	0.46480	1.59042	0.26225	0.59755	0.25639	-0.50573	-0.14515	-1.14623	-0.80535	-1.37511	0.70992	1.91158	0.10772	0.29962	-1.77414	-0.05911	1.22190	1.03085	1.43890	0.37167	1.37129	-1.09475	-1.31909	-0.56950	0.28481	-2.83617	-0.75972	-1.43528	1.18455	-0.82019	-1.08651	-1.08496	-0.95700	-2.03168	0.59528	1.85220	-0.99929	0.66281	0.00352	-0.11570	0.10796	-0.18124	0.18361	-0.38827	-1.90763	-0.81563	1.63012	-1.77604	-0.02317	-1.11063	0.58572
-1.79363	1.69274	-3.45449	0.84294	-1.27182	-0.21722	0.75009	-0.64951	-0.96194	-0.03461	0.85716	-0.68212	1.38409	-0.73927	0.68863	0.50449	-0.82161	0.60915	1.05548	0.59509	1.26748	0.49503	0.20772	0.67478	-0.75000	-1.13412	-0.83616	-1.28232	-0.20715	-0.51883	0.18778	0.97326	-1.22714	-0.50632	1.28607	-0.95517	2.10069	2.02206	-1.02087	-1.28726	1.13616	0.88518	0.92671	-0.11613	1.29981	-0.93507	1.83310	1.89010	1.02752	1.33190	0.41159	1.37249	0.35717	1.80451	0.72341	2.13216	-0.48993	-1.01524	-0.33598	-0.04749	-0.29248	0.81324	0.24830	-0.65963
0.69040	-0.97599	0.69321	-0.49476	-0.19440	-0.58580	0.28696	1.44295	-0.20591	2.33515	-1.68151	-1.03204	0.10395	0.56688	-2.11906	0.09005	0.50361	0.70131	0.13195	0.79016	1.86607	-0.42051	-0.19906	0.43750	1.99856	-0.86093	0.24447	0.55101	0.39098	-0.83879	0.02353	-0.19542	-0.96033	-0.69363	0.73296	0.03057	0.38207	0.90645	-1.64739	-0.13439	0.37640	-0.65298	0.85994	1.73147	-1.80099	-0.03870	-0.05291	-0.53010	-0.23723	0.73012	0.05367	1.32425	0.69345	0.26987	-0.85251	1.44277	-0.11455	1.69079	-3.19071	-0.59452	1.45762	-1.03384	-1.13851	-0.36348
-0.51365	-2.39881	-0.89324	-1.23978	-0.15402	-1.85740	-0.36323	-2.45597	1.48901	1.39646	0.70358	-2.12220	1.11074	1.23397	-0.20029	-1.28358	1.18214	-1.03667	-2.05847	0.80206	-0.18058	-0.87089	0.91943	0.99921	-1.58084	0.45207	-1.26499	1.78938	0.84237	-0.60018	0.86620	0.25230	-2.14612	-1.24254	1.81732	0.01542	0.31660	0.14004	0.60440	0.63382	1.76279	-0.09437	-1.03914	-1.01682	0.45887	-0.92971	1.24904	-1.22227	-2.17183	1.14297	-0.74729	0.17252	0.02609	1.38842	0.50434	0.28784	1.07911	1.20740	1.78768	0.64269	-0.56543	-0.17508	0.56557	-0.42912
0.25330	0.43869	0.95182	-1.66391	-0.03151	1.15493	-1.14605	1.66363	-1.83351	0.86191	-0.27579	0.26122	-1.02812	-0.07974	1.19401	-0.54693	-0.43162	-0.06677	-1.40385	-1.15492	-0.73950	-0.29073	-1.58739	-0.19969	0.99468	0.20297	-1.29647	-0.75332	-0.81632	2.08973	-1.15683	-2.90333	-0.15267	-0.13376	-1.39459	-0.46934	0.36180	0.63030	-0.32327	0.21316	-0.88229	-0.22558	-0.25257	0.61583	-0.19713	-0.02500	-1.06752	0.39638	-0.44857	0.22074	-0.05855	-0.90739	0.12575	0.99702	2.08941	-1.98791	0.11546	-0.00967	1.13412	-0.17407	1.09603	-0.10378	-0.33238	-1.08031
0.04374	1.04433	0.53944	-1.31081	-0.12397	0.59971	-0.07044	-1.51646	-0.62555	-0.79430	-1.24636	-0.25816	0.37490	1.49533	0.36200	-0.21476	0.66624	0.21368	-0.67175	-0.31547	1.35711	0.39814	-0.33707	-2.22210	0.13130	-2.04531	-0.15149	-0.87209	1.03305	0.54142	0.75841	0.21517	1.19097	-0.40339	-1.52946	0.56779	-1.55338	-0.08943	-0.13260	0.96874	1.08524	-0.87955	1.43157	-0.34719	-0.85367	0.58581	0.31993	-0.49682	0.48732	-0.30929	0.33851	0.29360	-0.82692	0.30538	0.51912	-0.68139	-1.82567	-0.80032	0.13246	0.12035	-0.93951	0.18440	-0.27684	0.33596
1.59915	1.43128	0.21298	-2.06419	0.98268	0.17634	-0.78999	-0.76332	0.27928	-1.20864	1.29823	0.88251	1.12467	0.64537	1.48462	-0.25848	0.44801	1.07915	-0.75601	1.21533	-1.54177	0.96580	1.01819	2.17610	0.77927	1.34842	1.94015	-0.85179	-0.07249	0.89795	0.44453	2.78468	-0.57319	-0.90032	-2.48128	0.17338	0.88857	1.68044	0.83342	1.41152	0.69825	-1.22132	1.12358	1.19412	-0.06367	-0.25328	-1.24788	-0.67881	1.33528	-2.20546	0.05090	1.38079	-0.84895	0.26195	1.09070	0.44653	-1.28579	-1.30511	-0.54529	2.77263	-0.09584	-1.59017	0.46633	0.85659
-2.34087	-0.72969	-0.35114	1.46694	1.14191	-1.67697	-2.01402	-1.41983	1.36424	-0.63891	-0.45828	0.58025	-0.46603	0.19806	0.26207	0.07505	1.30251	0.03353	-1.48512	-0.07998	-0.35354	1.26641	2.27117	-0.08178	-0.43489	-1.06935	1.59385	1.41056	-1.32539	0.80679	-0.42021	-0.49341	0.49625	0.06382	0.31856	-0.43766	0.52144	-0.65411	0.69637	0.21041	1.44611	1.04677	1.07899	0.49448	0.51840	-1.25294	-0.97870	2.59073	0.72423	0.16472	1.37276	-0.15679	0.79337	-1.14141	0.78043	-1.22091	-0.30228	1.14885	-0.65052	-0.38763	-2.73098	0.03649	-0.25309	-0.33020
0.97357	0.30652	0.43558	0.73453	-0.10753	-0.55593	-0.98888	-0.97384	-0.68971	0.54173	-1.50985	-0.78972	0.26807	1.58305	0.63512	-1.73111	0.42325	-0.71945	1.66542	-1.56052	0.54169	-0.40504	1.01302	-0.69269	0.01555	-0.67324	1.24608	0.89604	1.00194	-0.93900	0.90176	-2.10611	-1.39195	-0.72594	-0.06042	0.48263	-0.43069	-0.99941	0.79997	-0.04277	2.30314	-1.66625	-2.41381	-0.06173	-0.30145	1.15606	0.48735	-0.01656	-0.74477	2.82476	0.67857	0.81517	1.29898	0.90496	-1.09877	1.78541	1.97773	1.40685	0.67111	-0.06918	1.17396	1.74047	0.26712	0.10467
0.44857	1.52700	-0.08710	0.56051	0.27472	0.56345	-1.59188	-1.73250	0.18294	-0.36535	1.66333	0.99127	1.85471	-0.76246	-0.49442	0.75630	-0.90266	1.99948	0.29069	0.76981	0.02777	-0.43430	-0.49139	0.47568	-0.11291	1.53570	-1.65250	0.51222	2.28170	-1.44168	0.30897	0.17453	0.35098	0.11927	-0.75166	-2.04746	0.16419	-0.01107	1.46242	0.78749	-0.58563	-0.68684	0.73211	0.64970	0.54008	-2.25447	1.30692	-0.22923	-0.19621	-1.18228	-0.50331	0.60597	0.84853	-1.19373	-0.84031	0.90825	0.22971	0.66784	0.64775	-1.14130	-0.74832	0.42132	1.08908	1.15383
-1.04224	-1.33269	-1.83187	-1.25952	-0.33052	1.84356	1.08725	0.06953	-0.52824	0.21871	-0.13643	-1.05429	-0.53720	-1.75489	1.06384	0.02917	-1.48060	0.77361	0.13523	1.05277	0.42442	0.29257	-1.70424	0.29764	0.25202	-1.19176	0.65570	0.58453	0.20010	0.44737	-0.94365	0.66924	-1.26245	-0.84987	0.14172	-1.75013	0.23206	0.87277	-1.62685	-0.92003	0.09148	-0.73865	1.42724	0.07998	-2.41433	2.28793	-0.14555	1.62581	-0.05561	-2.34307	-1.23281	-0.10895	0.33970	0.25744	1.16667	-0.12506	-0.10104	-0.91632	-0.65273	-0.56091	0.72123	0.32325	1.11064	-0.01773
0.93037	-1.61634	0.23953	-1.56208	0.79124	0.54052	-0.62878	0.80644	-0.04467	-0.51035	0.76290	-0.00334	-0.70544	-1.23541	-1.12951	1.83591	-0.28742	2.56762	-0.17680	-0.15920	1.28319	-1.56862	-1.90713	-0.22696	-1.24245	-1.31292	-0.25736	-0.17806	-0.52703	1.63188	-2.47354	2.72282	0.54008	0.06668	-1.69308	0.54153	-0.26642	0.28292	-0.39181	-2.91335	0.16549	-0.26678	-0.04669	1.36238	0.75762	0.23221	-1.31146	1.01365	0.44697	-2.20274	0.10311	0.02247	1.14054	-1.16540	0.18372	-0.42068	1.36812	-1.27121	-0.37590	0.48443	-0.11872	-0.85747	-1.12331	-0.52998
-1.32041	0.54284	-0.17672	0.09481	1.39872	0.77236	0.72474	-0.41532	-2.06011	0.85215	0.62482	1.75119	-0.06814	-0.12397	0.69387	0.50820	-0.05482	-0.09636	0.60081	1.55509	0.66253	1.25917	-1.10603	0.37856	1.08756	-1.27806	-0.64015	0.65131	0.73405	0.03159	0.25911	0.95731	0.00134	0.77703	-1.17444	-1.67001	-0.09099	1.19983	-2.34062	0.14659	-0.51898	1.47663	0.13447	1.39363	-1.77566	-0.71759	-2.72858	1.70144	-0.74188	-0.07192	-0.55237	1.57658	-0.58637	-0.60702	0.93879	0.49377	-0.15600	-1.15622	0.32304	1.15237	-1.94840	0.43954	-0.21161	0.73226
0.63284	0.86460	2.12231	0.65132	-1.89897	-1.87603	-0.03439	0.91606	0.91403	0.05914	0.28598	-1.95994	-1.30907	0.29079	-1.16433	-1.21444	1.36341	-0.40911	0.94124	0.18240	0.85331	-0.26044	-0.84317	-0.32276	0.11285	2.27809	-1.45450	0.67198	1.25199	-0.38426	-0.03827	0.76804	0.61889	0.85616	-0.14855	0.30854	1.66318	0.30613	0.47983	0.60230	-0.94256	-1.28584	0.41310	-0.02375	0.86449	-0.04576	0.86768	-0.31995	-0.20939	2.19443	-0.18182	-0.53811	-0.57358	-0.24989	-1.85848	-1.79264	0.75671	0.35808	0.26943	1.16883	0.17809	0.42181	0.66866	-1.09578
-1.65284	-0.73324	0.44238	0.10505	1.92260	-0.32081	-0.45159	0.50582	0.33031	-0.78716	0.12184	-0.16295	0.07721	0.38140	-1.44638	1.41972	-1.63054	0.54149	0.66567	-0.30022	0.07674	-1.42444	-1.12566	0.21595	0.16278	0.84497	0.03106	0.87607	-1.16839	1.75628	-1.18621	0.20350	-0.51099	0.18075	1.06918	-0.74411	0.40369	-0.97967	0.51574	-0.79856	-0.21463	0.10834	1.24569	-0.94434	0.42599	2.02400	1.30890	-0.40758	-0.58895	-0.63772	-1.48891	-0.83135	-0.49633	0.96532	0.20076	0.59351	0.50204	-1.05271	0.46499	0.69930	-0.66350	-0.57588	-0.54099	-0.32364
-0.27436	0.43850	-0.07682	0.96517	0.84625	-0.70707	-0.70595	-0.21429	0.82429	-1.37386	-0.30165	1.28486	3.23130	-0.60002	0.71362	-0.20312	-0.03754	-0.70826	-0.84472	-1.58610	-1.13992	1.08589	-2.42528	0.66378	0.00629	-0.96330	-1.39544	1.75430	0.05360	-1.27224	1.72851	1.07399	-1.78751	2.07811	-0.75671	0.88763	0.42323	-0.76167	1.08937	-0.82095	-0.17744	0.32280	0.52314	0.71825	-0.00873	0.50271	-0.35762	-0.27547	-1.68054	-1.33997	-0.33065	0.41280	1.36536	0.61872	0.22357	-1.23366	1.76730	-0.48664	0.50564	-0.09947	-0.47480	-0.14340	0.70966	-0.58505
-0.34578	-0.07126	1.49523	0.44771	0.36616	-2.99036	0.95777	-1.98118	1.16629	-0.84619	-1.18424	0.07608	-1.19080	-2.55775	0.84368	2.00794	-1.17210	0.88373	1.31363	-0.73354	1.13996	-0.34298	0.13861	1.57161	1.66696	0.25460	2.31615	-0.75828	-0.57115	-1.13581	0.80224	-0.43191	-0.67761	-0.09416	-0.60143	2.02731	-0.18293	-0.19525	1.88776	0.25776	1.73683	0.75529	1.60862	-0.98137	-1.13212	-1.21844	-0.74070	0.84515	0.35153	-1.81558	1.02487	0.96874	-0.63300	0.44147	-0.29075	0.96447	0.15601	1.14243	1.04725	-0.40551	-1.91614	0.38894	0.83076	1.71699
0.16625	1.50992	-0.09017	0.88669	0.24833	0.37926	0.31942	0.83305	2.09401	0.30602	1.21653	-1.32973	0.18731	-1.40410	0.79285	1.41177	-0.24070	3.39250	0.89546	0.18414	-0.80318	-1.06228	-0.37064	1.18149	0.61805	1.16365	-1.18254	-0.09874	-0.34415	-1.82120	-1.64676	0.54796	1.58849	-0.87784	-1.39659	-1.41005	0.35852	-0.26244	-0.22289	-0.57439	-0.86900	0.36905	0.64839	2.05683	0.57322	0.50218	0.34992	1.51186	1.65959	0.40615	-0.77287	2.66343	0.65725	-0.10064	2.17945	0.98696	-0.21459	1.16027	-1.17318	1.68244	0.62151	-0.95361	-0.16754	-2.00042
-1.73220	1.06887	-1.21707	1.18311	0.38220	-0.44174	-0.42278	0.96813	1.26998	0.48608	4.12335	-2.31617	0.22708	-0.20441	0.13823	-0.20454	-1.31383	-1.03392	-0.45667	-1.14655	-2.41721	-0.75376	1.07189	0.14148	-1.86608	-1.17739	-0.94086	-1.26730	-1.09120	-1.49733	-1.18936	0.84461	-0.28070	0.99301	-1.32498	-0.90186	-1.13143	1.84037	-1.71496	0.75352	-0.73305	-0.16662	0.73930	0.22128	0.27611	0.25192	0.56952	0.16094	-1.91893	0.04110	-1.00628	0.63354	0.06592	-2.49843	-0.66247	0.15459	-1.05792	-0.09151	-0.46963	-0.22913	0.55419	0.53985	-2.30149	-1.66514
-0.08441	-0.35011	0.20018	1.34388	-0.68848	0.97997	0.13915	0.87154	0.39775	0.85765	-0.07347	-0.66617	0.36126	1.03190	-0.67154	-0.44687	-0.93154	1.01500	-0.19481	-2.15802	0.16211	-1.25306	-0.33074	-2.30754	-0.98133	0.84885	-1.64130	-0.28562	-0.10147	0.36267	-1.07167	-2.35746	-1.00789	-0.20510	0.02846	0.19756	-1.27119	-1.71252	-0.47126	0.81222	-0.96229	-0.98856	-1.16262	0.94138	-0.13850	0.43311	0.33961	0.97186	-1.16192	0.88172	-1.47154	-0.64479	1.74987	-1.49309	0.33044	1.26393	-0.37298	-0.82041	0.22624	-0.04744	0.38803	2.30112	1.44461	-0.01471
0.55584	1.41165	1.11587	0.46405	-0.89517	-1.38983	-0.10942	-0.40460	2.32539	-1.11723	0.00836	0.71860	-0.83698	1.15250	0.58449	0.23635	2.92700	-1.25902	-0.71107	0.12667	-0.58373	-0.62214	1.24507	1.34804	-0.20898	1.33871	1.11652	-0.46963	1.50224	-3.06735	-1.54011	0.22048	0.35840	0.40338	1.46274	-0.22778	-0.01274	0.20631	-2.17040	-0.30794	0.12745	0.37322	-2.59694	1.03631	-1.31362	1.37026	2.21239	-0.86101	-0.10873	1.55808	1.87141	0.78978	-1.54675	-1.75834	-0.12909	0.03634	0.33104	0.06582	-1.43651	-0.63485	-1.74338	-0.15057	0.50775	-0.34741
-0.36129	0.67905	0.21225	-0.72393	-0.06903	0.49666	-1.74042	2.36926	-0.67503	0.17638	-1.85325	0.50698	-1.61305	0.11516	-1.16802	3.15059	-0.64115	1.28740	1.52799	-0.49074	-1.63361	-1.16135	1.77361	0.28605	0.88555	-2.38596	0.36097	0.26805	0.78729	-0.15105	0.45192	-0.70477	0.71831	-0.08710	0.35981	1.45153	-1.69974	1.08959	-0.03822	0.52103	0.14374	0.54836	0.01437	-0.52030	-0.39125	2.88203	-0.13401	1.55370	0.22084	-0.68466	-0.69886	-0.81491	1.51990	0.12244	-1.98730	-0.81265	0.93382	0.86240	0.98688	-0.37583	1.70309	-1.31304	1.14100	-1.16158
-1.00159	-0.22382	-0.83819	-0.01787	0.94062	1.34226	0.12561	0.43980	-0.40069	-1.36555	0.10207	0.22969	0.81287	-0.27081	-0.13931	0.52756	2.80911	-0.53227	-0.32082	0.85541	0.34194	1.87911	-1.63315	-0.10982	0.62556	-0.97358	-0.15084	0.34915	-0.26788	-0.30383	0.34332	-0.24537	1.38201	1.80619	0.57812	1.34254	-0.87216	0.09882	-0.58862	-0.85100	-1.49193	0.82512	1.80569	1.82858	-1.80032	-1.87762	-0.98883	1.06502	1.35802	-0.69363	1.28196	-0.17191	0.66594	-0.73948	-0.57033	-1.15883	0.57136	-0.32744	0.15977	0.04253	-2.19123	0.99433	-0.17026	-1.07845
0.77420	0.64442	-0.88273	0.75156	0.37388	0.88186	-1.06490	-2.12476	-1.00898	-0.09211	-1.83006	-0.60669	1.14413	1.71830	0.88023	0.43340	-0.45650	1.10897	-0.04385	-0.59039	-0.98705	0.13871	1.34363	0.81099	0.30321	-1.22886	-1.98363	-0.86991	0.73320	0.78038	-0.69144	-0.26772	1.38120	1.35535	-0.01431	-0.90555	1.37617	-0.16368	-0.78848	-1.39562	-0.79861	-1.51217	0.14977	0.24794	-0.21165	1.03253	-0.57102	-1.28338	2.28172	-0.86119	-1.30748	-0.76000	-0.10997	1.08690	0.01070	-1.57645	0.60013	0.40380	1.86190	1.05083	-1.06973	1.41793	0.49520	-1.60139
-1.83075	0.29404	1.14384	0.48852	-1.03523	-0.90238	0.33372	0.81770	-0.31483	-1.44122	1.51881	-1.50015	-0.45602	0.97451	0.10881	1.05709	-1.71229	-2.35227	0.37341	0.05881	1.60644	0.65007	-0.70602	-1.14484	-0.30234	0.49169	-0.02397	1.45523	0.80501	-0.96124	-1.08569	2.53546	-0.25407	-1.18487	1.86107	-0.86177	0.91774	-0.81479	0.88902	0.54367	-0.97756	1.61036	-1.71782	0.19160	0.42677	-2.46636	-0.00090	0.31316	0.00085	0.78751	-1.13957	2.35043	1.16573	0.86349	-0.16764	1.03496	1.80978	0.01165	-0.19420	-0.00680	-1.00954	0.71258	-0.51477	-1.72792
-1.09155	-1.59957	-0.32345	-1.16079	-0.33083	0.13926	0.53072	-0.73849	-1.58710	0.47513	-0.48111	-1.23670	-0.39765	2.83978	0.35506	-2.72158	-0.52184	-0.63900	1.22626	-1.79337	-0.42319	-0.76469	-0.06714	0.63008	0.52803	-1.11747	-0.48268	1.03084	2.07555	0.14442	0.71205	0.46410	-0.16242	-0.57776	0.30940	0.77677	-0.56580	-0.32088	0.03412	0.64246	-0.72157	0.85811	0.23048	0.88221	3.21627	-0.06633	-0.11423	0.61768	1.47125	0.51888	1.32317	0.79974	0.45754	-0.69749	0.32027	-0.77637	2.32412	1.33504	0.86735	0.30198	0.33156	0.00592	-0.77213	0.38200
-0.35244	0.45434	0.40271	0.60243	1.88952	1.73103	0.98534	-0.57368	0.83294	1.49304	-0.08764	1.14537	0.33733	-1.58211	-1.04458	-0.74306	0.67883	-0.76825	-0.87242	0.80329	-1.17641	2.50043	-0.07822	1.37066	-0.26712	2.15662	-0.33354	-0.40473	1.53527	0.66841	1.51424	-0.32206	-0.20704	-0.05972	0.62143	1.19361	-1.77555	0.26535	-1.03600	2.30832	-0.09804	0.00062	0.82426	-1.18381	0.44701	1.22714	0.78464	0.64563	0.41537	0.38837	-1.57484	0.38644	-1.04815	0.33021	0.94666	-0.76807	-0.61787	0.76225	1.69779	-0.03555	-0.23379	-0.84389	0.32451	0.21497
-1.29426	-0.69116	0.21600	0.48625	-1.11674	-0.16888	1.30087	0.02193	0.56020	-0.80111	-0.18862	0.49594	0.56948	-0.86877	-1.35283	0.13052	-0.10776	-0.61015	-0.31922	-1.68565	0.08923	0.87777	0.17690	-0.82891	0.11634	0.39300	-0.08771	-0.78346	0.15180	0.16844	-1.45842	0.83788	0.52683	-0.15939	-0.11686	1.87588	-1.05710	0.14346	0.95353	0.06006	-0.03549	0.35243	1.41184	-0.11353	0.03988	-0.51074	0.39467	0.58022	-1.55834	-1.62248	-2.05682	-1.22157	-0.32445	-0.80667	0.22401	-0.26357	0.94376	-0.17254	0.98332	0.05210	0.20923	-0.37512	-0.36584	-0.10687
0.65367	0.98599	-0.50399	0.94532	0.74997	-0.67462	0.47486	0.68889	-0.52342	0.90779	-1.41846	-1.37169	0.11621	0.57241	0.07378	-1.69078	-0.52431	0.19604	0.70814	0.07353	-1.11522	0.30871	0.24690	1.09566	1.07462	0.43529	-0.42974	0.19060	0.69931	-0.81496	0.18123	-0.49575	0.57390	-1.36644	-0.53807	0.41180	0.31384	-0.33923	2.00428	1.67699	1.68347	-0.54307	-0.31583	0.07706	-0.70120	-0.70540	1.25708	-0.44345	-0.54401	0.17052	-0.98795	-1.68980	0.90717	0.94081	0.35875	0.69347	0.81423	0.49436	-0.95203	-1.11899	-0.30727	0.49008	1.21175	0.20725
-1.20267	-0.49472	0.93423	-1.42639	0.47103	-1.19043	0.33781	0.01794	-0.92998	-0.49633	-0.47870	-0.42184	1.61599	-0.66516	-0.00704	-1.14290	0.66942	0.68959	0.25958	-0.41205	-1.99176	-1.91699	1.59120	-1.66917	-0.79132	1.08718	1.57167	-0.10009	1.73923	-0.72096	-0.29418	0.20566	2.03767	0.30871	-1.18668	-1.31212	0.31800	0.00767	-1.15893	-0.13950	-0.44422	2.38807	-1.13341	-1.06537	-0.72065	-2.41403	-1.10741	0.43520	-0.63856	-2.06145	0.49428	-0.38712	-0.08934	-0.45448	0.66707	-2.29229	-0.67715	-2.46167	-0.29624	-0.68080	-1.67075	0.86619	-0.62856	-0.66045
0.51004	-1.42637	0.21362	0.11670	1.15916	0.38639	-1.64621	-0.44621	-0.80881	0.85607	0.91823	-1.09149	-0.07023	-1.24739	1.57921	1.23156	-0.10406	1.29855	0.13882	0.99611	-0.40677	0.38048	-1.25614	0.45994	-0.53100	1.49860	0.42713	0.11804	-1.30786	0.28651	-0.85308	-0.05019	0.47102	1.94477	-0.09870	0.58140	0.60284	-0.21770	-0.12990	2.43515	-2.79688	0.39440	-0.02200	0.78701	0.71587	-0.56775	0.25576	2.30461	-2.08661	-0.05587	0.39260	2.26028	-0.19997	-1.08301	-1.25418	0.71314	0.33656	-0.07671	1.17044	0.51931	-2.46847	-0.91511	-0.74008	-0.79894
-1.60134	0.63744	1.33330	-0.83462	0.07910	-0.17333	-0.91497	0.53459	-0.61680	-1.00685	0.45469	1.56483	1.41676	-1.79566	-0.29932	2.03298	1.69576	1.20388	0.91450	-0.15862	0.56570	1.36023	-0.00504	0.21197	0.23614	0.64712	1.03854	-1.40293	-0.06192	-1.33895	0.62208	-0.23915	-0.72521	-0.03698	1.21405	0.41868	0.68155	2.48027	0.93810	0.39923	0.00975	1.06582	-0.08420	0.32642	-0.77279	0.13297	-0.15479	0.89138	-0.46759	-2.08913	-1.38962	0.71043	-0.28124	1.30061	-0.55075	0.76717	0.95776	0.68148	0.67098	0.42916	-1.44325	0.58986	-0.56824	0.89528
1.27975	0.39884	-2.53866	0.47917	1.19974	0.66889	0.12154	-0.67775	-0.10053	2.21102	-0.00590	-0.55605	0.80619	-0.82309	1.71947	-0.90230	0.60903	-0.59894	-0.57633	2.00832	-0.04830	1.35114	0.37359	1.29032	0.37041	0.91632	1.60150	-0.37607	2.31934	-1.60332	-0.67402	-0.33591	-1.18057	-0.86138	1.52917	-0.25384	-0.15511	-0.56282	-0.63612	-0.17521	0.28101	0.54746	-1.08210	1.27721	0.57980	0.20400	-1.15741	-0.30765	-1.28975	-0.98373	1.05733	0.84264	-0.27517	0.56458	0.26349	2.05575	0.82616	-2.60139	0.90704	-0.12514	-1.58382	-2.10704	-0.77887	-2.21815
-0.34503	0.78671	0.95068	0.95415	-0.37218	0.73649	1.01317	-0.03386	1.14826	0.50830	-0.79712	-1.19451	0.13893	0.91329	0.69809	-0.48615	1.28415	0.53266	-1.11771	0.76978	1.40587	-3.94912	-0.71416	-0.27907	-1.19193	-0.33680	1.38115	-0.05832	-0.25579	0.34655	-1.72180	-2.16712	-0.14670	-0.68545	-0.71824	-1.03151	0.71277	-0.28134	-1.60216	0.30369	0.27399	0.87425	-0.34060	0.20647	-1.38304	0.22435	0.81390	-0.46130	-0.77224	0.91650	-0.82775	1.41788	1.71680	1.65941	1.64968	-0.64898	-1.47807	-0.71619	-0.56140	-0.18110	0.66445	-1.23133	0.07505	0.64870
1.34683	-0.30750	-0.22318	-0.94756	1.55360	-0.22830	-0.80251	0.66824	0.13969	-1.32353	0.16569	0.17275	3.12800	1.26606	1.82723	1.14877	0.90585	2.52153	0.64199	0.33204	2.09900	-0.81257	-2.02450	1.72659	0.03441	1.34610	0.94854	-0.51800	0.52192	-0.14405	-0.76063	-0.17928	-0.93046	-0.62893	0.01827	-1.38160	1.13621	-0.13676	0.48264	-1.39794	-1.69024	0.26339	1.76545	2.29598	0.48181	-1.89177	0.18669	-0.36143	-0.12727	-0.61633	1.06817	0.17650	-0.00729	1.20522	0.33559	-0.57715	-1.53294	-1.19617	-0.00172	-0.56709	-1.21472	0.19402	-1.23618	-0.31121
0.14530	-1.01149	-0.63604	-1.76815	0.77442	1.35848	0.75076	-0.04495	-0.37078	0.17184	-0.37859	0.44152	0.92754	-0.36380	-0.42690	1.01646	-1.50291	0.65249	1.41185	-0.36104	1.21862	0.79197	0.41844	0.43933	0.30917	-0.84604	-0.43063	0.73175	0.59940	0.45470	-0.63936	-0.82172	0.46280	1.10842	-0.43419	-0.69172	-1.38885	0.17835	-0.60073	-1.55209	-0.49149	0.76293	-0.76214	0.43141	-0.10585	2.72932	-0.44074	-1.20276	-1.45882	-1.69491	0.63236	-1.01550	0.51185	-0.87624	0.80967	0.96740	-0.88950	-1.12633	0.16660	1.57603	-1.24895	-0.64156	-0.35533	0.02840
-0.97740	1.11436	-0.24510	1.96225	-1.40312	-1.08919	-1.21465	0.11158	0.11836	-0.12290	-0.67867	-2.78924	-1.62577	-0.52224	-0.78487	-0.21321	0.83109	0.24308	0.70636	0.33053	-0.17901	0.37697	0.43022	-1.92883	0.14252	1.03077	-1.94141	0.56038	0.79666	1.61213	-0.71356	0.98319	-0.69991	1.97299	0.14749	-0.83752	-2.05538	0.04276	-0.74132	-1.67973	0.41537	-0.60922	-0.59659	0.10413	-1.87435	1.27408	-1.16918	2.15201	-1.36028	0.50820	-1.70199	0.32266	0.22928	0.19014	-1.50366	-2.03463	0.62435	-0.20254	0.23034	-0.32748	0.91788	-1.52011	-1.11833	-0.70805
-0.91775	-0.54162	1.63326	0.17353	0.18879	-0.91721	0.86960	0.38974	1.13303	0.56566	1.54173	-0.97220	0.56587	1.01593	-0.60812	1.65671	0.02916	-0.29261	-0.85447	0.49604	-1.98350	-1.16770	0.78019	-0.04497	0.29470	1.01070	-0.49192	1.66248	0.15743	-0.95768	1.77375	-0.43643	-0.20850	0.27594	-1.47991	1.79566	0.69320	-1.30720	-0.96922	0.53547	-0.81675	-1.11306	1.35353	0.09252	0.09243	0.22690	-0.69618	0.93169	0.41099	-0.34084	-0.87386	-0.80226	-0.67167	-0.55870	-0.58144	0.06021	-0.87778	-0.41236	-2.06243	-0.63236	0.90074	2.78193	-0.52064	1.28002
2.54206	0.12076	2.23598	0.61363	0.49395	-0.20674	0.08915	-0.90355	-0.41304	1.96454	0.09073	-0.47130	-1.30620	0.94278	-0.58056	-0.77678	0.77016	0.31468	0.25830	0.01473	-0.18438	1.62405	0.50469	-0.12838	-1.01236	-0.15614	-0.44088	3.21806	2.00441	-0.39085	0.03310	0.22953	-2.19169	-0.70744	0.33633	-0.95984	0.39217	-1.37785	1.60132	-0.08539	2.30944	-1.28497	-1.49281	-0.18259	0.73383	0.71754	1.27554	-1.50281	1.11046	1.60746	-0.08035	-0.45875	-0.12766	1.05451	-1.24916	-0.60462	-0.44008	-0.55793	-0.06428	0.07118	-0.76762	1.44379	-0.39271	-0.07981
-0.16605	2.57549	0.41789	0.48449	0.06502	-0.99295	-0.33363	2.10209	-0.88731	0.36136	-0.52441	-1.56480	0.61158	1.29131	-0.96991	-0.59866	-0.88312	0.67412	0.30142	-1.57235	-0.27208	0.98406	0.82337	0.81403	-0.63345	-2.48097	-0.85622	0.84294	0.39362	-0.25287	0.83583	-0.14541	-0.66804	1.11310	-0.22079	0.87717	-0.05246	-0.14049	0.86203	0.13712	1.46139	-0.00352	2.39323	-1.01348	0.34144	1.20344	1.15664	-0.82273	0.20154	-0.09666	-1.09673	0.54368	-0.59516	-0.34836	0.78963	0.48663	-0.55914	0.50686	0.57836	1.57466	-0.56126	-0.06447	-0.01128	0.41933
-0.91106	0.38187	-0.62176	-1.07084	-0.33586	-1.13059	0.77578	0.38814	1.45594	-1.04443	0.87270	-1.07377	0.95477	-0.09758	-0.65946	0.14331	-0.47976	-0.01077	-1.14203	2.96611	0.57504	-0.56058	-0.39097	0.99120	-1.70774	0.82730	-0.44449	-0.99106	1.34575	0.73003	0.00802	1.82455	-0.60498	-0.69228	-0.11597	-0.64264	-0.83938	0.62030	0.29788	-0.29425	2.07712	-1.46580	1.93447	1.38137	0.12535	-1.33482	-0.73143	0.11893	0.21068	-0.04444	1.10065	-1.57811	-1.01944	-0.33038	-0.33368	-1.49253	1.55907	-0.74719	0.91786	0.06183	1.00713	0.46677	0.37017	-1.45020
2.54458	-0.20624	0.14384	-0.30421	-0.72961	0.21579	-0.74271	1.22281	0.19621	-1.12333	-0.56076	-1.02283	-1.56691	1.26947	0.09151	0.16895	-0.50986	0.13932	1.08145	0.44509	-0.33147	-0.43765	-0.01520	-0.99771	-0.95745	1.16125	-0.81840	-1.28629	-1.33844	0.90516	0.50635	-1.98724	-0.24356	-0.72029	1.63810	0.45746	-0.72517	0.34067	0.44292	-1.48381	-0.52474	0.58123	0.84386	-1.51214	2.66515	0.96156	1.13217	-0.53627	0.57118	-0.36244	1.86519	1.03839	-1.70116	-0.13256	-0.71533	-0.71254	-0.72317	-0.97911	-3.15151	-0.23244	0.24938	-0.32597	1.61321	0.76587
0.77816	0.02320	1.02436	1.65172	-0.72788	0.27592	1.86722	0.14165	-0.33770	-1.15570	0.85019	0.10191	-0.56092	1.30724	-0.29523	0.45928	-0.18786	-0.15936	1.83317	-0.51676	1.44605	-0.44468	-0.41534	-0.29712	1.33131	-2.75233	0.60389	0.41249	0.16197	-2.16815	-0.80155	0.63084	-1.16285	-1.48425	-1.35751	0.34748	-0.57378	-0.45734	1.25619	-0.26616	-0.46769	-1.40827	1.71237	-0.28365	0.32735	1.10203	-0.50513	0.51600	-0.98587	2.98838	0.11776	0.86672	2.59251	-0.11796	-2.24226	1.61709	-0.71954	0.00203	0.68625	-1.04701	-0.95654	0.31329	0.22186	-0.27894
-1.14052	1.21056	0.72266	-1.61126	1.14789	0.20161	-0.23343	0.08819	-1.78268	0.80396	1.18268	0.64209	0.99476	-0.04525	0.07542	1.09397	-0.64470	-0.19157	-0.72952	-2.17966	-0.68170	0.75596	1.75162	0.15115	1.44044	1.20329	0.54694	-1.11925	0.65520	1.33591	-1.85878	0.56716	1.76238	0.76731	0.03573	-0.20359	0.28684	1.20877	-0.44213	-1.21590	1.04238	1.00145	-0.08867	-0.14096	3.26173	-0.67655	0.28960	-0.48016	-0.01991	0.88538	-0.50877	-0.46588	-0.52275	-1.07217	-0.59084	-2.25394	-0.40196	-1.33344	0.67353	-1.57449	0.54774	0.59647	-0.63670	0.12219
1.23682	1.39379	1.25789	-0.13778	-0.72367	-1.20459	-0.17902	1.17170	-0.04358	0.94774	0.83416	-1.70096	0.13712	0.78315	0.36787	-0.66598	-0.11345	-0.64853	0.54100	-0.62655	-0.08792	1.40604	-0.00554	-0.96130	-0.39755	0.03147	-2.36692	0.57872	-1.72716	1.25114	-0.17429	1.28914	0.13203	0.57793	0.25223	1.28777	-0.38068	-0.48457	-0.78932	-1.85530	-0.52165	-1.10089	-0.03031	-0.75837	-1.47126	0.26024	0.75980	-0.24188	1.04734	0.81135	1.35032	0.54907	-0.40273	0.25781	0.13407	0.67334	-0.23053	-0.06956	-0.37508	-0.21818	0.25482	-0.87333	0.44959	-0.70407
0.28916	2.09130	0.29304	3.42623	-1.46508	-0.53020	-1.48441	-0.80605	-1.14629	1.47560	-1.00684	-0.97474	-0.18051	-0.72016	-3.30794	1.54127	-1.51028	-1.37041	0.00847	-0.30453	0.45114	1.66485	1.60208	-1.23618	-0.58184	-1.79942	0.70962	2.03031	-1.14553	-0.27247	0.14553	-1.59051	-0.11076	1.35493	-0.30923	1.30181	-0.51802	-1.53288	-0.71132	-0.43437	-0.16132	0.19798	0.11097	-0.70605	-1.19044	-0.61640	-0.91322	-0.53654	-2.14511	0.72740	-0.43857	-0.00667	-1.57462	1.71533	-1.02897	1.42519	0.51937	1.08726	0.00285	-0.98020	0.14336	0.73556	0.62730	0.63397
0.80306	-0.12614	0.56517	-1.47081	-0.50009	1.28704	-0.08268	-0.26446	1.66447	2.30685	-0.61704	-0.88407	0.20452	0.60610	1.26471	-2.45404	-0.10061	-0.35598	2.15070	0.69895	1.37436	0.60832	1.00795	-1.01295	-0.25844	0.65120	-0.77629	-1.56904	0.75411	-0.76088	0.03791	0.53660	-0.88308	-1.15559	-2.18371	0.06564	-1.12390	1.47886	-0.76664	-0.38541	-0.32889	-0.37476	0.86190	1.80394	0.16158	-1.16547	0.48527	0.10029	-1.04749	0.26379	-0.79474	-0.91100	0.09407	-0.42955	1.91579	-0.32975	0.27121	-0.43047	0.27937	-0.06031	-0.77332	-0.17586	1.04849	-0.94064
1.36289	1.54872	0.42216	-0.71972	-0.39293	-0.76974	0.49640	1.20517	-0.75643	1.66268	-0.16950	-0.75361	0.29431	-0.47146	-1.77553	0.68719	-1.57918	-0.78649	0.14701	-1.17049	1.67664	-1.51168	0.38272	-0.84266	-0.01451	-0.72719	0.81770	-2.04055	-0.86887	0.32218	0.35320	-0.94293	0.23171	-1.09974	2.57281	0.05861	-1.28522	-0.30603	0.68228	-0.63205	0.97171	0.96134	0.31948	-1.60405	-0.66321	0.04366	-0.11413	-0.66403	-0.36622	0.08532	-1.41413	0.55910	0.95334	1.64755	-0.22006	-1.37564	-1.75836	0.80361	1.17324	-0.30256	0.46184	-0.36369	0.68818	0.37323
-0.75137	-0.92749	0.23207	-0.93620	1.48285	-0.59437	-0.95261	-0.09388	0.22483	1.21485	0.85469	-0.25978	0.13199	-0.00276	0.12709	1.29066	1.50495	-0.12628	-1.39315	1.05858	-0.47012	-0.73555	1.39645	1.14799	-0.68274	-0.84678	1.62424	1.14474	1.65875	1.11549	-1.58574	-1.16397	0.65786	-0.03207	-0.19968	-0.48748	0.42821	1.57990	-1.13608	0.14420	2.47327	-0.35328	1.50773	1.73597	1.40591	0.99959	-0.92552	-0.82322	1.08302	0.38732	0.20476	0.20257	-0.54148	-0.92019	0.62465	-1.01615	0.87295	1.13271	1.09072	0.43785	1.06014	-0.05619	0.31407	-1.78074
-0.25908	-1.38702	-0.15748	-0.62142	-2.15233	-1.02857	1.48683	-0.09378	-1.85559	1.06698	0.57919	-0.58350	-0.06018	0.04659	0.53261	-0.05495	0.21891	0.75761	1.04429	0.28274	-0.12898	0.87533	0.80249	1.70298	0.67875	-0.25142	1.10084	0.40371	0.11791	-0.54838	1.13148	0.07292	0.00735	0.06023	-1.44741	-1.04528	0.98181	-0.38350	0.15892	-1.43265	-0.86359	0.96721	0.52405	0.23187	1.44128	0.86966	-0.21752	-0.58745	0.50325	-0.16824	-0.49697	0.35272	0.55083	-0.19561	2.04588	-1.19712	0.25176	-0.15880	-0.73572	-0.78414	-2.33135	-2.18471	0.43974	-1.38210
-0.02101	0.29300	0.20412	-0.86519	-0.22678	0.20793	0.01813	1.19205	-1.13050	2.53255	-2.56293	-1.03599	-0.64915	0.45216	-0.60784	-0.47940	1.24084	1.22555	0.44478	-0.19089	-0.08055	0.13553	-0.87552	-1.30580	-0.92157	-0.29914	-0.14102	0.14953	-0.83723	-1.14552	-0.52179	0.69493	1.05515	0.49277	0.94893	1.31569	0.09046	-0.52300	0.31012	-1.79531	0.99294	-0.19206	0.53416	0.81146	-0.07696	-0.13732	-0.20023	2.07976	-0.57026	-0.67081	-1.12371	-1.62448	1.60787	0.34440	-1.02094	-1.30612	0.53820	0.36481	-1.33589	-0.22311	-0.07686	-0.14751	-0.13382	-2.30802
0.24593	0.36928	-0.58016	0.34200	0.54348	0.62594	-0.61140	-0.15472	-0.55530	0.88820	0.14174	-2.73037	0.07164	1.00158	-1.72044	1.01761	0.54007	2.34834	-1.42012	0.35358	-0.75557	0.64548	1.22132	0.51618	0.71367	1.15107	1.69718	-0.63123	0.50651	-0.32100	0.99355	-0.91200	-1.47571	0.57204	-0.79094	1.02337	1.03839	0.89822	1.38534	0.45702	0.27345	-1.86698	-1.54932	1.27440	-0.77452	0.09554	0.15160	-0.29554	0.87836	1.06353	0.74337	-1.00232	1.02461	1.50668	-0.18816	0.48804	0.25205	-0.67520	-0.64947	1.39170	-2.93014	-0.95564	0.17150	0.36766
0.65431	0.13842	-0.19740	-0.91501	-2.05985	1.43710	-0.32439	-0.99013	0.83962	0.81170	-1.10624	0.59976	1.99297	0.12245	1.44045	-1.14994	1.23082	-0.18966	-0.63701	0.38109	0.16548	-0.09898	1.53082	-0.50528	-0.13270	0.80413	-0.09703	0.13249	-0.10469	-0.99180	0.73631	1.25560	0.63066	-0.11131	-0.99736	-0.76061	1.61546	-0.95958	1.18848	-0.49843	-0.86216	0.17157	0.75220	-0.59425	0.30337	1.67974	-0.38664	0.95629	1.62627	-0.93632	0.41605	-2.74186	0.28028	3.09866	-0.62568	0.45113	1.59107	0.55525	-0.79640	0.48345	0.04945	1.47301	-0.17508	-0.33755
-0.85504	-0.22675	-0.70739	-1.52890	-0.06277	0.91462	2.90395	0.49901	-2.15439	-0.33529	-0.63622	0.74437	0.16827	-0.06654	-1.45422	-1.58433	-0.25712	1.36208	0.08203	-1.12139	-0.47307	-0.89558	-1.45341	-2.18730	0.07310	-0.66689	1.19024	0.27655	0.56305	1.63774	-1.97193	-0.39337	1.88660	0.28987	0.84715	0.75766	-0.78307	-0.67343	0.03602	-1.07592	-1.03296	0.26539	0.21899	-0.88156	1.50448	1.75945	0.37698	-0.38556	1.31984	-0.00373	-0.15513	0.62899	1.19710	-0.36853	0.23848	-1.21917	-0.33066	-0.58059	-0.49213	1.06865	0.70930	0.32316	0.70096	0.58028
-0.82831	1.10050	0.82229	-0.55132	-1.06802	1.03360	-0.22219	1.44894	-0.08857	-0.75198	1.11988	-1.38849	-1.63257	1.72869	-1.09810	-0.47975	0.29917	0.65186	-0.20148	-0.53306	0.43288	0.61552	-0.54153	-0.38840	-0.36006	-0.73103	-1.85487	-1.26748	1.67810	0.33769	0.02453	0.53660	1.59574	-0.76092	1.62849	-1.31096	-0.07100	0.08422	-2.36046	-0.84543	0.19406	-0.38827	0.99808	2.02147	-0.73299	-0.35907	0.19721	1.40622	0.66703	0.26153	-0.28572	0.34789	-0.61642	-0.81705	0.99238	0.14270	-1.37418	-0.80884	0.51454	-0.29307	0.53790	-0.95640	-1.32798	-0.35109
-0.86816	2.65427	-0.46923	0.49052	1.51614	-0.82139	2.15331	1.07880	-0.82803	-1.40335	1.77067	-1.61870	-0.26832	0.88779	-0.11172	-0.42688	0.71929	1.05377	-1.11260	0.27979	-1.17865	0.34093	2.33533	-0.76734	-0.19849	0.00422	1.66869	-1.21005	1.33144	-0.21053	0.19234	-0.60727	2.36189	0.60296	0.68344	-1.43080	-1.61719	-0.17362	-0.24093	-0.88331	-0.77019	-0.26127	0.03110	-0.18684	1.57604	0.73310	0.58084	-0.12516	0.33273	-0.22493	0.43032	-1.01994	2.11849	-1.10078	0.94708	-0.24498	0.39815	0.79559	0.24902	0.03426	0.35950	-1.70464	1.15819	0.44800
1.52369	-1.07865	0.66535	-0.95419	0.49957	0.37602	-0.87777	-0.48648	0.83472	-1.02451	0.54302	0.61557	0.84030	-1.51525	-0.58242	0.64465	0.40760	-0.40994	-1.06213	-0.49494	0.09384	-0.12242	1.66671	0.63018	2.58201	1.35877	-0.72568	-0.48280	-2.30349	0.08698	-0.06119	0.02175	1.45011	-0.29711	1.32979	1.57809	-0.16444	1.53389	1.06339	-1.36955	-0.15787	0.45131	-1.99606	2.39713	-0.23907	0.45247	-0.55430	0.40265	-0.92190	0.19601	-0.39356	-0.31304	-0.22921	1.34460	-0.54127	0.00431	-0.67223	-0.15845	0.01352	0.78232	0.63723	0.48196	-1.02562	0.16953
1.28153	-0.46796	-3.01478	-1.01403	0.50229	0.62059	-0.27085	-1.42790	-0.19515	2.09911	1.79575	1.62727	-0.52933	0.00151	-0.55109	-0.91767	1.56539	0.61506	-1.41227	1.13119	-0.35309	1.44410	0.01906	0.15409	0.96144	-0.83831	0.36566	-0.26045	0.84141	0.94659	0.61503	0.72772	-0.65144	0.67761	-0.53557	-1.22876	0.29073	0.18082	0.12271	-1.64681	0.68146	1.52509	0.44120	-0.46533	-0.13887	0.43062	-0.45778	-0.78773	0.21739	0.39056	1.23660	1.26926	-0.00399	1.87508	-0.63183	0.16735	-0.57291	-0.38526	1.28672	0.58711	-0.52232	-0.35312	0.00974	2.17603
-0.30114	1.85905	0.19405	0.12411	-0.73379	-0.43489	0.03037	0.00716	-0.42599	0.38187	0.04097	0.60808	0.80123	-0.94887	-0.71170	1.64960	-0.59638	-0.11924	0.07292	-2.23085	-1.18144	-0.73658	0.71101	-0.16699	0.91790	-1.49194	0.29021	0.44807	0.88727	0.73739	0.22311	-1.44488	-3.53757	0.72418	0.39912	-0.00478	0.04858	-1.37390	0.99689	1.05213	0.75286	0.33994	-0.91523	-0.12937	-0.38102	1.89211	-0.37118	1.86584	1.41507	-1.64076	-0.89439	-0.63485	-0.40958	0.20081	0.37683	-0.45859	0.08538	0.79392	-0.07147	-0.73584	-1.03508	-0.13590	0.92136	-0.83726
0.42400	1.48413	-0.65203	1.04054	0.30532	0.25191	-1.71507	-0.84753	-0.40394	0.80088	-0.49203	0.05142	1.08128	0.15611	-0.47165	0.41467	-0.80968	-0.37824	-0.04345	-0.07545	2.06099	-1.62435	-2.26570	-1.26421	0.32685	0.62878	-0.59549	0.04424	0.62595	-0.29226	0.82166	-0.83725	-1.44503	0.21944	-0.77883	-0.98224	0.37492	-2.11255	1.46837	-0.06770	0.78751	0.70836	0.13703	-0.66870	1.30716	-0.24312	0.26165	-0.39106	-0.99223	1.24687	0.31314	0.26862	0.99570	0.44375	-0.06433	-0.04962	0.89026	-0.11262	0.69795	-0.63860	0.00379	-0.28600	1.11013	0.10717
1.84185	0.53336	-0.02946	-1.24334	-0.23100	-0.63860	-1.69492	-1.19521	-0.97769	-1.15320	0.80345	0.11478	-0.64732	-3.11677	1.15898	-2.21189	-1.98619	0.10507	-0.10849	1.17093	-1.60890	0.32043	0.96273	-0.16147	-1.58040	-1.62760	0.01595	-0.16253	1.48541	-1.91575	-0.86634	1.49907	0.17232	0.87533	-0.71634	-0.30905	0.78728	1.07290	1.62766	0.19031	-0.42437	-0.47704	0.59238	0.33747	-0.39330	0.23558	-1.23850	-2.14006	0.14831	-0.03281	0.79449	-0.60131	1.43017	0.19005	-0.03902	0.77978	0.53192	-0.51177	0.87750	1.64953	0.45644	1.34323	-0.13206	1.63173
-0.68664	-0.53206	-1.07129	0.86778	1.42436	-2.47026	0.17678	0.95829	0.48244	0.47399	-1.52671	0.51670	-0.11277	-1.44699	-0.15297	-1.34994	-1.43852	-0.20313	-1.00785	0.06676	1.79012	-1.95685	0.24319	-0.08948	-0.11614	-0.37959	-0.87208	1.68278	-0.00968	-0.76299	2.27051	0.13585	0.56512	1.11911	-0.55705	0.63529	-1.66146	-0.41524	0.50360	-0.96930	0.54303	-1.65666	0.07037	-0.90368	2.03464	-0.12993	-1.31485	0.74757	1.13822	-0.00576	0.36100	0.02834	-0.15160	-0.47423	0.97235	-0.71393	1.39204	0.21242	0.41989	0.56196	0.59615	1.22332	1.59157	-1.10409
-0.34811	0.23982	0.05447	0.35390	1.10212	1.29731	-0.45162	-0.50730	-0.48491	1.25987	0.45509	0.30912	-0.74954	-0.63590	1.08749	0.07875	0.11874	0.21989	0.50436	1.43509	0.78110	1.13745	0.33196	0.25298	0.08064	0.91479	1.27583	-1.79300	1.94315	0.36157	-0.37140	0.84317	-0.53386	0.52923	0.58706	-0.83026	-1.29209	0.25417	-0.42146	-0.50529	-0.91598	-0.35549	-1.03721	-1.76917	-0.88565	0.23509	1.25092	-1.56130	-0.00148	-1.36867	-0.29911	-0.45810	-0.70484	0.48078	-0.68938	-0.11251	1.08779	-0.70979	0.27462	-0.40430	0.67031	0.67473	1.05738	0.82433
0.50163	1.52383	0.23175	-0.25147	0.72229	0.00834	0.30546	0.25836	0.29129	2.05436	2.57139	1.57225	0.86203	-0.77893	0.26416	0.23747	-0.25307	-0.28094	1.23766	2.12264	-0.25891	-0.40622	-0.34091	-0.25593	-0.03696	0.26226	0.70598	-0.54997	0.07839	-0.86255	2.50914	-0.22454	-0.69904	1.08648	-0.63620	0.67660	-0.28815	0.91165	0.92008	-0.10926	-0.51454	-0.60925	0.58538	0.93936	-1.95306	0.26879	-0.27373	0.03900	-1.41520	0.47701	0.92955	0.68067	1.04892	-1.32483	0.72261	0.23023	-1.09091	-1.46627	-0.60704	-0.01443	-0.29481	-0.78737	-0.67192	1.07523
-0.12397	0.13870	-0.70114	-0.36909	-0.47184	-0.24080	0.14609	-1.47793	0.28776	-0.06490	-1.18411	1.00750	-1.31700	2.08103	1.62843	-1.54473	0.74491	0.35186	0.14882	-0.47446	-0.53560	-0.25811	0.24910	-0.74286	-0.10639	0.59728	1.87351	-1.77970	-1.35818	-1.15423	1.85933	-1.15605	-2.08465	0.18955	-0.89527	-1.20997	-2.28962	-0.29965	0.10948	-2.62017	-2.05164	0.33700	0.45255	-0.94127	-1.09457	-1.00590	0.44037	0.03974	0.87701	0.77946	-2.04672	-0.04453	0.05762	0.26870	-0.71281	-0.60806	-0.24756	0.24133	-0.02684	1.53656	-1.58571	-1.43664	-1.28182	0.34778
0.55886	-1.50083	-1.28608	0.02965	-0.13289	-1.05029	-0.05674	-0.24029	0.25271	-0.10026	-0.44715	-0.85392	-0.32780	-0.61683	2.22798	-0.60967	0.33612	-1.09339	-2.27552	-0.35124	-0.34995	-0.42826	-0.49259	2.25478	0.49275	-1.35545	0.08169	1.76285	-2.00950	0.94189	-0.29023	-0.28608	0.37780	-0.03074	-1.50654	-0.21636	0.05537	1.48408	-1.21935	-1.39429	0.26166	-0.60264	1.20548	-1.81029	0.86554	1.48814	0.47986	0.41972	0.89813	1.03160	-0.75140	-2.60982	-0.49478	0.70006	0.70885	1.20984	-0.85561	-0.02662	0.43642	-3.73033	0.04018	-0.59732	-1.84907	-1.70607
1.05686	0.38350	-0.25120	0.21489	-0.21320	0.27422	-0.90101	-0.68488	-0.52488	2.87618	-0.82307	1.19420	-0.35548	-0.14206	0.73377	-1.72466	2.06579	-1.13867	0.95943	0.19006	1.26347	-0.02147	0.69896	-0.25487	-0.96114	0.38110	0.66810	0.36651	-0.70927	1.06411	-1.56724	-1.42002	-0.12678	-1.79393	1.92046	-1.30706	-0.49389	1.86444	-0.76390	-1.77473	-0.03805	1.66047	-0.68852	0.19902	1.47522	-0.66643	0.16063	-0.19356	0.56473	0.48500	0.98515	1.26200	0.39620	0.73498	-0.57047	0.81831	-0.63453	0.10204	1.73071	1.64286	-0.26306	-0.58753	-1.24968	-0.65324
0.56840	-0.81852	0.05083	-0.34025	2.04219	-0.98044	1.16635	1.04111	2.04655	-0.54000	-0.01669	1.28791	1.57137	2.44306	0.52849	-0.21140	0.47651	-0.34688	-0.25062	-0.19006	0.66972	0.25622	-0.78172	-0.93709	1.20344	-0.85236	-1.15745	0.86433	0.34183	-0.48544	-1.40013	-0.82141	-1.67579	-0.32684	1.49390	0.82729	-0.41089	-2.33659	0.84185	0.65591	0.66052	0.30905	-0.21031	0.28537	0.95851	-0.05897	1.12212	1.19079	-0.10518	-0.58134	-0.05051	1.55508	-1.15137	-1.44336	0.26611	0.12212	-0.80401	-0.00946	-0.83355	0.54933	-0.23880	1.67606	1.38430	-1.00272
-1.15784	-0.46350	0.89273	-2.49810	-0.05338	0.63999	-0.57515	-1.74303	0.67112	0.33893	-0.61725	0.41800	0.65916	-0.22424	1.39107	1.58381	-1.35525	0.68508	-0.49177	0.26723	0.48972	1.54900	0.65862	-0.45086	1.85061	-0.66623	-0.05324	-0.01187	1.28806	0.29673	-0.72461	0.47498	-0.39677	-1.05593	-1.46672	0.87655	0.37804	-0.86646	0.15222	-2.13129	-0.15070	0.85782	0.63190	0.52017	-0.67456	0.61059	-0.03003	0.34930	-1.19096	-0.38412	0.99112	1.35465	1.69685	-1.44452	0.70261	-1.47556	-1.30098	0.89368	-0.89565	-2.46227	1.21367	-1.38828	0.71584	-1.05857
0.34741	-0.39019	0.22863	0.40467	-1.20770	2.24624	-0.53605	1.61217	0.03747	-1.20137	-0.12569	2.67627	-0.03426	-0.00045	-0.00198	0.84930	0.19729	0.59927	-0.00111	1.65859	0.70694	1.58467	-1.28334	0.78106	0.18915	1.02336	0.87746	0.14447	-1.26023	-0.05095	0.74024	2.49691	-0.23208	0.15737	-1.75946	0.92335	-0.34891	-0.13541	-0.52367	0.38089	0.88770	0.89844	-0.22059	-0.70482	-0.21771	-1.20396	-0.00173	0.63728	-0.06305	1.93406	0.48268	-0.16871	0.42704	-0.60676	1.23571	0.26418	0.48656	-1.34272	-0.82359	-0.17855	0.11341	-2.76262	-0.67428	1.21796
0.56282	-0.24225	0.11819	-1.09354	-0.71074	0.38344	1.12915	1.45103	-1.08236	-0.34560	0.94612	0.43197	1.40928	0.54710	-0.27629	1.66108	0.09476	-1.31630	-1.37221	0.89266	-0.58634	-1.98870	-2.61308	1.47430	-0.14827	-0.24099	0.57788	-0.18100	-2.25132	0.97171	-1.99946	0.34932	0.02096	0.18470	-2.40496	1.39881	0.87362	0.04082	-1.99211	-0.59449	0.94217	-1.28274	0.87907	-0.40508	-1.81151	0.86774	-0.54819	0.78134	-0.32173	-1.53816	-0.33897	1.52781	1.49572	0.15175	-0.36162	1.50360	1.09775	0.22215	1.41503	1.21472	1.49558	0.64629	-1.43675	1.74247
1.19550	1.69906	-0.19555	-0.19299	-0.32570	1.12553	1.47172	-1.75236	-0.77578	-1.19361	0.77647	-0.12817	0.21484	-0.66132	0.85784	-0.03651	0.74149	-0.57619	-0.53604	-1.67869	-1.32266	-2.31659	-0.46603	-0.45580	0.25731	0.31257	-0.89544	1.20310	-1.83621	0.69815	-0.33785	1.86322	-0.39538	0.40652	-0.06952	1.44663	1.75416	1.42106	-0.85600	0.72189	-1.18319	-0.78516	0.47127	-1.43458	-1.27626	-1.49706	-1.12281	0.25474	2.07231	-0.36314	-0.50897	0.51070	-1.99453	-0.67340	-0.52237	-0.44695	0.00658	-1.08706	-1.23226	-1.39676	0.14410	-0.89553	-0.84380	1.36808
-0.75496	0.51469	-1.54646	-1.22023	0.25296	-1.11537	0.66265	0.83319	-1.27282	1.07463	1.68619	0.05071	1.20671	-0.16917	0.09450	0.09559	-1.10812	0.50423	-0.31026	-0.66335	-0.60273	-1.13968	0.52499	0.45954	-0.25319	-0.53543	0.71175	0.50635	-1.04460	-0.58804	-1.37267	2.82761	1.37273	1.74659	-0.70946	-2.35367	0.99590	0.76220	-0.75212	0.40169	0.02657	1.09556	1.41934	0.17476	-0.41479	0.47626	1.16294	1.12292	1.59111	1.21479	0.75124	0.39500	0.09302	1.25036	1.21610	-1.53742	-1.30241	-0.48732	-1.50258	-0.90526	1.00225	-2.32277	0.01122	-0.62539
-0.16661	-0.32934	1.00439	-0.17321	0.01118	0.21948	-0.88897	-0.01541	2.38618	0.93657	-0.27447	-1.02068	1.40790	-0.79976	0.37735	-0.34744	-1.66332	0.55003	0.69850	1.68768	0.01031	0.28815	0.13263	1.60782	1.66161	-0.90044	-0.78996	2.67169	-0.60621	0.25954	1.09985	1.59176	-1.07340	-0.87033	-0.59618	0.07926	0.36348	-0.49203	-0.03190	0.22009	-0.40869	-0.39648	0.93936	1.01814	-0.70471	0.05683	0.37482	0.12142	1.94685	-1.78302	-0.25632	0.18913	-0.44669	-0.89221	1.03901	-1.12391	0.86854	0.46945	-0.57894	-0.65218	0.43643	-0.22343	-0.48104	0.98832
-0.18744	-2.23521	0.36866	0.41932	-1.64816	-0.80701	-1.06371	-0.00992	-0.50211	-0.58233	-0.40489	-1.46661	0.13397	1.40501	-1.97463	1.85395	-1.33795	-0.49688	-0.31065	1.12491	-0.68092	-1.25051	-1.44182	0.66737	0.45611	0.92934	0.30386	1.09805	-0.88132	1.63552	0.47527	-0.42878	0.77661	-0.40025	-0.34813	-2.04288	1.74620	-0.10633	0.63415	0.33087	-1.10371	1.42062	-0.99451	-1.18202	-0.93815	-1.30247	-0.20232	0.62001	1.33408	-1.48440	0.16228	0.10930	2.57939	-0.33035	1.53307	0.69826	1.23846	-0.84131	1.46866	0.35299	-1.20613	-1.27428	-0.73399	-0.60256
-1.46287	1.26285	0.05495	0.25410	-0.95627	-0.50446	0.35691	0.77082	-1.26361	-0.42070	-2.42513	1.23579	-0.81317	-0.08373	1.45820	0.89176	-0.02817	-0.75846	-0.54606	0.80733	-0.05824	-0.07621	1.30393	1.14142	-0.99993	0.44607	-1.24090	-1.35719	1.36153	-0.81011	0.44234	0.00321	0.31620	2.13152	0.71956	1.00076	-1.68606	0.38062	1.06530	0.01140	0.94332	-0.37211	0.15828	-0.81467	-0.50362	0.72790	-0.64383	0.26266	-1.14565	0.15455	0.37340	-0.73405	0.09982	1.61536	-0.47627	0.37213	0.81961	0.71293	-0.65830	1.19835	-0.26438	-1.04081	0.31443	-0.07947
0.65092	0.06173	1.14270	0.11845	1.70476	1.66877	1.09130	-2.24046	-0.22027	2.05283	-1.70799	1.43182	-0.95078	-0.12395	1.02590	0.80612	-0.82498	-0.92908	-0.31087	0.57889	1.28946	1.89090	-0.95656	0.01575	0.32178	-0.84599	-1.49225	0.98056	0.98714	0.48317	-0.30422	0.71509	0.57675	0.62623	1.90979	0.03864	-0.91410	0.92059	-0.46369	0.14673	0.60768	-0.52028	0.81771	-1.11338	-0.28996	0.12664	-0.60952	0.21959	1.90243	0.79260	-1.26140	-0.13706	-0.44947	-1.43130	-1.14913	-0.66243	-0.09954	2.37113	0.20138	0.47212	-0.04694	1.09358	-1.05271	1.12227
-0.74868	0.45906	2.65073	0.96020	-1.95015	0.33870	1.04606	-0.91964	0.03178	0.30963	2.26789	0.13289	0.16221	0.30454	0.91029	-0.40699	1.64916	0.01734	0.71649	-1.03826	-0.90728	-1.31102	-0.10155	0.73233	-0.07524	-0.00897	-0.26751	1.32704	0.57484	0.74927	-0.23915	-0.15535	-0.16708	-0.05633	-0.01666	-1.75183	-2.01874	-1.13528	1.40773	-2.52628	0.59942	0.31855	0.57123	0.31625	0.43024	0.29933	-0.74300	1.25276	0.38443	-1.42392	-0.73366	-0.97595	-0.30647	-1.90093	-0.95359	-0.48742	-2.20660	-0.59879	-0.38556	0.50401	-0.48859	-0.47627	-0.03086	0.75525
0.06530	1.23644	0.33880	1.64785	-0.54635	-1.27025	-0.17609	0.96745	-0.54781	-0.09043	0.05778	0.25989	0.51795	-0.52944	1.06387	-1.32578	-1.89670	-1.40669	1.67388	-0.00149	1.19888	1.55174	-0.48857	-0.37967	-1.16163	1.01196	-0.78144	0.08121	-0.59220	-0.79296	1.85550	0.15163	-1.81685	2.12349	1.38642	-2.07473	0.83625	-0.24262	0.91509	-0.81928	0.71910	0.32731	-0.00981	0.74978	-0.55297	-0.71290	0.02726	-2.00430	-0.51237	0.20912	1.27480	2.25704	-1.13421	1.81443	0.23181	-2.37300	-1.03032	0.57662	-0.78005	0.50779	0.70595	1.15575	-1.16971	0.27461
0.59381	0.00326	0.88141	0.18010	-1.45692	-2.37993	1.04525	0.44290	0.31130	0.80325	-1.14001	1.00654	0.72298	-0.34939	0.45399	0.24433	0.75642	0.66286	-1.49347	0.99923	-1.28939	0.37244	0.99685	0.11300	1.55821	0.53692	-0.06710	-1.28879	0.23286	0.12596	0.21360	0.35604	1.07089	0.56228	0.53462	0.25453	0.32377	-0.70338	1.55908	-0.35134	-0.11865	-0.17327	-0.57452	-0.87242	-1.00552	-2.08861	-1.74515	-0.44285	-0.09799	0.30289	2.09950	-0.21243	-1.50648	-1.01610	0.12909	-1.47079	0.03399	-1.04053	-0.29547	0.94355	-0.44200	-1.38843	2.30435	0.73324
0.41574	1.18159	0.50114	-0.23273	-0.92336	-0.51595	-0.46426	1.47254	-0.31090	0.17936	-1.33590	-0.66162	-0.18167	-0.48634	-0.17162	-2.19029	0.87429	0.04646	0.60464	0.20208	0.60595	-0.82924	-1.62364	-1.54605	-0.49642	0.29222	1.25344	-0.71649	-0.87460	-1.01028	-1.54963	0.17034	-1.17094	1.30295	0.04251	-0.04803	-1.14381	-1.15093	0.17633	-0.96318	-0.28642	-0.72093	0.82130	0.12275	-0.82175	-0.56337	0.47460	-1.50314	-1.03636	1.16555	-1.06454	0.82839	-0.44043	1.22879	0.91638	-1.08813	1.24627	1.11555	1.92414	1.09127	0.22312	-0.85611	0.18215	1.82930
2.25431	0.82574	0.38201	-0.54499	0.82501	0.56002	-0.45934	-0.30946	0.96799	-0.01183	0.13443	0.08688	1.00200	0.04011	-0.18946	-0.49214	-1.40622	0.05226	2.33915	-2.10987	-1.32153	0.87773	0.79231	1.72199	1.09421	1.02556	-1.15706	0.66987	-0.30729	-1.10687	-0.76697	1.65002	-0.08267	0.63733	-0.32128	1.56356	0.62855	1.33577	-1.10794	-1.76405	0.82088	-1.32657	-1.30115	-0.16576	0.17121	0.27918	-0.34709	-0.29238	0.48811	1.22394	0.28431	1.63188	0.68554	-1.25996	0.77377	-0.64057	0.00833	-1.88448	-0.22968	-0.08314	-0.42422	-0.98672	0.90434	-1.42182
-1.22104	-0.65566	0.78782	-0.26604	-0.69613	0.23684	-0.36805	-1.08524	0.26144	1.57802	-0.51599	1.15613	0.57004	0.21182	-0.36554	-1.94926	-0.16366	-1.69653	1.84640	-1.26816	-0.31002	0.16134	-0.13010	-0.04562	1.49180	0.31195	0.39780	-0.83710	0.94520	-0.12175	-0.68248	-1.30695	-1.05992	0.93334	1.55077	-1.28663	-2.41369	-1.68450	0.27704	0.07545	1.26045	-0.81759	1.59263	0.89121	-0.41795	0.80368	0.03743	1.83424	-1.33045	-1.09797	1.27050	-1.56228	-0.67387	0.62884	0.00747	-0.72353	0.22516	0.34414	-0.05656	0.53745	1.65112	0.53254	-1.24248	1.47115
0.08602	-0.84800	-0.86318	-3.21955	1.40698	0.53843	0.79988	1.56503	-1.18224	0.11824	-0.13827	-0.03075	-1.00530	0.46936	-0.24644	-0.24634	-0.14763	-0.73897	2.46936	-2.12375	-0.65504	-0.74126	-0.49669	-0.14752	0.10881	-0.38357	-1.02069	-0.21832	0.92667	-1.37513	-0.40898	0.57029	0.86490	0.65162	0.86461	0.29977	1.66810	0.66071	-0.98474	-0.41895	-1.17687	-1.30649	0.07374	-0.51417	-0.86545	-1.11712	0.26387	0.26727	-0.84333	-0.72515	0.11408	0.30503	0.96460	-0.77018	-0.91400	0.31965	0.15485	0.24276	1.25099	0.18550	0.30935	-1.05507	-0.06961	-1.56976
-0.08853	-0.05531	0.38681	-1.93123	0.04589	0.89121	0.52689	-0.87781	0.24810	0.24316	-0.14405	-0.77798	-0.45348	1.62423	-0.71304	-3.05277	-0.80487	-1.35175	0.68307	-1.85912	1.53539	0.00150	0.83530	-0.25423	-2.04688	-2.01958	-1.42022	0.39466	-0.35531	-1.18981	0.49448	-0.93900	0.40536	-0.59904	-0.50787	0.39926	0.10953	-2.37633	2.83871	-0.28022	1.10167	0.01604	0.12545	-0.40178	1.73370	-0.49499	-0.16717	-0.65926	0.09725	0.97878	-0.79138	0.40016	0.68890	-0.20258	-0.46006	0.52592	0.18607	-1.62928	-1.26465	-1.32536	0.85555	-1.16269	0.91227	-0.36543
0.12267	1.34817	-1.51900	0.23273	-0.26647	-1.02777	-0.08389	-1.00664	0.94710	-0.63750	0.69998	-0.12931	0.06817	0.35977	0.51243	0.12076	1.31646	0.03872	0.13726	0.73207	-1.45382	1.02763	-0.57337	0.57930	-0.86215	-0.59784	1.88104	-0.13728	-0.75845	-0.00211	-0.71638	-0.90421	0.52390	0.79440	-0.01590	-0.90961	0.58455	0.82124	-0.49703	-1.45516	0.68104	-0.97708	0.32388	0.16220	1.60963	0.28310	-0.26140	0.97632	0.81150	0.12155	1.94340	0.74530	0.59047	-0.82206	0.54876	-1.39045	0.33396	1.55653	0.16375	-0.53962	-0.44445	-0.97020	-0.65851	-0.44768
0.08581	0.31149	0.71712	-1.06938	1.53908	-0.16663	0.06080	0.44332	-1.10020	0.08476	-0.49562	0.08635	-0.80277	-1.66458	-0.20084	0.39894	0.60420	1.05478	0.68615	-0.38623	-1.05518	-0.63015	-0.86567	0.82667	0.10611	-1.96910	0.72847	-0.57802	0.12756	-1.06037	1.40942	-0.09886	-0.82094	-0.66676	0.77173	1.25076	0.84896	0.55910	-0.31342	0.20128	-1.28611	0.37243	0.46989	-0.07244	-0.29331	-1.27882	-1.56361	-0.43097	0.91144	1.10321	-0.36686	0.26019	-0.46476	-1.58552	-0.07711	-0.17880	-0.25025	1.12010	-0.94325	-1.50024	-0.48197	-0.59879	-0.33905	-0.09091
-0.90801	-0.14077	-0.86075	1.80383	0.35816	0.28780	-1.51165	0.35234	0.68690	-0.71601	-1.33862	-0.98984	-0.75826	0.30037	0.16453	0.33116	0.41879	-1.15139	0.52070	0.81138	-0.60340	1.92654	1.13709	-1.79072	-0.76286	-1.07255	-1.23829	1.07347	-0.51430	-0.01390	-0.34289	1.12533	0.29226	-0.20402	-1.05196	-0.19900	-0.34544	-1.06247	-0.53907	-0.14563	0.29662	1.81344	-1.10525	-0.28067	-1.57232	-1.13437	0.86737	0.97729	-2.33343	-0.86867	0.21795	-0.77538	1.12519	-0.30527	0.14493	0.87201	-0.74767	0.95916	-1.74540	0.41612	-0.98393	0.22569	0.95868	0.57858
-0.13442	0.28895	-3.12362	-0.70970	-0.34219	-0.33971	-0.64593	1.26457	1.53615	0.55260	-0.09157	-1.01289	1.92379	-0.48242	-0.16520	-0.73797	-0.99843	-0.72668	-0.89316	0.57742	-0.27237	1.02756	0.25976	0.05438	-0.50163	-1.63971	0.42279	-1.88916	0.54696	0.02797	0.18158	1.21109	0.82010	0.15994	0.58325	-1.23942	0.51723	-0.83910	0.01766	-0.99625	-3.06437	-0.36618	-0.28479	-0.48447	0.08634	-1.35027	-0.45177	-0.79550	0.26969	-1.28666	1.54509	0.27763	0.66826	1.46345	3.05026	-0.71393	0.95370	0.11548	0.26430	1.21551	-0.71681	1.57750	0.96791	0.90282
0.08898	0.27139	1.72861	-0.75936	-0.71148	0.20236	3.02002	0.90602	0.75650	3.43877	-1.95956	0.01323	-0.22527	-0.28935	-2.17251	0.12846	-1.59967	0.97779	0.19037	-1.02942	0.35461	1.24207	-0.00933	1.54831	-0.23389	-0.77307	0.16500	-0.77268	0.19765	0.76110	-0.75515	0.35091	0.29467	-0.94947	-1.75041	-0.39360	0.68170	0.34223	-0.43064	-1.16682	2.20376	-1.04103	0.15657	-0.84702	0.70937	-1.09283	-1.46397	-0.39630	0.16106	-0.40887	-0.57887	-0.45316	0.27864	0.08260	1.36537	1.81852	1.60374	-0.43358	0.66151	0.53202	1.65565	0.37145	-0.70950	2.35529
-0.53431	1.44516	-1.07451	0.82902	-0.71429	0.47694	0.94891	1.02096	-0.27101	-0.30466	0.88534	0.92374	1.91094	-0.19416	0.58077	1.62959	-0.63099	-1.47892	0.06402	0.60346	-1.57004	0.86349	1.77115	0.32004	0.72435	0.32760	0.84129	-0.46004	-1.03083	2.51992	0.95005	-0.54052	1.18447	-0.72032	-0.42979	0.04800	1.75465	0.35503	-1.72851	1.58108	2.10028	1.40737	1.35573	1.33248	-1.31678	0.30800	0.48075	-0.05606	1.49747	2.17733	1.54063	-0.63892	-0.48964	-0.71249	-0.02020	0.41929	0.07582	1.39554	-0.64006	2.24019	0.84289	1.41652	-2.01452	-0.53438
-1.80982	-0.85417	0.00266	-0.91432	-0.63770	0.65737	0.10733	0.69084	1.72316	-2.26581	3.08141	-0.12878	0.40326	1.39959	1.17912	-0.39714	0.08416	-1.55836	-0.61791	-0.03610	-1.90008	0.08350	-1.48151	1.71241	-0.01936	-1.00092	-0.56099	-2.91265	-0.09279	0.02562	-0.87868	-0.22288	0.06767	1.30476	1.12099	0.72312	0.17935	1.27758	-0.47999	-1.04114	-0.70452	-0.84425	0.00069	0.97295	-2.02631	-1.08552	-0.05294	-1.60920	0.76546	0.45048	0.30639	2.18027	1.19390	-0.32124	-0.71877	0.64132	-0.76334	0.97516	-0.84592	-0.16462	-0.20222	-0.47819	-2.28752	0.21438
-0.30077	0.09673	0.07300	1.57881	0.67155	1.53112	-0.58437	-1.02850	-0.05346	0.02359	1.43304	0.14537	-0.17142	-0.18539	0.13529	-2.09413	-0.39693	-1.47113	0.06562	-0.21901	0.48600	-1.57538	0.70495	-3.02527	0.15781	-1.30396	-0.44858	-0.29655	1.45287	0.44343	-0.48913	-0.26947	-2.17550	0.59043	-0.57992	1.06513	-0.57562	-0.55912	-2.55260	0.28267	1.61783	1.38168	0.86815	1.31698	1.91765	0.80036	0.13061	-1.00363	-0.71866	-0.35540	1.20214	0.31369	0.63927	-0.40607	-0.50070	-1.06336	-1.25775	0.70621	-0.32232	0.09213	-0.42845	-1.33111	1.61281	0.89964
0.74849	-0.06268	1.66358	-1.66143	-0.26026	1.31905	-0.44709	0.71833	-0.44184	-1.05580	-0.19289	-0.54924	0.59730	-1.17052	2.51860	1.79364	0.32757	-0.19315	0.41271	0.14701	-0.01688	-0.35671	1.67544	0.16125	0.97421	2.22991	0.48326	-0.76100	0.46794	-0.17343	-0.30474	0.59847	-1.32385	-1.65982	-1.04280	-0.62629	0.08439	-0.78048	-0.84986	-0.22827	-3.47878	1.64808	-0.41304	-0.33200	-1.64706	1.35403	-0.65944	-0.43343	0.36875	1.09000	1.16925	-0.32923	-1.75686	-0.18723	2.64904	-0.69907	-0.31608	-1.39982	-1.03781	-0.00982	1.29137	-0.59932	-0.57384	0.24243
-1.17585	0.11461	1.62314	-0.52523	-0.22308	-1.74725	-0.91399	1.02021	-0.05572	-1.09686	-1.87760	-2.38683	0.76254	-1.45251	-0.80211	0.15111	-0.40943	1.15750	0.00259	1.12122	-0.42094	0.78653	0.62525	-0.68486	-0.81770	0.14644	-0.04928	1.02257	0.04001	-1.15517	0.61473	-0.35437	-2.19711	0.38590	2.77341	1.03997	0.77015	-1.42793	-0.57325	0.57655	0.93705	-1.56725	-1.12277	-0.15065	-0.37344	1.16930	-0.76475	-1.05794	-1.20735	0.99895	0.31158	0.08306	-1.70270	-0.34893	1.01004	0.16135	0.70365	-1.37334	1.62391	-0.10174	0.72067	0.11486	0.16380	1.25957
-0.08298	-0.78239	0.57245	1.54443	-1.21828	0.13292	-1.35932	-0.13772	-0.57741	-1.12269	0.37399	0.87906	-0.78149	-0.12363	1.32056	0.24599	1.44686	0.84447	0.11299	1.52764	-0.35429	0.01178	0.00096	-0.20783	0.36529	-0.02160	1.86100	-0.19111	-0.94213	-0.74144	-1.05634	0.30914	-0.06440	-0.79850	-0.48228	0.35920	1.31500	1.54888	0.48200	-0.40344	0.45004	-0.44330	-0.25660	0.91569	-0.33139	-0.10782	0.00436	-0.06129	0.51327	-1.14984	1.27391	1.73872	-0.05741	-1.06545	0.39996	-0.15050	-1.25531	-0.13529	-0.34510	0.39038	0.42882	1.29899	0.25664	0.73003
-1.55630	-1.04257	-0.41979	-0.25748	1.49631	0.50377	0.51614	0.20091	2.07762	0.54701	-1.22520	0.19033	-2.76777	-0.19072	-0.85079	-0.27060	-0.22818	0.13526	-0.56688	-2.48632	-0.42520	0.95459	-0.15673	-0.75830	-0.68607	1.77571	-1.88816	0.54105	-0.89215	-1.07688	-0.55778	-1.24240	-0.21018	0.71519	1.65830	-0.64763	0.00601	-0.48109	0.57326	0.19496	0.40899	2.16165	-0.27450	-1.56158	0.08968	0.09236	0.81601	0.31768	0.75398	-0.13941	0.35457	0.78521	0.29648	0.59394	-0.07822	2.39930	-1.48690	1.00685	0.33517	0.01337	0.02879	1.36802	-1.84754	0.07817
-0.28623	-0.27274	0.58069	0.47777	0.85734	-0.08931	-0.29927	-0.62128	-0.13878	-0.65915	-2.53732	-1.26632	0.92576	0.30190	1.44007	0.97753	-0.07807	-0.41445	1.41137	-2.84235	-0.68034	-0.47308	0.48143	-0.07321	0.74034	1.21008	-0.02699	-0.33545	0.55961	0.47882	-0.46622	1.03726	-0.77638	-0.38516	-1.01909	-0.04721	-0.23046	1.87488	-0.95286	0.85213	-0.99618	-0.88611	0.31860	-0.66866	-0.83010	-0.70730	0.39270	0.73428	1.75206	-0.49596	-0.81155	-0.68275	0.97724	0.79485	-0.76380	0.04293	-0.92538	0.78842	1.83159	-0.62246	-0.86775	-0.32276	-0.72972	-0.60167
0.42086	0.60948	0.53923	-0.31459	-1.98702	-0.78711	-1.62090	0.53137	0.37649	2.21407	0.16335	-0.68009	-0.66413	0.81464	-0.69323	-0.24145	-1.51071	-0.49457	-1.92810	-0.19617	0.62771	-0.22127	-0.73886	-0.96975	-2.32294	-0.32436	-0.94003	0.54587	0.74078	0.36471	0.21090	-0.15612	-0.51089	-0.86122	-0.38885	-0.81284	-0.57470	1.10729	-0.61486	-1.00028	-0.44215	-1.38249	-0.71897	-0.39320	0.81477	0.72604	-1.74629	-0.06659	-1.47072	1.12889	0.06041	0.90242	1.07188	1.29177	0.02881	-0.22789	2.02295	-1.37449	-1.34034	0.39588	-2.02838	1.44412	0.31434	1.99270
-0.11693	-0.73859	0.26846	1.21131	1.60286	-1.48335	-0.04007	0.68876	-1.33111	-0.92692	0.00194	-0.96281	-1.52249	0.50093	0.49508	0.04449	-0.12137	-0.26747	0.32231	-0.37362	-0.20113	-0.75693	0.36531	-0.86647	-1.45062	-1.38852	1.20562	0.57284	-0.39775	0.34497	0.21720	1.14464	-0.87770	0.12856	0.68062	-2.17212	0.29658	-1.19870	0.37445	0.49869	1.47553	-1.93553	-0.18956	-0.11512	0.21674	0.64369	1.08987	-1.00423	-2.45769	0.30259	-0.53991	-0.03750	-0.60265	1.07339	0.54980	1.58382	0.57123	-0.59804	0.99316	1.75271	0.97764	-0.12078	1.09987	-0.48644
-0.04704	-0.35080	0.73667	0.86855	1.41056	0.57509	-0.84237	-1.03506	0.79575	0.38223	-0.92362	0.79790	-1.13997	-1.42859	1.74224	1.52142	0.12296	0.95558	-0.31076	-0.54445	-2.13650	1.32050	-1.00432	0.30534	-0.34450	0.23272	-1.77275	-1.23536	-0.02559	-1.17848	0.02510	0.10806	-0.36654	-0.18760	-1.26159	0.74931	0.85393	0.47172	-1.19150	-2.27658	0.16203	-1.83008	0.85720	-0.05911	-1.93971	-0.68081	0.62193	-1.02344	1.44242	0.71634	1.11109	0.45764	-1.67427	-0.97254	-0.29081	0.59543	0.52305	-1.50544	0.92732	0.46373	-1.03299	1.21556	-0.30398	-0.33792
1.31967	0.42892	-0.36306	0.67144	-1.36837	-0.96476	-0.18850	-1.02179	-0.14469	-0.29262	1.06580	-0.73370	0.75032	0.44991	-0.57565	-1.38888	-0.65407	0.60024	-0.21356	-0.85680	-1.69383	-1.57871	0.29522	0.22203	-0.69852	0.70779	-1.72654	1.21159	-1.10449	0.43144	3.53940	0.25655	0.15141	-0.17110	0.38181	-0.14894	0.99148	-0.33773	0.80559	0.02566	-0.72669	-1.21463	0.29815	0.49544	-0.45271	-0.32639	-0.37293	-0.27541	0.28307	1.50453	0.70985	-0.25766	1.97354	1.52817	2.42800	0.80081	-0.83114	0.09674	-2.10585	0.58886	0.43433	-0.90522	0.98918	-0.35462
-0.15478	-1.08251	1.02502	-0.24959	0.20985	0.18520	-0.06484	1.48750	-1.26097	-1.20241	0.19353	-1.03042	-0.80856	0.93302	-0.28763	-0.06000	-1.32163	-1.58058	-1.07571	0.43043	-0.27003	0.46811	0.32109	0.48914	1.28408	1.16500	-0.31276	0.42411	1.06960	0.32752	0.11636	-0.12717	-0.06951	1.56787	2.05047	0.39945	-0.68254	-1.23251	0.16311	0.11031	0.85314	-0.48771	0.17693	1.49089	-0.72289	-0.56106	-0.24864	-1.60233	0.76414	1.72503	3.68734	0.86219	1.58154	0.55032	-1.78243	-0.02080	-1.39079	0.91921	-0.04362	0.05644	-0.13167	-0.50319	-0.60387	-0.30475
-0.47908	1.30739	-1.14445	-0.43405	-0.85244	0.07932	-0.33125	-0.03435	1.28621	-1.06595	-2.21276	-0.31866	0.85457	0.55973	1.95765	-0.35903	0.97012	-0.79195	0.07650	0.73707	-0.09161	-0.87782	-2.11407	-0.88956	1.10625	1.10713	-1.03566	-2.19112	0.71876	0.57419	-0.32010	-0.30693	0.99165	-0.74490	1.21671	-0.38702	0.45295	1.00419	-0.28619	0.58316	1.41254	1.63605	-1.39998	-1.15682	-0.53130	-2.12186	1.05594	-0.63766	-0.09855	0.54282	0.05868	-0.81913	0.39516	0.36276	0.70307	0.06028	-0.81035	1.60688	-0.44267	-1.23835	-0.12183	0.11311	0.94161	-0.44458
1.67349	0.03496	-0.65404	1.76733	0.34687	-0.36436	2.02912	-0.11625	0.90462	-1.10428	1.37771	1.24505	3.82870	-0.43497	-2.19597	0.06093	2.03283	2.88783	-0.76571	-0.56072	-0.39071	0.13716	-1.90070	1.23830	0.84785	0.49515	1.49682	-0.74376	0.19343	-0.68910	1.22580	-0.14868	3.29497	0.53622	-0.51983	0.18909	1.16772	0.80663	1.36554	-0.56266	-0.02074	0.43228	-0.24589	1.56854	-1.03049	-0.30199	-2.12043	-0.52670	0.28662	-1.29706	-1.04692	0.37943	0.16679	-0.94058	-0.38281	-0.79682	-0.84108	-1.41401	0.63238	1.17285	-0.97071	-1.94729	-1.46795	0.18552
1.38567	-0.98299	-0.41145	-0.70255	-1.77798	-0.63866	-0.64163	-0.67210	-0.44020	0.90681	-0.87481	-2.22500	0.52191	0.72507	-1.07656	-0.78462	-0.43096	0.28654	-0.12327	-1.11544	0.33986	-1.15356	0.85262	0.27425	-1.02887	-0.86079	-0.61578	0.75858	0.79727	-2.40799	-3.09367	-1.10107	-0.01358	-0.86783	2.05610	-1.08253	1.07402	-0.08377	1.68317	1.33683	0.09266	1.68361	0.07048	0.97864	1.43798	0.74306	0.26901	-0.74287	-1.21212	0.55641	-0.01158	3.08951	1.03090	0.87871	0.36743	-1.45303	0.48599	1.54378	1.35366	-0.48526	-1.05120	0.22774	-1.17668	-1.24071
0.11207	-0.56345	0.43028	-0.06827	-1.51687	1.26156	-1.57059	0.24677	-2.03561	0.45661	0.16898	1.05928	-1.74834	-0.14157	-0.01121	0.63362	0.90259	1.17714	-0.30298	0.85757	-2.59293	-0.37177	-0.64353	1.75841	-0.13268	1.59940	0.04782	0.51492	-0.13274	0.91602	0.23978	0.40331	0.12469	0.14762	-2.38684	-0.18930	-0.78842	0.75094	0.24312	-0.67159	-0.25794	0.65704	-0.91186	-0.35127	-0.84226	0.25497	0.03833	0.17006	0.10216	-1.84328	-0.67152	-0.01188	0.18833	1.18796	0.14864	1.82499	-0.54122	-0.88214	-0.19159	0.50440	1.36758	0.15318	-0.61446	-0.37193
0.56904	0.07309	-0.59625	1.65903	-1.11318	-0.61908	-0.61640	-0.97233	0.45593	1.14263	0.15090	-1.08411	-1.86759	-1.35411	0.87056	0.79540	2.43375	-1.49729	0.60353	-0.01139	-2.12793	0.76690	0.90357	0.64811	-0.04891	-1.99547	-0.46812	2.02489	0.51189	1.11069	-1.21088	0.37201	0.32376	-1.77952	-0.24584	0.31655	-1.31017	-0.85763	1.50335	1.02043	0.57391	-1.65129	0.33647	-1.46279	1.02922	-0.04120	-0.97096	-0.91027	0.14329	-0.27637	0.30063	-0.99616	-0.82698	1.73508	-0.15230	0.23967	1.00655	0.00178	0.37063	0.20057	0.51631	1.36254	1.89208	-0.43926
0.98680	0.07322	-0.69272	-1.72642	1.07983	2.00675	-1.93791	-0.77558	1.83185	0.10057	0.74500	-0.58674	-0.44142	-2.10336	0.93199	0.06281	0.69459	-0.46372	0.23877	-0.29090	-1.21468	-0.57534	-1.69903	1.87393	-0.08060	-0.77348	0.39655	-1.30412	-1.19244	1.07402	-2.86028	0.28013	-0.97577	-0.57707	-0.83704	-0.70821	0.06260	-0.14553	0.66553	-0.15321	-1.24227	1.46054	0.78530	2.24317	-0.83485	0.45497	-1.01907	1.07236	0.57140	-0.49223	0.61074	-0.03311	-0.50774	-0.29149	-0.38998	-1.51335	0.84398	-0.16661	-2.51886	1.37162	0.37407	0.17222	-1.45080	-1.06585
1.92501	-0.24870	0.67637	0.26288	2.52530	-0.59283	1.81117	1.09013	-0.50794	1.03312	-0.00326	-0.29156	-0.44650	0.81336	1.61987	-0.24069	0.05848	-0.12128	0.88855	2.29962	1.39360	0.98650	-0.76407	1.22129	0.47299	-0.55933	-1.32594	0.06450	0.33540	-0.15133	0.51277	-0.09393	-1.57942	-0.29568	-1.15980	0.33012	0.99488	-0.31246	-0.71493	-0.14226	-0.96608	1.37128	-0.33077	-0.81299	-0.76095	0.77422	-0.62996	0.48011	-0.75387	0.60752	0.13103	-1.09628	-2.14740	-1.49487	1.53631	1.44910	-0.07029	1.04389	-0.94012	-1.54727	-0.56536	-0.13258	-0.86910	-0.74684
0.53161	-1.34000	2.15999	-0.22028	0.02657	-0.25211	-0.87733	1.00343	-1.03825	1.30720	-1.20898	-1.67321	0.72827	-0.12194	3.12850	0.19488	1.47659	-1.78120	0.87009	-0.13510	0.22474	1.13485	0.19898	-0.13223	-0.52613	0.72483	-0.45871	-0.22813	-1.36870	-0.39920	-0.04244	0.31177	-1.02816	0.07929	1.00215	0.06887	0.80172	1.65816	0.80769	-0.84834	-0.72120	1.49978	-0.56401	-0.13021	2.10763	-0.23398	-1.83962	0.63221	-0.04934	-0.87821	0.46562	0.10892	-1.61402	0.67924	0.20617	0.11579	0.62425	-1.23965	-1.14080	0.89995	-0.70161	-1.60738	-0.50774	-1.47757
3.08301	2.43243	1.05324	0.16772	0.12505	-0.30097	0.73474	-0.54787	-0.69302	0.64341	-1.36354	0.72426	-0.20944	-0.03798	-0.08250	0.42227	-0.28807	1.35790	-0.83022	-0.89181	-1.50854	-1.89746	1.21765	-1.92168	-0.88032	-0.75138	-0.32495	2.49108	1.10664	0.50276	-0.22930	0.56533	-0.83710	1.48729	-2.74895	1.58366	0.97157	0.00456	-0.16158	-0.20863	0.03346	-1.20635	1.11411	0.38070	-0.70132	-0.63846	1.08678	0.47231	-0.26031	2.28756	1.29811	-0.61849	-0.66448	0.30847	-0.70160	0.96476	1.08129	0.00713	-1.01914	0.26473	0.80522	-0.15795	-1.82223	0.20245
0.67084	-0.69317	-0.81511	-0.26341	2.39392	0.12109	1.60080	-0.30754	0.78467	0.37452	0.00129	1.72515	1.90764	-0.31493	-0.36065	1.81571	-0.08032	-0.46258	-0.06548	0.02736	-0.61580	1.23960	0.22011	-0.41765	0.14546	-0.40812	0.35541	0.51440	0.81620	1.72437	0.51918	-1.11931	0.11711	-0.67963	0.36598	-0.26343	1.82695	-0.23407	-2.49251	0.38350	-0.03386	2.01996	-0.00277	1.10475	-0.66122	-0.15861	1.91770	-0.74292	-0.35891	-1.57885	-0.27520	-0.67286	-1.30069	0.85482	-0.68816	0.47379	0.50591	-0.68972	0.11907	-0.27639	0.12314	-0.91804	0.31135	0.23475
0.31664	-0.87907	-1.29739	-1.78087	0.04038	0.65702	1.38972	0.33240	-1.33783	0.11578	1.50767	1.30082	1.89021	-0.25370	1.46062	0.77406	1.41636	0.96175	0.30711	0.04317	1.20427	1.86435	0.73377	2.12274	-1.02901	2.48093	0.98599	-0.95689	-2.58249	-0.17833	-1.36329	-0.24832	0.53869	0.78292	-0.60885	-0.21260	0.46385	-1.33894	-0.16724	-1.20809	1.00899	1.61734	0.90259	0.06160	-0.42894	-0.41846	-0.56086	-0.06608	1.44414	-0.95469	0.68944	2.04015	1.89688	0.78782	1.09836	-0.88001	-1.52092	-0.50254	-0.55033	0.11842	-0.65669	-0.60923	-1.19281	-0.03388
-1.31671	0.28777	2.25965	2.19555	-0.51665	0.58555	0.88378	0.11696	-1.61217	-0.46964	-0.16193	-1.22747	0.93353	-0.67127	-0.46505	0.10167	-0.51078	-0.89289	-0.18261	0.32897	1.04539	-1.03838	0.66720	0.27819	1.26016	-0.95498	-1.22874	-0.76963	0.11577	0.09569	-0.36436	1.52109	-0.02256	0.19254	1.17834	0.79486	0.07793	1.63226	0.20044	1.81383	0.09693	0.56690	-0.27782	0.67430	0.77692	0.60816	-0.61842	-0.88054	0.74828	-0.83102	1.04273	-1.83758	0.58893	1.04715	0.54493	0.82237	-1.40579	-0.29715	-0.20319	0.88336	-0.59593	-2.63250	-0.33117	0.41175
0.97615	0.84683	1.13678	-1.17017	0.16577	0.12280	-1.61352	-0.70820	-0.17741	1.79490	0.13642	0.52179	-0.88798	2.50875	-0.53870	0.56951	1.02993	1.01181	0.65459	-0.95569	0.72796	0.77121	-0.84621	-0.50343	-0.94858	0.13927	-0.64623	-1.30435	-0.09546	0.14177	0.80802	-0.42459	0.95832	-0.08282	0.02005	1.57705	-1.84700	1.49104	-0.11188	1.54598	0.24449	0.37878	1.35363	-1.94553	-2.05826	0.58014	-0.96732	-0.30209	-0.25159	0.36805	0.78932	0.05952	0.26957	-1.27608	-0.14054	0.62585	0.05689	1.22940	1.60401	-0.39378	-0.03043	0.60017	-0.79465	0.74782
0.65602	2.35537	0.21768	0.92808	1.76438	-0.42024	0.96659	0.73271	-1.74572	1.70331	1.37135	-1.26017	-0.29479	0.28593	-0.85260	-0.05146	-0.22842	-1.99161	0.89321	-1.90874	-0.74271	-2.02779	-0.13423	1.03225	-2.02273	0.95395	1.70759	0.57978	-2.40540	-0.44469	-0.57595	-2.17336	-0.69793	-1.01506	-0.88438	0.10803	1.38609	-0.04411	1.68395	-0.67732	1.42508	-0.15621	-1.58536	1.00549	-0.96565	0.15230	0.32743	2.12545	0.61757	-0.03989	0.13941	0.70377	0.01849	0.40622	0.83017	-0.16575	0.47962	0.05039	1.33872	-0.35358	-0.34797	0.81759	-0.41532	0.16243
1.03595	-0.09089	-0.52261	0.22337	1.73025	1.77318	-0.32971	-0.86394	-0.03335	0.27623	-0.63616	0.83824	-1.36306	2.03392	0.60273	-0.22051	1.52958	-3.56190	1.57115	0.14032	-0.00701	-0.28241	-1.59205	0.29731	0.60920	-0.11664	-1.14133	1.21034	1.51910	0.85673	1.15453	-0.09947	-0.63869	0.51974	-0.86137	1.17166	-0.78247	-0.06415	-0.85433	0.65722	-0.22386	-1.55384	-0.53862	-0.77706	-0.42712	-1.36921	-1.33735	0.72655	1.02501	-1.40714	0.69493	-0.51733	1.37036	-0.02777	-0.07486	0.09672	-0.44342	-0.69512	1.31558	-1.65686	3.25429	0.37463	-0.75797	0.28050
0.60108	0.38341	-0.20160	-0.63824	-0.90001	-0.03265	-0.83355	0.98095	1.34895	0.91949	-0.55075	0.17172	0.98064	-0.53236	1.61600	1.77599	-0.73640	0.23524	-0.27376	-1.14477	0.56288	-0.54727	-0.79615	-0.90048	-0.96487	-0.71135	0.13833	-0.36703	-0.95631	-0.39808	-0.44014	-1.71058	-0.57796	-0.72580	0.05110	0.92121	0.55247	-1.88636	0.54805	-0.11244	0.20595	0.52801	-0.48004	-2.01135	0.51066	-0.38356	-0.77664	0.02720	-0.53143	-2.41957	-0.16855	-2.31041	-0.19899	0.33886	-0.68175	1.05369	-0.74811	0.44626	-0.49965	-0.07417	-0.66416	1.27302	0.04360	0.56791
-1.39754	0.13801	0.74478	-1.47355	-0.75328	1.33181	1.27612	2.37949	0.65007	-2.09055	1.22421	1.04706	0.24060	-0.04227	-0.96208	-0.70363	-0.02877	-1.04245	-1.79432	1.41194	-0.90307	0.20502	-2.56578	0.20762	0.48244	-0.58215	0.11110	-0.32817	-1.55796	-0.00743	-1.05460	1.46811	1.62552	-0.96262	1.60988	-1.46968	-0.27739	1.06272	0.26565	-0.54696	0.51815	2.28331	0.23639	-0.86389	0.17455	-0.07861	-1.20913	1.37025	-0.05541	-1.30443	0.62188	1.35511	0.64766	-1.16499	0.91644	0.18892	0.34665	0.22159	0.17659	-0.34030	-0.93699	-0.85901	-2.02072	-0.47796
0.32634	0.76618	0.62638	1.15922	-0.44872	1.64422	1.65589	0.30941	0.66379	-0.01786	-2.14915	-0.30678	-0.38837	-2.39182	0.45270	0.34285	-0.51577	-1.20306	-0.47764	1.48341	-0.26856	0.12083	-1.82578	0.92226	1.33298	-0.63344	0.72204	-0.07547	1.16798	0.90442	-1.79143	-0.50376	0.64283	-1.12821	0.31143	-0.10108	0.81782	0.27000	-0.46527	0.87400	-0.04262	1.14932	0.75314	2.08192	-0.37363	-0.91917	-1.28703	0.61275	-0.62176	-1.55252	-0.46173	1.56312	1.37166	0.16133	2.00921	-0.38028	-0.67690	-0.50498	-2.03573	0.08820	0.27240	1.43609	0.39132	0.91938
0.89140	-1.22324	0.58811	0.90975	0.22391	-0.94233	-0.07185	-0.13479	1.50640	-0.78439	-0.48236	-3.37608	1.17121	0.54620	-0.08984	-0.13251	0.08588	0.13214	-1.24386	-0.62791	0.31905	-0.38141	1.66429	0.35787	1.21492	-1.91890	0.58748	-0.90713	0.58559	0.75114	-2.09374	0.72481	0.37736	-1.69807	-0.79421	0.82463	-0.23401	-1.63276	1.17049	1.30131	0.12466	-0.71697	1.64273	-0.93067	0.17895	1.39891	0.40258	1.59731	-0.75689	-0.31850	0.72591	0.77347	-0.69678	-0.27930	-0.98944	1.49599	0.43297	-0.83818	0.89544	1.56867	0.20945	-0.11534	-0.04069	0.28690
2.18590	0.28186	-0.07318	-0.28116	-0.76080	0.40919	0.91884	1.27721	1.35788	0.37452	-0.50304	0.75728	1.47784	0.54633	0.60306	-0.48260	1.78277	0.46047	-1.20290	-1.68061	-0.03431	0.61774	-0.19908	-0.10714	1.34283	0.64439	-0.43211	-1.92880	0.49410	0.61730	-1.07615	2.06151	-0.85941	-1.19153	0.21746	0.59074	0.65771	0.47368	-0.23061	1.26557	-0.84429	-0.99299	1.45003	-1.03522	1.12889	-0.88739	0.75822	-0.70693	1.28260	1.42391	-0.23578	-1.34157	0.41842	-0.35185	0.45759	-0.24349	0.77581	0.32111	0.57667	0.06189	1.60218	-0.53799	-1.58831	-0.08812
-0.28132	0.81032	0.67817	-2.51404	0.34134	1.22512	0.64600	0.09013	0.30451	-0.89893	-0.48146	0.04268	-1.20648	-0.20434	-1.05767	0.21864	0.71302	0.15684	-0.51179	-0.05683	0.07784	-0.99127	0.30792	0.90065	0.14233	-1.48362	1.16922	-0.94588	0.42675	1.41416	-0.31309	-1.47002	0.65838	-1.16781	-0.89014	-0.52061	0.60809	0.29646	-1.68645	-0.66384	-0.60463	1.19189	0.41042	1.32114	0.94397	-0.30327	1.28431	0.33718	0.61655	-0.78955	1.36983	-0.94993	-0.54629	-0.49512	1.87545	-0.31546	-0.13035	0.33209	1.52263	-0.88869	-0.01064	2.37457	-0.40697	-1.54633
0.10965	-1.69338	-1.30902	0.94389	-0.14322	0.82199	-1.38242	-0.44441	1.32910	-1.82405	-0.63552	1.72115	-1.14510	-1.85114	-0.62537	0.68225	0.35309	0.60290	-1.29473	-0.73845	-0.59183	-0.24844	-0.44723	1.56983	0.73230	0.25849	-0.75354	1.58851	1.14631	0.86907	-0.37017	0.25164	0.85048	0.32291	-1.31368	-1.09832	-0.03452	-0.71645	0.29636	-2.14408	0.74254	1.24638	-0.50872	1.47949	-0.76550	-0.06275	-0.14313	0.09632	2.22672	0.64040	0.27718	0.57104	0.11038	-0.33001	0.11148	-0.92709	-1.54413	-2.08720	0.15229	-1.41759	-1.82749	-0.55696	-1.24682	0.96258
-0.51791	0.67969	0.85380	0.55588	2.56333	-0.29225	-1.40384	-1.28873	0.33569	-1.63905	2.42248	0.07605	-0.48572	1.02904	-1.24657	-0.28251	-1.97679	-1.35227	-0.06824	-0.11597	0.49041	1.25073	0.77700	-0.01751	-0.37636	-0.70046	0.26860	-0.03552	0.68892	-0.57500	-1.15946	-1.04580	-0.50750	0.51741	-0.61222	0.37023	0.21890	0.79276	-1.65634	0.45634	-1.91620	-0.05698	1.32221	0.60183	0.72279	1.37252	-2.01429	0.53187	0.85858	-1.04870	-0.19987	-1.04278	-0.68578	0.12759	0.28703	-0.32264	-0.15374	0.16867	-0.02853	1.49902	-0.42859	1.92196	1.25190	-0.31636
-0.15608	-0.25999	1.45770	1.00097	-1.02207	-1.21736	-0.10058	-1.85116	-1.27791	-0.67996	-0.15609	2.08365	0.36216	0.92024	0.61118	0.48009	-0.17878	1.18977	0.28778	-0.71214	1.06821	0.47695	0.70281	1.43954	1.48595	-0.11961	-0.61415	-1.40715	-1.58997	1.04156	-0.90844	-0.32781	-0.29307	1.21598	-0.72532	1.20554	1.94253	-0.67604	-0.99741	0.59336	0.78066	-0.03525	-1.04548	0.12053	-1.40909	-0.19029	1.05713	0.39466	2.18205	1.16532	0.29153	0.17676	0.01662	0.89954	0.92665	0.73112	0.55685	-0.04025	-1.16809	0.95268	1.48019	1.90745	-0.54718	-0.21107
0.45980	1.03169	-0.66115	-0.83575	-0.13137	0.69272	-1.59428	0.55094	1.56230	-0.57985	-0.22356	1.32558	0.58640	-2.17039	-0.07856	0.77830	-0.80794	0.79574	1.04863	0.40237	-0.02307	-0.65817	-0.23828	1.10383	-0.80393	2.00528	-1.28719	1.51671	0.34463	-0.24926	-0.16924	1.80859	0.09520	-1.05756	1.58785	-1.17627	-0.26059	0.34069	1.23601	1.38355	-1.08461	-0.25622	-0.50082	-0.58920	-0.23170	-0.37198	-0.35369	0.23338	0.73983	-2.74566	-0.43538	1.05068	0.50782	-1.59041	0.97603	-0.45038	-1.25757	-0.00804	0.52614	-0.19154	0.65433	-1.33035	0.23567	0.62411
0.33330	-0.19127	-0.48982	0.37066	1.44279	0.95304	-0.36113	-0.06130	0.31546	0.06874	-0.58931	1.09693	0.33398	-0.61734	0.02375	1.17193	-1.28510	0.29977	-1.44317	-0.61410	0.43389	0.06518	0.79291	-1.34232	0.35011	-1.48185	-1.65182	-1.54418	-0.33618	-0.26368	-1.63044	0.14222	0.27354	-0.74488	0.27580	-0.36969	-0.71306	-0.06266	0.21700	-1.97483	1.25210	0.47657	-0.05377	-0.08512	-1.01816	0.14927	0.27081	1.45381	0.38463	0.34039	1.68693	-0.79970	-0.67777	-0.04180	-1.26516	-1.71395	0.74428	-2.24189	0.12037	1.68023	-0.42152	1.42079	-1.52312	-1.71875
-0.97317	-0.48019	0.49905	-0.29572	0.42991	0.01902	0.68030	1.06006	0.58589	-0.65292	0.84600	-0.40811	-1.04007	-0.48920	-0.12332	-0.28766	-1.74806	-0.86404	-0.13855	0.53818	-0.22182	-1.31311	-0.76622	1.34095	0.70442	-0.89897	0.66787	-0.21965	1.52792	-1.65737	-0.65706	-0.06523	1.05327	-0.11299	-0.23420	-0.76221	-0.12996	1.58778	-0.16469	0.85535	0.61511	-0.89277	1.54555	0.21547	-2.71808	-0.85388	2.66155	2.09122	0.33254	-0.54630	-1.39914	0.62402	-0.49592	0.60325	-0.98505	1.24363	0.41914	-0.25769	0.56049	-0.36463	-0.36171	-0.67039	1.38642	-1.36270
-0.57472	-1.42200	-0.91922	-0.67917	1.01899	-1.19697	0.20655	0.28872	-0.88452	0.53656	1.96897	-0.08197	1.37700	-0.84027	-0.45496	-0.14677	0.59525	0.62264	-0.44855	0.95877	-2.30608	-0.23108	-0.88472	0.93460	-0.82482	1.51656	0.39274	0.63910	1.52879	-0.12257	0.52537	2.34396	0.10764	-0.63544	0.18407	-0.79227	0.65708	-0.62406	-0.89371	-1.65945	1.38827	0.33244	0.98947	-0.71475	-0.40768	-1.32484	0.05060	2.81210	1.93415	-2.24043	0.85941	0.73070	-3.14011	0.23011	-1.63851	-1.86791	1.39240	-0.93987	-1.21330	-0.23339	-0.28985	-1.05386	-0.38178	0.93651
0.40884	-1.05322	-0.72622	0.80803	1.74016	-0.74964	-0.94530	1.62304	-1.82675	-0.81026	0.15896	-0.04892	0.76338	1.10392	-1.07450	-1.07926	0.01669	-0.90002	-0.99256	0.84846	0.87729	1.62325	-0.12047	1.11157	-2.14253	-0.08221	-0.84435	2.24521	-1.93541	-0.45294	-0.37763	-2.79200	-0.86321	0.98222	-2.65327	-0.46831	1.39249	0.73399	1.67708	-0.70290	1.85683	2.38286	0.00003	1.04872	0.15190	-0.98260	1.03295	-0.73084	0.11015	0.80317	-1.20653	-0.21585	-1.30899	-2.07373	0.60783	0.38713	0.39694	-1.65453	-0.33163	1.26308	-0.36345	-0.48332	-0.76862	-0.32251
-1.24077	0.06171	2.25436	-0.33948	-0.95020	2.08132	0.12561	-0.39726	0.60073	-1.10821	0.92985	2.65464	-0.05308	-1.34344	-1.54641	-0.54290	0.72399	-1.16675	-0.08521	-0.41957	0.95946	0.76800	1.88258	-0.49377	-0.96027	-0.24089	-1.15266	-0.11696	-0.37476	-0.14777	0.60177	0.47404	-1.16265	-1.09754	0.34824	-0.00909	1.90129	2.03141	0.29361	-1.68601	0.92697	1.07216	-0.98674	0.67313	0.98708	1.39431	-0.54610	-2.07423	-1.23480	1.07213	-0.15862	1.61770	-0.44567	-0.33933	-0.98467	0.35321	-2.60600	0.13461	1.56060	1.01405	0.35145	-0.30852	-1.43697	1.96846
0.24290	-0.30466	0.39716	-1.28252	-0.66289	-1.59716	1.39983	-0.48799	-1.26309	-1.39159	0.61180	0.40723	-0.74871	0.16861	1.70531	-0.07052	1.07017	-1.36625	0.30624	-0.17066	0.69882	-0.20629	-0.33226	0.01354	-0.50440	-0.83353	-0.50081	-1.17362	0.06042	0.23442	0.88273	0.11284	0.49077	0.05729	2.52532	-0.82912	-0.34881	1.35757	1.81496	-1.99195	0.09448	0.93222	-0.99549	1.70338	-0.35763	0.84074	-0.13117	-1.76877	-0.41681	-0.24789	2.56307	0.03271	1.29629	0.65906	0.16735	0.34487	-1.84477	-1.06254	-0.71600	0.69373	-0.20506	-0.12244	-2.26996	-0.90563
-0.92149	-0.34537	-1.78154	0.83205	0.23968	1.09118	-1.39543	1.36346	-1.04287	0.49036	1.03771	0.11561	1.36635	0.05901	0.44213	-0.70297	0.02715	-0.16879	0.00752	0.80051	0.13398	0.33370	0.54511	-1.11090	-1.24791	0.28426	0.07911	0.49805	1.11778	-0.82008	0.36355	0.80332	-1.02899	-0.49976	0.57876	-0.36815	0.62666	1.22562	1.29244	-0.98543	-0.38037	-0.96369	1.05882	-0.26147	0.76772	0.36299	-0.25729	0.22951	1.24903	1.00110	0.90525	-0.29241	0.31910	0.02665	0.23568	0.77607	-0.82563	1.19137	1.00611	-1.50695	-0.22537	-0.31833	0.59211	-0.06858
-0.40049	0.21522	1.18338	-0.62417	0.14442	-0.21501	-0.54431	0.22983	-1.87821	0.86785	0.33146	-0.33127	-0.56658	0.92537	0.14688	0.57908	0.91702	1.42681	0.77979	-0.10076	2.00500	-0.22332	-1.34431	-1.13514	-0.94471	0.58619	0.20500	-1.14584	-0.82030	1.27114	0.03053	-0.53365	0.84634	0.39533	-0.97157	1.41591	0.15391	0.81652	1.51463	1.98673	1.03528	1.12599	0.95393	1.08530	-0.98615	-0.35444	0.96916	0.88401	0.93565	-1.63876	-0.06406	-0.17976	0.59307	1.35140	-0.60166	2.63395	1.54235	0.93065	0.84716	0.81559	0.42827	-0.49958	0.58944	0.21670
1.15144	0.86454	0.65447	-2.20177	0.74919	1.24454	0.08315	0.30070	-2.55422	-1.02930	-1.03768	-0.99913	1.81961	0.57476	0.52975	0.75597	-0.39253	-0.55215	-0.18591	0.38496	-0.15834	-0.49967	-1.45614	2.60247	-0.01910	-0.46823	0.26863	1.10227	1.99299	-1.75651	-0.45365	-0.27593	-1.39581	0.46355	-0.39826	0.79347	-0.53641	0.60199	-0.44205	-0.34978	1.02575	0.41005	0.16570	-0.33858	0.55699	1.61350	1.82738	-1.99473	1.53350	-2.79455	-0.87016	1.01972	1.28631	-0.28210	-0.91477	1.35933	-0.11034	0.30904	1.03243	1.22644	0.58693	0.41839	0.05885	0.52189
-1.09023	-1.22905	2.68059	0.67753	0.08956	0.44158	0.34981	-1.03030	1.70814	-1.08210	0.93264	0.82548	-1.52550	-0.73118	0.26786	-0.06414	0.33957	-0.40655	-0.92771	-0.63276	0.59478	0.68334	-0.94780	-0.40980	-1.30715	1.00321	2.78373	0.47984	-0.66869	0.08447	-0.86442	0.75843	-0.96084	-0.34297	0.04263	-0.54197	-0.57952	-0.26093	1.38347	-1.15738	-0.89104	-0.39240	0.27766	-1.22118	-0.21332	0.15217	-0.71018	-1.75389	0.73984	-0.54999	1.90239	0.33090	0.38261	-0.37146	0.95524	0.68947	-0.13731	-0.97534	0.85712	1.42152	-0.92164	0.10945	-0.57205	2.31844
-0.11006	-1.54819	-0.95033	0.66456	-0.80612	0.96047	-2.10800	-0.61721	-0.36031	-0.24302	1.00632	0.70885	0.38094	-0.93194	0.17212	1.93021	-0.44741	-1.63585	0.37584	-0.36181	-1.45051	0.02032	1.28304	0.01022	2.06048	1.18064	1.27278	-0.73750	-1.86579	0.76451	-0.20642	1.53300	-0.54864	0.01898	-0.00730	-0.28153	0.89527	1.67645	0.92830	-0.57484	-0.02909	0.57062	-1.00271	-2.13701	0.13722	0.71409	-0.89444	1.82535	0.10008	0.65274	0.69074	-0.18966	-1.21980	-0.32433	-0.24163	1.55966	0.66084	-0.40621	-3.65074	0.29441	-0.80349	-0.18674	1.58712	1.48595
0.74323	0.19265	0.51961	-0.12405	0.10431	-1.65095	-0.09046	0.41587	0.22388	1.83069	1.51076	-1.09301	0.73230	-0.44284	-0.44581	2.14097	1.42637	0.24845	-0.73393	1.72237	-0.56072	-1.79634	-0.77732	-2.18254	-1.69621	0.51440	0.65032	0.33081	-0.40921	0.95721	-0.65716	-1.39976	2.21573	0.32069	-0.64877	-1.91170	-0.59994	0.79967	-1.39522	-0.29285	-2.98652	-0.63509	-0.55169	1.73183	-1.34945	-1.37609	-0.55676	-0.93415	-0.32191	0.03287	-0.21245	1.79713	-0.13163	-0.49635	0.70817	-0.13576	0.89612	-0.00111	-3.40356	1.58167	-1.94536	-0.74011	0.53634	-0.31834
-0.32035	1.08557	-0.80086	-0.13610	-0.82239	-1.68341	0.46035	-0.76559	0.29589	-0.30644	-0.24406	-0.51691	-0.75013	-0.06280	-1.85116	-0.74781	0.32739	-0.47058	2.25201	0.57097	1.11167	-0.87783	1.53097	0.58632	0.00963	-1.54549	0.14983	-1.37850	-2.18470	-0.14880	-3.07983	-0.60365	0.39053	0.51553	-0.32989	-0.60303	-0.55792	0.56648	0.68461	-0.09149	-0.47347	0.35848	-2.16682	1.32334	-0.20591	2.19032	-0.11648	1.85312	-0.08245	-0.09450	1.52859	0.39221	-0.26712	-2.07320	0.60429	-0.65025	2.15006	-0.52953	0.49589	-0.14185	-0.25342	0.53642	-0.52455	0.26001
0.89598	-0.04099	1.96285	-1.05870	-0.79689	-1.83624	0.46173	-0.06021	-0.83851	-1.10247	-0.40416	0.62616	-1.65989	1.37431	-1.69399	0.42305	0.53052	1.25420	0.45914	-1.68055	-1.12734	-0.44949	-0.22077	-1.43709	0.82864	-1.29383	-1.83278	1.37168	1.44544	-1.11304	1.37622	1.24128	-0.25338	0.94432	0.98013	0.75665	-1.61195	0.89947	0.02268	-0.98256	0.65699	-0.71890	-0.84748	-2.24250	0.41806	0.23376	-0.63422	-0.50503	-1.14476	0.64995	0.52974	1.74331	-0.88458	-0.25886	-1.10110	-0.81787	0.50150	1.08980	-0.74984	-1.03605	1.14278	0.65886	-1.00466	-0.26076
-0.23410	0.75387	0.99226	-0.93865	-1.63719	-1.44764	-0.89314	1.22193	0.06801	0.03057	-0.85542	-0.86227	-1.04140	1.87803	0.11840	-0.83008	-1.29043	-0.61858	-0.24250	1.62419	1.51940	2.19996	1.32025	1.02722	0.06844	-0.90705	0.90442	1.81734	0.64907	-0.47360	1.66106	-1.00366	0.72100	1.47436	1.41358	0.05417	-0.53919	-0.91369	-0.48919	-0.44578	0.07861	-0.61044	0.49871	0.66059	-0.97435	0.66961	1.22964	0.41013	0.03759	2.02548	-1.13501	1.05098	1.60961	1.60043	0.43457	0.33359	0.91549	1.63376	0.25609	0.93687	-0.50172	-0.66568	0.67330	0.30720
0.52284	-0.74947	1.06659	-0.40555	0.36622	-1.43195	-0.08637	-0.18048	1.18127	1.03171	1.72794	2.15073	-0.27930	-1.71791	2.44160	0.13365	-0.37818	-1.46401	-0.18142	0.85669	0.52130	0.12844	0.57264	0.29544	0.17798	-0.16851	1.66983	-2.77080	-0.98567	0.46479	0.02802	-0.69855	0.24979	-0.29628	-0.94563	-0.76612	0.46113	1.08789	0.53757	-1.02139	-1.14964	-0.25184	-0.09840	0.26613	-0.47143	-0.44256	-0.76769	-0.11959	-0.08466	-0.70836	0.82173	-0.96447	-2.03627	1.21084	0.77282	2.09281	0.67972	-0.53894	-0.78576	-0.71290	0.02277	-2.63388	-1.86261	-0.59782
-1.16650	-1.43197	0.36936	-0.21266	1.16943	-0.19528	-0.51269	0.65153	-0.91878	1.04464	0.33604	0.79728	1.24576	-2.03036	0.73372	0.18630	-0.85179	-1.12556	-0.02741	-0.42606	-0.08102	-0.65294	-0.40638	0.81121	-1.65433	0.25823	-0.79211	-2.08451	-1.61169	0.56062	-2.24777	-0.78629	0.44568	-0.69368	0.17424	-1.77936	0.22254	-1.45218	-0.19620	-1.69305	-0.97692	2.19845	-0.87144	1.04066	2.25756	-0.94867	-2.73052	0.35985	-0.21302	-1.88781	1.22844	1.37908	0.29941	-2.00361	1.15499	-1.85155	1.13723	-0.19121	0.86172	2.33370	-1.65371	-0.97646	0.22521	0.24343
-0.31871	-0.67805	-0.61481	0.14437	-0.77185	-0.54274	-1.21759	0.07316	-0.63022	0.59031	-1.24579	0.01056	-1.44422	1.42565	0.05013	0.11398	-0.59346	0.60096	-1.34383	2.75244	-1.42050	-0.57681	1.70504	0.41271	-0.23913	0.14919	0.25235	0.35619	0.22362	-0.92910	-1.76007	-0.06540	1.37705	0.33468	1.02584	-0.14290	-0.61555	-0.06727	1.21173	-0.69131	1.37123	-0.16991	-1.07668	-1.38131	0.72918	0.64460	0.52348	0.11369	0.75626	0.05940	0.83078	0.34217	0.39359	-0.23351	-0.49127	-0.80084	-0.01111	0.86535	0.31033	0.37927	0.81665	-1.81236	-1.15287	-0.22582
-0.35112	0.71763	0.68018	1.31077	-0.79581	1.13004	1.83597	-0.19248	-1.10803	-0.18024	-2.33080	-0.26403	-0.61559	1.10933	-0.26935	0.30564	-0.61438	-0.07120	-0.41777	0.94118	0.31284	-0.04438	0.32749	0.77315	-0.72101	0.81447	0.97238	0.37768	0.51179	-0.97038	0.95676	-2.05219	-0.46764	-0.15162	-1.80552	-1.25655	0.19801	-0.37095	1.68211	-2.41872	0.40095	0.48416	0.67948	-0.12493	0.71605	0.78860	0.46750	-0.53439	-0.01849	-0.78578	-0.58769	-0.84965	1.32682	0.14999	-0.76107	0.53566	0.62770	-0.16219	0.03961	-0.44458	1.23143	1.18401	-0.08595	-0.10773
-1.79456	0.03586	-0.37527	0.67931	1.70249	1.57242	1.08748	0.23075	-0.43067	0.06343	0.25169	-0.12722	2.74366	0.17514	-0.76530	1.60241	-0.10626	-0.16175	-2.14181	-0.55495	-0.97539	0.58569	1.46344	0.06104	0.25374	0.29136	0.11836	-0.44182	0.86117	0.89158	1.47433	0.49163	1.45485	1.22263	-1.55326	1.78407	-0.79743	0.53584	0.97334	-0.35886	-0.09296	2.01067	-0.22162	-2.84556	1.64901	0.28920	0.01116	0.38488	0.79738	-0.70175	0.98998	-1.30817	-0.10922	-0.01808	-1.03171	-0.36539	-0.75563	-0.09845	-0.84937	-0.55837	-1.65592	0.15706	0.63257	0.02630
1.06320	-0.74186	-1.14631	0.19364	-0.94616	1.04176	-0.15275	-0.11925	0.73766	0.36606	0.79708	-0.13217	0.08869	-1.48515	-0.74030	0.48743	-0.29998	-0.88640	0.21588	-0.43244	-1.45237	-0.55941	-0.42864	1.13104	0.80698	-0.06343	-0.89827	-0.85751	-1.94178	-0.31528	0.50781	0.05147	2.35727	-0.65954	-0.19103	0.52776	-0.30154	0.46457	-2.48864	-0.63292	-0.08124	-0.25907	-1.87529	1.15174	-1.54889	-0.56148	-0.34433	-0.05912	-0.72696	-0.43886	-0.01961	0.96130	-1.77912	-0.53824	-0.13033	-2.05874	2.46915	-1.94070	-1.14118	-0.24390	-2.05459	0.18855	-0.10007	0.87904
-0.90885	-0.60580	0.39042	-0.62782	1.47901	2.27018	0.79762	1.03006	-0.44349	-0.13932	0.25998	-0.99868	-0.95701	0.84656	-0.74412	0.51183	0.78486	1.78094	0.73509	0.83033	-0.40602	0.12522	-0.46980	-0.14478	0.21552	0.59335	1.20823	0.02009	0.06419	-0.66508	0.05751	0.54751	-1.23714	-2.33711	-1.45087	-0.88276	-0.32606	-2.07766	0.70058	0.10921	-1.50710	-1.33964	1.52807	0.73273	-1.57869	0.19900	1.24016	0.98009	0.42476	-0.03803	-0.19424	0.04330	0.09322	-0.03925	0.49488	0.24668	0.08920	-0.24070	-0.84045	-0.18933	-0.73278	-0.21748	-0.87714	-1.52381
1.88855	0.94594	-0.52667	0.36298	-0.19951	-0.47050	-1.56969	1.60127	0.16192	3.74732	-0.52981	0.30468	2.25929	-1.30255	1.89485	1.01221	0.70961	0.31834	-0.38999	-0.92618	-1.53527	0.47325	-1.50052	1.08251	0.90386	1.46473	1.65626	1.44683	-0.32287	2.29799	-1.13133	-0.78838	-1.14003	-0.07061	-1.48987	0.75177	-0.58381	-1.93588	-0.76004	0.53303	-1.30312	-0.13784	-1.31091	-1.09988	1.83125	0.46566	-0.39394	-0.85067	-1.17167	-1.22239	0.46325	-0.59145	0.54483	0.79573	-1.10322	-0.16206	1.31750	0.10130	-0.63176	-0.88574	-0.58440	1.12905	-0.22612	-1.32067
-0.93041	0.77587	2.71020	1.17554	-0.49423	-0.11970	0.39926	-0.26525	1.62354	-0.80762	-0.89193	-0.67406	1.19026	-0.90294	-1.55266	-1.16608	-1.99027	-1.25086	0.98299	-0.63637	1.73314	0.16261	0.90681	0.34959	0.17031	-0.15738	-0.18128	0.20190	0.13886	1.28518	-0.24079	1.24850	0.54886	-1.08920	0.75539	-0.00263	-0.09479	0.57694	-0.46983	1.30693	0.32591	0.89133	0.62986	-1.42290	0.78474	-1.51652	0.11213	0.14227	-0.15222	0.82973	1.48430	1.29181	0.56496	1.67694	-0.31432	-0.68119	0.89481	0.55492	-0.79265	0.30791	0.51279	-1.48478	0.65321	1.88620
-0.12588	1.05233	1.76492	1.28396	-0.89397	-1.03360	0.83607	1.71741	-1.04645	1.26186	-1.57170	0.11931	1.39749	-0.37673	-2.38018	0.65467	-0.34880	-0.93014	0.34351	0.99139	-0.83192	-1.17827	0.60579	-1.00688	-2.18539	-2.81404	-2.50583	1.35277	-0.23346	0.61177	0.56914	2.01951	-0.16674	-1.18342	1.08024	-1.23582	-0.16248	-1.07913	0.63476	-1.26110	-0.33472	-0.94564	-0.13470	0.49570	-0.32172	1.79141	0.69661	-1.02336	0.04412	0.44044	0.11024	0.23740	-0.10889	-0.10152	-1.00617	2.21887	0.48235	0.74378	0.17714	0.84817	0.27125	0.66180	-0.96179	-1.61663
1.73198	-1.64590	-0.05441	0.81187	0.54842	0.76056	0.25058	0.70525	-0.39782	-2.92560	-0.30484	-1.60598	-0.61734	-0.16244	0.01017	-1.69671	0.21048	-1.26646	-0.08864	-1.93129	-0.19690	-0.19584	-1.68886	-0.49573	1.06478	-0.85481	1.57182	0.62913	0.36551	-0.26712	0.36329	0.90296	0.33822	-0.26391	1.13467	-1.40621	-0.87684	0.01832	0.36900	-0.40391	-1.37601	-1.21719	0.74971	2.50917	-1.14644	-0.94060	1.72075	1.15262	0.27907	0.38244	0.90716	0.84098	0.58268	-1.08364	-0.14958	1.04524	-0.79285	-0.19252	0.54260	0.37676	1.22453	-0.35153	-0.09155	0.48268
0.69031	0.46199	0.42725	1.89536	-0.82253	-0.30092	1.16930	-0.66948	-1.17059	1.36850	-0.03389	-1.79610	0.44502	-0.28674	0.73819	-0.25145	0.35693	-0.50604	0.64534	1.86470	-0.41027	-0.51528	-0.02507	-1.61886	0.43268	0.47128	-0.85855	-0.56187	1.71750	0.14899	-0.73188	-0.08911	1.46559	0.44580	0.90321	1.25886	-1.84581	-1.11775	-1.66030	0.15399	-1.33014	-1.29274	0.80658	-0.41239	0.60450	0.52120	-0.04212	0.89712	-0.53449	-0.02089	0.55806	-0.74603	-0.04557	-0.72518	-0.04796	0.04584	0.10956	0.13675	-1.93427	0.50241	1.58433	0.80884	0.38250	1.51444
0.45033	-1.38498	0.65527	0.12576	0.53422	-1.85991	0.08252	-0.13152	-0.95615	-1.15137	1.74058	-1.04736	0.47063	-0.69787	0.53157	-0.49210	1.35223	-0.91564	-0.69139	1.03465	-0.71838	-1.54335	0.70099	1.55504	-1.10398	-0.66690	-0.97152	0.86492	-1.54863	0.18698	-1.24323	0.50890	0.24883	-0.23632	1.62973	1.26153	1.14853	-0.30478	0.27317	-0.67184	-0.33727	0.71013	0.50033	-1.56697	0.66823	-0.96850	0.72730	-0.30672	-0.82097	0.18659	-0.49417	1.03869	0.22693	-0.01076	-0.62666	1.20174	-0.17420	1.28851	1.95075	0.74444	-1.21610	1.05910	0.18367	-0.15464
0.86874	-0.34176	-0.46208	-1.65266	-1.41999	-1.03123	0.71408	-1.71754	-1.55033	-0.40785	1.16771	-0.60943	-0.90257	-1.30437	1.59201	-0.55083	1.77761	1.06644	-0.24057	1.27352	-0.67790	-2.07992	0.87201	-0.08471	0.89606	1.31641	0.61870	0.34906	-0.02285	0.37585	-0.82945	0.00172	-0.45679	0.65397	1.57085	0.55690	0.09666	0.77548	0.75793	0.01694	-1.51751	-1.84755	0.52589	1.87680	0.81447	-0.12499	-1.29757	-1.44131	0.53210	1.84312	-0.30212	-1.23567	-1.52093	-1.19490	-0.50406	-0.71237	-0.13205	0.90365	-0.07194	-1.62614	1.35488	0.93050	0.43615	1.61744
0.35062	0.47139	-0.79148	-1.17298	-0.72995	0.78220	-0.02317	0.23362	-1.52993	-1.79032	-2.04391	0.14053	1.21390	0.23202	-0.06502	0.35197	-0.02943	1.10098	-0.58808	-2.58853	-0.11627	-0.91572	-0.81874	2.03752	0.57226	0.36701	0.18091	-0.53326	0.97628	0.75220	-0.11637	-0.81052	-0.09297	-2.70776	-0.59577	-0.07694	-0.31685	-0.76192	0.72031	0.24577	1.29102	1.17433	-0.63588	1.51812	-1.26075	1.31398	1.15117	-0.25544	1.08468	-0.12868	0.98597	0.96679	0.30784	-0.99282	0.88982	0.64596	1.23604	-1.48428	-1.00520	-1.22706	-0.59716	0.24094	0.11976	-0.41187
-0.35145	-1.13018	0.58898	-1.02958	-0.53068	0.51587	0.99217	-0.12732	0.52585	0.30935	1.28621	1.31416	1.01012	-1.25147	0.54281	-0.16384	-1.36075	-1.99430	-1.67812	1.23769	-0.30971	0.14648	1.36428	-0.74772	0.61120	1.92446	-0.09688	0.58595	-0.89940	1.34605	-0.17406	0.07583	1.70415	0.56781	-0.35836	-0.62705	1.13920	0.75593	-0.51065	0.12822	-3.32054	1.46769	-0.52340	-1.08421	0.41798	-1.42564	0.52922	0.93487	1.19834	-0.28310	-0.27198	0.00858	0.16310	-2.26288	0.08913	-1.17055	-0.12314	0.10889	-2.90146	-0.88598	0.75353	-1.96234	-0.98627	0.49689
-0.28190	0.61544	-0.95598	0.41224	-0.48729	-0.96703	-0.70172	-1.62003	0.87493	0.39361	-0.54936	0.56578	-0.95010	-0.44310	1.16598	1.62564	0.16962	-0.78993	0.51226	-0.30583	-0.17206	-0.94825	-0.48851	-1.15033	0.39739	0.29491	-0.34260	0.15642	0.24581	2.15002	1.40470	-1.10585	-0.16611	-0.06173	0.42491	1.28778	-0.61467	-0.38386	-1.28327	1.18067	0.36959	-0.03654	2.14912	0.00545	1.51308	0.39077	1.30836	0.77521	-1.87383	0.61103	-0.99605	-2.29561	1.60834	1.41290	-0.93047	1.38005	0.34856	0.23425	0.03883	0.50000	0.62119	1.23758	0.01249	0.13386
-0.91144	0.23838	-3.06135	-0.47579	2.45114	0.56332	0.32960	0.35409	0.91161	1.07007	-0.89196	0.79529	2.18710	-1.22301	-1.23355	-1.14325	0.33150	-0.62965	-0.91814	2.36611	0.40927	0.01535	0.64566	-0.37614	1.57845	1.19229	1.36438	0.03892	-1.67520	-0.47635	-1.38999	-0.34065	0.92308	0.44023	-0.85026	-1.15299	0.55860	-0.26463	-0.32984	0.11810	1.54140	-1.61914	1.45952	-1.18943	-0.72520	-0.34722	2.06184	1.96267	0.14584	1.05184	0.16967	1.04582	0.02158	1.26148	0.13595	-0.58928	0.08001	-2.12567	0.00323	0.46740	0.79090	0.03735	-0.44952	-0.33566
0.54825	1.30513	-0.62908	0.41668	0.03889	-0.44782	-1.84799	0.65592	0.01047	-1.86972	0.91417	0.60153	-0.67729	-1.05136	0.72010	0.17166	0.06178	-0.57582	0.26594	-0.95441	-1.61435	0.46149	0.10353	-0.74016	0.20142	0.01683	-0.13660	0.14945	-1.78987	1.64471	-0.47902	-0.32119	1.33674	1.52343	-0.66794	-0.13059	0.47092	-1.66454	0.36776	-0.81076	-2.52360	1.37359	-0.06469	1.42419	-0.84045	-0.53098	-0.26170	1.30562	0.52038	-0.53750	0.71223	-0.54085	0.27149	-0.03013	2.57801	-1.67049	1.62210	0.67916	-1.53530	0.01567	-0.06565	-0.34952	-0.49169	0.25209
-0.34084	-0.31523	2.18101	0.71294	0.92609	-0.05198	1.63296	-0.90698	1.74780	0.10483	-0.34647	0.40742	1.78434	-1.11760	0.15907	-0.83061	0.28477	0.76208	-2.09800	0.91624	0.29389	0.89764	-1.53276	-0.71053	1.63551	0.14584	0.97908	0.45444	0.78170	-0.93971	-0.38361	1.70537	-0.60821	1.02814	1.70747	0.49413	2.02865	0.30217	-0.27814	-2.30520	1.20992	-0.86866	-0.56831	0.41264	0.71681	0.71734	-0.26863	1.10520	0.96977	-2.02240	1.81296	0.63945	0.17371	-0.07536	1.83299	-0.86567	0.44485	1.27322	-0.26098	1.73767	0.32181	1.50830	1.59496	-0.43331
1.13446	-0.32839	0.25213	0.25147	-0.78804	2.33124	0.98490	-1.25168	-0.86267	1.25019	-0.43981	-0.22123	0.39698	-1.34255	-0.78182	-0.07315	1.97811	-0.59772	-0.39552	0.84774	0.01948	0.23142	1.25767	-0.57304	0.06533	-1.20555	-1.29857	0.68993	-2.42703	-0.86190	0.83186	-1.20534	0.26565	1.14562	-0.72063	0.80446	-0.87491	0.24729	-1.26433	0.53357	-0.79371	1.20678	1.85105	0.26475	0.69052	1.53743	-1.32528	0.75488	-0.66882	0.13302	0.82470	-2.32269	2.13969	-0.19334	0.27723	-0.04102	-0.25274	-0.59466	-0.78071	-1.98487	-0.71520	-0.81811	0.55677	0.89723
-0.52939	0.46545	0.72882	-1.36164	-0.06134	0.62042	0.35158	-0.61911	1.28356	-0.50049	0.70387	1.84898	-0.06882	-1.67561	1.16164	0.58379	0.66528	-0.65364	0.69144	-0.38445	-0.15794	2.22508	-1.59429	1.04988	1.11116	0.35412	-0.67028	-1.06103	-0.31435	-0.18264	-1.35050	1.05584	0.95401	-0.45906	-0.20441	0.05512	3.03066	-0.39858	-1.48876	0.06554	-1.21571	0.30178	0.27112	0.30673	0.86637	-0.78580	1.98489	0.54666	0.84963	-0.50886	0.07608	0.93919	-0.49969	-0.22845	0.98195	1.17374	-0.72860	1.18362	-0.02747	-2.12001	-1.67286	-0.88811	-1.15926	-1.81908
